;
; File name: 'logo'
; File type: gcode
;

; BEGIN LAYER: 0 START
G1 X160.000 Y390.000
; END LAYER: 0 START

; BEGIN CONNECTOR: 0
G1 X160.000 Y390.000
G1 X160.492 Y374.488
; END CONNECTOR: 0

; BEGIN LAYER: 1 beacon
G1 X160.492 Y374.488
G1 X160.000 Y374.500
G1 X159.485 Y374.487
G1 X158.971 Y374.449
G1 X158.459 Y374.386
G1 X157.952 Y374.298
G1 X157.449 Y374.185
G1 X156.952 Y374.048
G1 X156.463 Y373.886
G1 X155.982 Y373.701
G1 X155.511 Y373.492
G1 X155.050 Y373.260
G1 X154.602 Y373.006
G1 X154.167 Y372.730
G1 X153.745 Y372.434
G1 X153.339 Y372.117
G1 X152.949 Y371.780
G1 X152.575 Y371.425
G1 X152.220 Y371.051
G1 X151.883 Y370.661
G1 X151.566 Y370.255
G1 X151.270 Y369.833
G1 X150.994 Y369.398
G1 X150.740 Y368.950
G1 X150.508 Y368.489
G1 X150.299 Y368.018
G1 X150.114 Y367.537
G1 X149.952 Y367.048
G1 X149.815 Y366.551
G1 X149.702 Y366.048
G1 X149.614 Y365.541
G1 X149.551 Y365.029
G1 X149.513 Y364.515
G1 X149.500 Y364.000
G1 X149.513 Y363.485
G1 X149.551 Y362.971
G1 X149.614 Y362.459
G1 X149.702 Y361.952
G1 X149.815 Y361.449
G1 X149.952 Y360.952
G1 X150.114 Y360.463
G1 X150.299 Y359.982
G1 X150.508 Y359.511
G1 X150.740 Y359.050
G1 X150.994 Y358.602
G1 X151.270 Y358.167
G1 X151.566 Y357.745
G1 X151.883 Y357.339
G1 X152.220 Y356.949
G1 X152.575 Y356.575
G1 X152.949 Y356.220
G1 X153.339 Y355.883
G1 X153.745 Y355.566
G1 X154.167 Y355.270
G1 X154.602 Y354.994
G1 X155.050 Y354.740
G1 X155.511 Y354.508
G1 X155.982 Y354.299
G1 X156.463 Y354.114
G1 X156.952 Y353.952
G1 X157.449 Y353.815
G1 X157.952 Y353.702
G1 X158.459 Y353.614
G1 X158.971 Y353.551
G1 X159.485 Y353.513
G1 X160.000 Y353.500
G1 X160.515 Y353.513
G1 X161.029 Y353.551
G1 X161.541 Y353.614
G1 X162.048 Y353.702
G1 X162.551 Y353.815
G1 X163.048 Y353.952
G1 X163.537 Y354.114
G1 X164.018 Y354.299
G1 X164.489 Y354.508
G1 X164.950 Y354.740
G1 X165.398 Y354.994
G1 X165.833 Y355.270
G1 X166.255 Y355.566
G1 X166.661 Y355.883
G1 X167.051 Y356.220
G1 X167.425 Y356.575
G1 X167.780 Y356.949
G1 X168.117 Y357.339
G1 X168.434 Y357.745
G1 X168.730 Y358.167
G1 X169.006 Y358.602
G1 X169.260 Y359.050
G1 X169.492 Y359.511
G1 X169.701 Y359.982
G1 X169.886 Y360.463
G1 X170.048 Y360.952
G1 X170.185 Y361.449
G1 X170.298 Y361.952
G1 X170.386 Y362.459
G1 X170.449 Y362.971
G1 X170.487 Y363.485
G1 X170.500 Y364.000
G1 X170.487 Y364.515
G1 X170.449 Y365.029
G1 X170.386 Y365.541
G1 X170.298 Y366.048
G1 X170.185 Y366.551
G1 X170.048 Y367.048
G1 X169.886 Y367.537
G1 X169.701 Y368.018
G1 X169.492 Y368.489
G1 X169.260 Y368.950
G1 X169.006 Y369.398
G1 X168.730 Y369.833
G1 X168.434 Y370.255
G1 X168.117 Y370.661
G1 X167.780 Y371.051
G1 X167.425 Y371.425
G1 X167.051 Y371.780
G1 X166.661 Y372.117
G1 X166.255 Y372.434
G1 X165.833 Y372.730
G1 X165.398 Y373.006
G1 X164.950 Y373.260
G1 X164.489 Y373.492
G1 X164.018 Y373.701
G1 X163.537 Y373.886
G1 X163.048 Y374.048
G1 X162.551 Y374.185
G1 X162.048 Y374.298
G1 X161.541 Y374.386
G1 X161.029 Y374.449
G1 X160.515 Y374.487
G1 X160.458 Y374.489
G1 X160.515 Y374.487
G1 X161.029 Y374.449
G1 X161.541 Y374.386
G1 X162.048 Y374.298
G1 X162.551 Y374.185
G1 X163.048 Y374.048
G1 X163.537 Y373.886
G1 X164.018 Y373.701
G1 X164.489 Y373.492
G1 X164.950 Y373.260
G1 X165.398 Y373.006
G1 X165.833 Y372.730
G1 X166.255 Y372.434
G1 X166.661 Y372.117
G1 X167.051 Y371.780
G1 X167.425 Y371.425
G1 X167.780 Y371.051
G1 X168.117 Y370.661
G1 X168.434 Y370.255
G1 X168.730 Y369.833
G1 X169.006 Y369.398
G1 X169.260 Y368.950
G1 X169.492 Y368.489
G1 X169.701 Y368.018
G1 X169.886 Y367.537
G1 X170.048 Y367.048
G1 X170.185 Y366.551
G1 X170.298 Y366.048
G1 X170.386 Y365.541
G1 X170.449 Y365.029
G1 X170.487 Y364.515
G1 X170.500 Y364.000
G1 X170.487 Y363.485
G1 X170.449 Y362.971
G1 X170.386 Y362.459
G1 X170.298 Y361.952
G1 X170.185 Y361.449
G1 X170.048 Y360.952
G1 X169.886 Y360.463
G1 X169.701 Y359.982
G1 X169.492 Y359.511
G1 X169.260 Y359.050
G1 X169.006 Y358.602
G1 X168.730 Y358.167
G1 X168.434 Y357.745
G1 X168.117 Y357.339
G1 X167.780 Y356.949
G1 X167.425 Y356.575
G1 X167.051 Y356.220
G1 X166.661 Y355.883
G1 X166.255 Y355.566
G1 X165.833 Y355.270
G1 X165.398 Y354.994
G1 X164.950 Y354.740
G1 X164.489 Y354.508
G1 X164.386 Y354.462
; END LAYER: 1 beacon

; BEGIN CONNECTOR: 1
G1 X164.386 Y354.462
G1 X164.500 Y353.000
; END CONNECTOR: 1

; BEGIN LAYER: 2 stem
G1 X164.500 Y353.000
G1 X164.500 Y333.000
G1 X155.500 Y333.000
G1 X155.500 Y353.000
G1 X164.500 Y353.000
G1 X155.500 Y353.000
G1 X155.500 Y333.000
; END LAYER: 2 stem

; BEGIN CONNECTOR: 2
G1 X155.500 Y333.000
G1 X156.782 Y332.440
; END CONNECTOR: 2

; BEGIN LAYER: 3 cap
G1 X156.782 Y332.440
G1 X158.013 Y332.479
G1 X160.000 Y332.500
G1 X161.987 Y332.479
G1 X163.970 Y332.416
G1 X165.943 Y332.311
G1 X167.901 Y332.164
G1 X169.841 Y331.976
G1 X171.757 Y331.746
G1 X173.644 Y331.477
G1 X175.499 Y331.168
G1 X177.316 Y330.820
G1 X179.092 Y330.434
G1 X180.821 Y330.010
G1 X182.501 Y329.551
G1 X184.126 Y329.056
G1 X185.693 Y328.528
G1 X187.198 Y327.967
G1 X188.638 Y327.374
G1 X190.009 Y326.752
G1 X191.307 Y326.102
G1 X192.530 Y325.425
G1 X193.675 Y324.722
G1 X194.738 Y323.997
G1 X195.718 Y323.249
G1 X196.612 Y322.482
G1 X197.417 Y321.697
G1 X198.133 Y320.896
G1 X198.756 Y320.080
G1 X199.286 Y319.252
G1 X199.722 Y318.414
G1 X200.062 Y317.568
G1 X200.305 Y316.715
G1 X200.451 Y315.859
G1 X200.500 Y315.000
G1 X200.451 Y314.141
G1 X200.427 Y314.000
G1 X119.573 Y314.000
G1 X119.549 Y314.141
G1 X119.500 Y315.000
G1 X119.549 Y315.859
G1 X119.695 Y316.715
G1 X119.938 Y317.568
G1 X120.278 Y318.414
G1 X120.714 Y319.252
G1 X121.244 Y320.080
G1 X121.867 Y320.896
G1 X122.583 Y321.697
G1 X123.388 Y322.482
G1 X124.282 Y323.249
G1 X125.262 Y323.997
G1 X126.325 Y324.722
G1 X127.470 Y325.425
G1 X128.693 Y326.102
G1 X129.991 Y326.752
G1 X131.362 Y327.374
G1 X132.802 Y327.967
G1 X134.307 Y328.528
G1 X135.874 Y329.056
G1 X137.499 Y329.551
G1 X139.179 Y330.010
G1 X140.908 Y330.434
G1 X142.684 Y330.820
G1 X144.501 Y331.168
G1 X146.356 Y331.477
G1 X148.243 Y331.746
G1 X150.159 Y331.976
G1 X152.099 Y332.164
G1 X154.057 Y332.311
G1 X156.030 Y332.416
G1 X157.206 Y332.453
G1 X156.030 Y332.416
G1 X154.057 Y332.311
G1 X152.099 Y332.164
G1 X150.159 Y331.976
G1 X148.243 Y331.746
G1 X146.356 Y331.477
G1 X144.501 Y331.168
G1 X142.684 Y330.820
G1 X140.908 Y330.434
G1 X139.179 Y330.010
G1 X137.499 Y329.551
G1 X135.874 Y329.056
G1 X134.307 Y328.528
G1 X132.802 Y327.967
G1 X131.362 Y327.374
G1 X129.991 Y326.752
G1 X128.693 Y326.102
G1 X127.470 Y325.425
G1 X126.325 Y324.722
G1 X125.262 Y323.997
G1 X124.282 Y323.249
G1 X123.388 Y322.482
G1 X122.583 Y321.697
G1 X121.867 Y320.896
G1 X121.244 Y320.080
G1 X120.714 Y319.252
G1 X120.278 Y318.414
G1 X119.938 Y317.568
G1 X119.695 Y316.715
G1 X119.549 Y315.859
G1 X119.500 Y315.000
G1 X119.549 Y314.141
G1 X119.573 Y314.000
G1 X120.007 Y314.000
; END LAYER: 3 cap

; BEGIN CONNECTOR: 3
G1 X120.007 Y314.000
G1 X39.000 Y295.000
; END CONNECTOR: 3

; BEGIN LAYER: 4 hat, left connect
G1 X39.000 Y295.000
; END LAYER: 4 hat, left connect

; BEGIN CONNECTOR: 4
G1 X39.000 Y295.000
G1 X38.500 Y294.500
; END CONNECTOR: 4

; BEGIN LAYER: 5 outer body
G1 X38.500 Y294.500
G1 X281.500 Y294.500
G1 X281.500 Y51.500
G1 X38.500 Y51.500
G1 X38.500 Y294.500
G1 X38.500 Y249.500
; END LAYER: 5 outer body

; BEGIN CONNECTOR: 5
G1 X38.500 Y249.500
G1 X46.560 Y249.555
; END CONNECTOR: 5

; BEGIN LAYER: 6 body
G1 X46.560 Y249.555
G1 X46.560 Y248.400
G1 X46.558 Y244.468
G1 X46.558 Y242.501
G1 X46.556 Y238.569
G1 X46.556 Y236.603
G1 X46.553 Y230.705
G1 X46.553 Y228.739
G1 X46.550 Y222.841
G1 X46.550 Y220.875
G1 X46.548 Y216.943
G1 X46.548 Y214.977
G1 X46.545 Y209.079
G1 X46.545 Y207.113
G1 X46.542 Y201.215
G1 X46.542 Y199.249
G1 X46.539 Y193.351
G1 X46.539 Y191.385
G1 X46.538 Y189.419
G1 X46.537 Y187.452
G1 X46.537 Y185.486
G1 X46.534 Y179.588
G1 X46.534 Y177.622
G1 X46.531 Y171.724
G1 X46.531 Y169.758
G1 X46.529 Y165.826
G1 X46.529 Y163.860
G1 X46.526 Y157.962
G1 X46.526 Y155.996
G1 X46.523 Y150.098
G1 X46.523 Y148.132
G1 X46.520 Y142.234
G1 X46.520 Y140.268
G1 X46.518 Y136.336
G1 X46.518 Y134.369
G1 X46.515 Y128.471
G1 X46.515 Y126.505
G1 X46.512 Y120.607
G1 X46.512 Y118.641
G1 X46.510 Y114.709
G1 X46.510 Y112.743
G1 X46.507 Y106.845
G1 X46.507 Y104.879
G1 X46.504 Y98.981
G1 X46.504 Y97.015
G1 X46.501 Y91.117
G1 X46.501 Y89.151
G1 X46.500 Y87.185
G1 X46.630 Y83.076
G1 X47.022 Y80.487
G1 X47.669 Y77.951
G1 X48.567 Y75.491
G1 X49.706 Y73.134
G1 X51.074 Y70.902
G1 X52.659 Y68.818
G1 X54.443 Y66.902
G1 X56.410 Y65.174
G1 X58.540 Y63.652
G1 X60.811 Y62.349
G1 X63.200 Y61.279
G1 X65.685 Y60.454
G1 X68.239 Y59.881
G1 X70.838 Y59.565
G1 X72.804 Y59.564
G1 X74.770 Y59.564
G1 X80.668 Y59.561
G1 X82.634 Y59.561
G1 X88.532 Y59.558
G1 X90.499 Y59.558
G1 X94.431 Y59.556
G1 X96.397 Y59.556
G1 X102.295 Y59.553
G1 X104.261 Y59.553
G1 X110.159 Y59.550
G1 X112.125 Y59.550
G1 X116.057 Y59.548
G1 X118.023 Y59.548
G1 X123.921 Y59.545
G1 X125.887 Y59.545
G1 X131.785 Y59.542
G1 X133.751 Y59.542
G1 X139.649 Y59.539
G1 X141.615 Y59.539
G1 X145.548 Y59.537
G1 X147.514 Y59.537
G1 X153.412 Y59.534
G1 X155.378 Y59.534
G1 X161.276 Y59.531
G1 X163.242 Y59.531
G1 X167.174 Y59.529
G1 X169.140 Y59.529
G1 X175.038 Y59.526
G1 X177.004 Y59.526
G1 X182.902 Y59.523
G1 X184.868 Y59.523
G1 X190.766 Y59.520
G1 X192.732 Y59.520
G1 X196.664 Y59.518
G1 X198.631 Y59.518
G1 X204.529 Y59.515
G1 X206.495 Y59.515
G1 X212.393 Y59.512
G1 X214.359 Y59.512
G1 X218.291 Y59.510
G1 X220.257 Y59.510
G1 X226.155 Y59.507
G1 X228.121 Y59.507
G1 X234.019 Y59.504
G1 X235.985 Y59.504
G1 X241.883 Y59.501
G1 X243.849 Y59.501
G1 X245.815 Y59.500
G1 X249.924 Y59.630
G1 X252.513 Y60.022
G1 X255.049 Y60.669
G1 X257.509 Y61.567
G1 X259.866 Y62.706
G1 X262.098 Y64.074
G1 X264.182 Y65.659
G1 X266.098 Y67.443
G1 X267.826 Y69.410
G1 X269.348 Y71.540
G1 X270.651 Y73.811
G1 X271.721 Y76.200
G1 X272.546 Y78.685
G1 X273.119 Y81.239
G1 X273.435 Y83.838
G1 X273.436 Y85.804
G1 X273.436 Y87.770
G1 X273.439 Y93.668
G1 X273.439 Y95.634
G1 X273.442 Y101.532
G1 X273.442 Y103.499
G1 X273.444 Y107.431
G1 X273.444 Y109.397
G1 X273.447 Y115.295
G1 X273.447 Y117.261
G1 X273.450 Y123.159
G1 X273.450 Y125.125
G1 X273.452 Y129.057
G1 X273.452 Y131.023
G1 X273.455 Y136.921
G1 X273.455 Y138.887
G1 X273.458 Y144.785
G1 X273.458 Y146.751
G1 X273.461 Y152.649
G1 X273.461 Y154.615
G1 X273.462 Y156.581
G1 X273.463 Y158.548
G1 X273.463 Y160.514
G1 X273.466 Y166.412
G1 X273.466 Y168.378
G1 X273.469 Y174.276
G1 X273.469 Y176.242
G1 X273.471 Y180.174
G1 X273.471 Y182.140
G1 X273.474 Y188.038
G1 X273.474 Y190.004
G1 X273.477 Y195.902
G1 X273.477 Y197.868
G1 X273.480 Y203.766
G1 X273.480 Y205.732
G1 X273.482 Y209.664
G1 X273.482 Y211.631
G1 X273.485 Y217.529
G1 X273.485 Y219.495
G1 X273.488 Y225.393
G1 X273.488 Y227.359
G1 X273.490 Y231.291
G1 X273.490 Y233.257
G1 X273.493 Y239.155
G1 X273.493 Y241.121
G1 X273.496 Y247.019
G1 X273.496 Y248.985
G1 X273.499 Y254.883
G1 X273.499 Y256.849
G1 X273.500 Y258.815
G1 X273.370 Y262.924
G1 X272.978 Y265.513
G1 X272.331 Y268.049
G1 X271.433 Y270.509
G1 X270.294 Y272.866
G1 X268.926 Y275.098
G1 X267.341 Y277.182
G1 X265.557 Y279.098
G1 X263.590 Y280.826
G1 X261.460 Y282.348
G1 X259.189 Y283.651
G1 X256.800 Y284.721
G1 X254.315 Y285.546
G1 X251.761 Y286.119
G1 X249.162 Y286.435
G1 X247.196 Y286.436
G1 X245.230 Y286.436
G1 X239.332 Y286.439
G1 X237.366 Y286.439
G1 X231.468 Y286.442
G1 X229.501 Y286.442
G1 X225.569 Y286.444
G1 X223.603 Y286.444
G1 X217.705 Y286.447
G1 X215.739 Y286.447
G1 X209.841 Y286.450
G1 X207.875 Y286.450
G1 X203.943 Y286.452
G1 X201.977 Y286.452
G1 X196.079 Y286.455
G1 X194.113 Y286.455
G1 X188.215 Y286.458
G1 X186.249 Y286.458
G1 X180.351 Y286.461
G1 X178.385 Y286.461
G1 X174.452 Y286.463
G1 X172.486 Y286.463
G1 X166.588 Y286.466
G1 X164.622 Y286.466
G1 X158.724 Y286.469
G1 X156.758 Y286.469
G1 X152.826 Y286.471
G1 X150.860 Y286.471
G1 X144.962 Y286.474
G1 X142.996 Y286.474
G1 X137.098 Y286.477
G1 X135.132 Y286.477
G1 X129.234 Y286.480
G1 X127.268 Y286.480
G1 X123.336 Y286.482
G1 X121.369 Y286.482
G1 X115.471 Y286.485
G1 X113.505 Y286.485
G1 X107.607 Y286.488
G1 X105.641 Y286.488
G1 X101.709 Y286.490
G1 X99.743 Y286.490
G1 X93.845 Y286.493
G1 X91.879 Y286.493
G1 X85.981 Y286.496
G1 X84.015 Y286.496
G1 X78.117 Y286.499
G1 X76.151 Y286.499
G1 X74.185 Y286.500
G1 X70.076 Y286.370
G1 X67.487 Y285.978
G1 X64.951 Y285.331
G1 X62.491 Y284.433
G1 X60.134 Y283.294
G1 X57.902 Y281.926
G1 X55.818 Y280.341
G1 X53.902 Y278.557
G1 X52.174 Y276.590
G1 X50.652 Y274.460
G1 X49.349 Y272.189
G1 X48.279 Y269.800
G1 X47.454 Y267.315
G1 X46.881 Y264.761
G1 X46.565 Y262.162
G1 X46.564 Y260.196
G1 X46.564 Y258.230
G1 X46.561 Y252.332
G1 X46.561 Y250.366
G1 X46.560 Y249.517
; END LAYER: 6 body

; BEGIN CONNECTOR: 6
G1 X46.560 Y249.517
G1 X137.000 Y249.000
; END CONNECTOR: 6

; BEGIN LAYER: 7 nose
G1 X137.000 Y249.000
; END LAYER: 7 nose

; BEGIN CONNECTOR: 7
G1 X137.000 Y249.000
G1 X136.299 Y217.959
; END CONNECTOR: 7

; BEGIN LAYER: 8 left eye
G1 X136.299 Y217.959
G1 X136.011 Y219.476
G1 X135.579 Y221.321
G1 X135.071 Y223.139
G1 X134.488 Y224.925
G1 X133.832 Y226.675
G1 X133.103 Y228.384
G1 X132.305 Y230.050
G1 X131.438 Y231.667
G1 X130.506 Y233.232
G1 X129.509 Y234.741
G1 X128.451 Y236.191
G1 X127.335 Y237.577
G1 X126.161 Y238.897
G1 X124.935 Y240.147
G1 X123.658 Y241.325
G1 X122.334 Y242.427
G1 X120.965 Y243.451
G1 X119.556 Y244.395
G1 X118.109 Y245.256
G1 X116.629 Y246.031
G1 X115.117 Y246.720
G1 X113.579 Y247.321
G1 X112.018 Y247.831
G1 X110.438 Y248.251
G1 X108.842 Y248.578
G1 X107.235 Y248.812
G1 X105.619 Y248.953
G1 X104.000 Y249.000
G1 X102.381 Y248.953
G1 X100.765 Y248.812
G1 X99.158 Y248.578
G1 X97.562 Y248.251
G1 X95.982 Y247.831
G1 X94.421 Y247.321
G1 X92.883 Y246.720
G1 X91.371 Y246.031
G1 X89.891 Y245.256
G1 X88.444 Y244.395
G1 X87.035 Y243.451
G1 X85.666 Y242.427
G1 X84.342 Y241.325
G1 X83.065 Y240.147
G1 X81.839 Y238.897
G1 X80.665 Y237.577
G1 X79.549 Y236.191
G1 X78.491 Y234.741
G1 X77.494 Y233.232
G1 X76.562 Y231.667
G1 X75.695 Y230.050
G1 X74.897 Y228.384
G1 X74.168 Y226.675
G1 X73.512 Y224.925
G1 X72.929 Y223.139
G1 X72.421 Y221.321
G1 X71.989 Y219.476
G1 X71.634 Y217.609
G1 X71.357 Y215.722
G1 X71.159 Y213.823
G1 X71.040 Y211.914
G1 X71.000 Y210.000
G1 X71.036 Y208.283
; END LAYER: 8 left eye

; BEGIN CONNECTOR: 8
G1 X71.036 Y208.283
G1 X78.503 Y209.157
; END CONNECTOR: 8

; BEGIN LAYER: 9 left inner eye
G1 X78.503 Y209.157
G1 X78.500 Y209.000
G1 X78.520 Y207.822
G1 X78.579 Y206.648
G1 X78.679 Y205.478
G1 X78.817 Y204.318
G1 X78.994 Y203.168
G1 X79.210 Y202.033
G1 X79.465 Y200.915
G1 X79.756 Y199.816
G1 X80.084 Y198.739
G1 X80.448 Y197.686
G1 X80.847 Y196.662
G1 X81.281 Y195.666
G1 X81.747 Y194.703
G1 X82.245 Y193.775
G1 X82.774 Y192.883
G1 X83.333 Y192.029
G1 X83.919 Y191.217
G1 X84.533 Y190.448
G1 X85.171 Y189.723
G1 X85.833 Y189.045
G1 X86.517 Y188.415
G1 X87.222 Y187.834
G1 X87.945 Y187.304
G1 X88.686 Y186.827
G1 X89.441 Y186.403
G1 X90.210 Y186.033
G1 X90.991 Y185.719
G1 X91.781 Y185.461
G1 X92.579 Y185.260
G1 X93.383 Y185.116
G1 X94.190 Y185.029
G1 X95.000 Y185.000
G1 X95.810 Y185.029
G1 X96.617 Y185.116
G1 X97.421 Y185.260
G1 X98.219 Y185.461
G1 X99.009 Y185.719
G1 X99.790 Y186.033
G1 X100.559 Y186.403
G1 X101.314 Y186.827
G1 X102.055 Y187.304
G1 X102.778 Y187.834
G1 X103.483 Y188.415
G1 X104.167 Y189.045
G1 X104.829 Y189.723
G1 X105.467 Y190.448
G1 X106.081 Y191.217
G1 X106.667 Y192.029
G1 X107.226 Y192.883
G1 X107.755 Y193.775
G1 X108.253 Y194.703
G1 X108.719 Y195.666
G1 X109.153 Y196.662
G1 X109.552 Y197.686
G1 X109.916 Y198.739
G1 X110.244 Y199.816
G1 X110.535 Y200.915
G1 X110.790 Y202.033
G1 X111.006 Y203.168
G1 X111.183 Y204.318
G1 X111.321 Y205.478
G1 X111.421 Y206.648
G1 X111.480 Y207.822
G1 X111.500 Y209.000
G1 X111.480 Y210.178
G1 X111.421 Y211.352
G1 X111.321 Y212.522
G1 X111.183 Y213.682
G1 X111.006 Y214.832
G1 X110.790 Y215.967
G1 X110.535 Y217.085
G1 X110.244 Y218.184
G1 X109.916 Y219.261
G1 X109.552 Y220.314
G1 X109.153 Y221.338
G1 X108.719 Y222.334
G1 X108.253 Y223.297
G1 X107.755 Y224.225
G1 X107.226 Y225.117
G1 X106.667 Y225.971
G1 X106.081 Y226.783
G1 X105.467 Y227.552
G1 X104.829 Y228.277
G1 X104.167 Y228.955
G1 X103.483 Y229.585
G1 X102.778 Y230.166
G1 X102.055 Y230.696
G1 X101.314 Y231.173
G1 X100.559 Y231.597
G1 X99.790 Y231.967
G1 X99.009 Y232.281
G1 X98.219 Y232.539
G1 X97.421 Y232.740
G1 X96.617 Y232.884
G1 X95.810 Y232.971
G1 X95.000 Y233.000
G1 X94.190 Y232.971
G1 X93.383 Y232.884
G1 X92.579 Y232.740
G1 X91.781 Y232.539
G1 X90.991 Y232.281
G1 X90.210 Y231.967
G1 X89.441 Y231.597
G1 X88.686 Y231.173
G1 X87.945 Y230.696
G1 X87.222 Y230.166
G1 X86.517 Y229.585
G1 X85.833 Y228.955
G1 X85.171 Y228.277
G1 X84.533 Y227.552
G1 X83.919 Y226.783
G1 X83.333 Y225.971
G1 X82.774 Y225.117
G1 X82.245 Y224.225
G1 X81.747 Y223.297
G1 X81.281 Y222.334
G1 X80.847 Y221.338
G1 X80.448 Y220.314
G1 X80.084 Y219.261
G1 X79.756 Y218.184
G1 X79.465 Y217.085
G1 X79.210 Y215.967
G1 X78.994 Y214.832
G1 X78.817 Y213.682
G1 X78.679 Y212.522
G1 X78.579 Y211.352
G1 X78.520 Y210.178
G1 X78.508 Y209.472
; END LAYER: 9 left inner eye

; BEGIN CONNECTOR: 9
G1 X78.508 Y209.472
G1 X71.015 Y209.283
; END CONNECTOR: 9

; BEGIN LAYER: 10 left eye
G1 X71.015 Y209.283
G1 X71.040 Y208.086
G1 X71.159 Y206.177
G1 X71.357 Y204.278
G1 X71.634 Y202.391
G1 X71.989 Y200.524
G1 X72.421 Y198.679
G1 X72.929 Y196.861
G1 X73.512 Y195.075
G1 X74.168 Y193.325
G1 X74.897 Y191.616
G1 X75.695 Y189.950
G1 X76.562 Y188.333
G1 X77.494 Y186.768
G1 X78.491 Y185.259
G1 X79.549 Y183.809
G1 X80.665 Y182.423
G1 X81.839 Y181.103
G1 X83.065 Y179.853
G1 X84.342 Y178.675
G1 X85.666 Y177.573
G1 X87.035 Y176.549
G1 X88.444 Y175.605
G1 X89.891 Y174.744
G1 X91.371 Y173.969
G1 X92.883 Y173.280
G1 X94.421 Y172.679
G1 X95.982 Y172.169
G1 X97.562 Y171.749
G1 X99.158 Y171.422
G1 X100.765 Y171.188
G1 X102.381 Y171.047
G1 X104.000 Y171.000
G1 X105.619 Y171.047
G1 X107.235 Y171.188
G1 X108.842 Y171.422
G1 X110.438 Y171.749
G1 X112.018 Y172.169
G1 X113.579 Y172.679
G1 X115.117 Y173.280
G1 X116.629 Y173.969
G1 X118.109 Y174.744
G1 X119.556 Y175.605
G1 X120.965 Y176.549
G1 X122.334 Y177.573
G1 X123.658 Y178.675
G1 X124.935 Y179.853
G1 X126.161 Y181.103
G1 X127.335 Y182.423
G1 X128.451 Y183.809
G1 X129.509 Y185.259
G1 X130.506 Y186.768
G1 X131.438 Y188.333
G1 X132.305 Y189.950
G1 X133.103 Y191.616
G1 X133.832 Y193.325
G1 X134.488 Y195.075
G1 X135.071 Y196.861
G1 X135.579 Y198.679
G1 X136.011 Y200.524
G1 X136.366 Y202.391
G1 X136.643 Y204.278
G1 X136.841 Y206.177
G1 X136.960 Y208.086
G1 X137.000 Y210.000
G1 X136.960 Y211.914
G1 X136.841 Y213.823
G1 X136.643 Y215.722
G1 X136.366 Y217.609
G1 X136.218 Y218.387
; END LAYER: 10 left eye

; BEGIN CONNECTOR: 10
G1 X136.218 Y218.387
G1 X137.000 Y173.000
; END CONNECTOR: 10

; BEGIN LAYER: 11 nose
G1 X137.000 Y173.000
; END LAYER: 11 nose

; BEGIN CONNECTOR: 11
G1 X137.000 Y173.000
G1 X183.000 Y173.000
; END CONNECTOR: 11

; BEGIN LAYER: 12 nose
G1 X183.000 Y173.000
; END LAYER: 12 nose

; BEGIN CONNECTOR: 12
G1 X183.000 Y173.000
G1 X183.206 Y214.276
; END CONNECTOR: 12

; BEGIN LAYER: 13 right eye
G1 X183.206 Y214.276
G1 X183.159 Y213.823
G1 X183.040 Y211.914
G1 X183.000 Y210.000
G1 X183.040 Y208.086
G1 X183.159 Y206.177
G1 X183.357 Y204.278
G1 X183.634 Y202.391
G1 X183.989 Y200.524
G1 X184.421 Y198.679
G1 X184.929 Y196.861
G1 X185.512 Y195.075
G1 X186.168 Y193.325
G1 X186.897 Y191.616
G1 X187.695 Y189.950
G1 X188.562 Y188.333
G1 X189.494 Y186.768
G1 X190.491 Y185.259
G1 X191.549 Y183.809
G1 X192.665 Y182.423
G1 X193.839 Y181.103
G1 X195.065 Y179.853
G1 X196.342 Y178.675
G1 X197.666 Y177.573
G1 X199.035 Y176.549
G1 X200.444 Y175.605
G1 X201.891 Y174.744
G1 X203.371 Y173.969
G1 X204.883 Y173.280
G1 X206.421 Y172.679
G1 X207.982 Y172.169
G1 X209.562 Y171.749
G1 X211.158 Y171.422
G1 X212.765 Y171.188
G1 X214.381 Y171.047
G1 X216.000 Y171.000
G1 X217.619 Y171.047
G1 X219.235 Y171.188
G1 X220.842 Y171.422
G1 X222.438 Y171.749
G1 X224.018 Y172.169
G1 X225.579 Y172.679
G1 X227.117 Y173.280
G1 X228.629 Y173.969
G1 X230.109 Y174.744
G1 X231.556 Y175.605
G1 X232.965 Y176.549
G1 X234.334 Y177.573
G1 X235.658 Y178.675
G1 X236.935 Y179.853
G1 X238.161 Y181.103
G1 X239.335 Y182.423
G1 X240.451 Y183.809
G1 X241.509 Y185.259
G1 X242.506 Y186.768
G1 X243.438 Y188.333
G1 X244.305 Y189.950
G1 X245.103 Y191.616
G1 X245.832 Y193.325
G1 X246.488 Y195.075
G1 X247.071 Y196.861
G1 X247.579 Y198.679
G1 X248.011 Y200.524
G1 X248.366 Y202.391
G1 X248.643 Y204.278
G1 X248.841 Y206.177
G1 X248.960 Y208.086
G1 X249.000 Y210.000
G1 X248.960 Y211.914
G1 X248.841 Y213.823
G1 X248.643 Y215.722
G1 X248.366 Y217.609
G1 X248.011 Y219.476
G1 X247.579 Y221.321
G1 X247.071 Y223.139
G1 X246.488 Y224.925
G1 X245.832 Y226.675
G1 X245.103 Y228.384
G1 X244.305 Y230.050
G1 X243.438 Y231.667
G1 X242.506 Y233.232
G1 X241.509 Y234.741
G1 X240.451 Y236.191
G1 X239.335 Y237.577
G1 X238.161 Y238.897
G1 X236.935 Y240.147
G1 X235.658 Y241.325
G1 X234.334 Y242.427
G1 X232.965 Y243.451
G1 X231.556 Y244.395
G1 X230.109 Y245.256
G1 X228.629 Y246.031
G1 X227.117 Y246.720
G1 X225.579 Y247.321
G1 X224.018 Y247.831
G1 X222.438 Y248.251
G1 X220.842 Y248.578
G1 X219.235 Y248.812
G1 X217.619 Y248.953
G1 X216.000 Y249.000
G1 X214.381 Y248.953
G1 X212.765 Y248.812
G1 X211.158 Y248.578
G1 X209.562 Y248.251
G1 X207.982 Y247.831
G1 X206.421 Y247.321
G1 X204.883 Y246.720
G1 X203.371 Y246.031
G1 X201.891 Y245.256
G1 X200.444 Y244.395
G1 X199.035 Y243.451
G1 X197.666 Y242.427
G1 X196.342 Y241.325
G1 X195.065 Y240.147
G1 X193.839 Y238.897
G1 X192.665 Y237.577
G1 X191.549 Y236.191
G1 X190.491 Y234.741
G1 X189.494 Y233.232
G1 X188.562 Y231.667
G1 X187.695 Y230.050
G1 X186.897 Y228.384
G1 X186.168 Y226.675
G1 X185.512 Y224.925
G1 X184.929 Y223.139
G1 X184.421 Y221.321
G1 X183.989 Y219.476
G1 X183.634 Y217.609
G1 X183.357 Y215.722
G1 X183.161 Y213.843
; END LAYER: 13 right eye

; BEGIN CONNECTOR: 13
G1 X183.161 Y213.843
G1 X190.887 Y214.138
; END CONNECTOR: 13

; BEGIN LAYER: 14 right inner eye
G1 X190.887 Y214.138
G1 X190.817 Y213.682
G1 X190.679 Y212.522
G1 X190.579 Y211.352
G1 X190.520 Y210.178
G1 X190.500 Y209.000
G1 X190.520 Y207.822
G1 X190.579 Y206.648
G1 X190.679 Y205.478
G1 X190.817 Y204.318
G1 X190.994 Y203.168
G1 X191.210 Y202.033
G1 X191.465 Y200.915
G1 X191.756 Y199.816
G1 X192.084 Y198.739
G1 X192.448 Y197.686
G1 X192.847 Y196.662
G1 X193.281 Y195.666
G1 X193.747 Y194.703
G1 X194.245 Y193.775
G1 X194.774 Y192.883
G1 X195.333 Y192.029
G1 X195.919 Y191.217
G1 X196.533 Y190.448
G1 X197.171 Y189.723
G1 X197.833 Y189.045
G1 X198.517 Y188.415
G1 X199.222 Y187.834
G1 X199.945 Y187.304
G1 X200.686 Y186.827
G1 X201.441 Y186.403
G1 X202.210 Y186.033
G1 X202.991 Y185.719
G1 X203.781 Y185.461
G1 X204.579 Y185.260
G1 X205.383 Y185.116
G1 X206.190 Y185.029
G1 X207.000 Y185.000
G1 X207.810 Y185.029
G1 X208.617 Y185.116
G1 X209.421 Y185.260
G1 X210.219 Y185.461
G1 X211.009 Y185.719
G1 X211.790 Y186.033
G1 X212.559 Y186.403
G1 X213.314 Y186.827
G1 X214.055 Y187.304
G1 X214.778 Y187.834
G1 X215.483 Y188.415
G1 X216.167 Y189.045
G1 X216.829 Y189.723
G1 X217.467 Y190.448
G1 X218.081 Y191.217
G1 X218.667 Y192.029
G1 X219.226 Y192.883
G1 X219.755 Y193.775
G1 X220.253 Y194.703
G1 X220.719 Y195.666
G1 X221.153 Y196.662
G1 X221.552 Y197.686
G1 X221.916 Y198.739
G1 X222.244 Y199.816
G1 X222.535 Y200.915
G1 X222.790 Y202.033
G1 X223.006 Y203.168
G1 X223.183 Y204.318
G1 X223.321 Y205.478
G1 X223.421 Y206.648
G1 X223.480 Y207.822
G1 X223.500 Y209.000
G1 X223.480 Y210.178
G1 X223.421 Y211.352
G1 X223.321 Y212.522
G1 X223.183 Y213.682
G1 X223.006 Y214.832
G1 X222.790 Y215.967
G1 X222.535 Y217.085
G1 X222.244 Y218.184
G1 X221.916 Y219.261
G1 X221.552 Y220.314
G1 X221.153 Y221.338
G1 X220.719 Y222.334
G1 X220.253 Y223.297
G1 X219.755 Y224.225
G1 X219.226 Y225.117
G1 X218.667 Y225.971
G1 X218.081 Y226.783
G1 X217.467 Y227.552
G1 X216.829 Y228.277
G1 X216.167 Y228.955
G1 X215.483 Y229.585
G1 X214.778 Y230.166
G1 X214.055 Y230.696
G1 X213.314 Y231.173
G1 X212.559 Y231.597
G1 X211.790 Y231.967
G1 X211.009 Y232.281
G1 X210.219 Y232.539
G1 X209.421 Y232.740
G1 X208.617 Y232.884
G1 X207.810 Y232.971
G1 X207.000 Y233.000
G1 X206.190 Y232.971
G1 X205.383 Y232.884
G1 X204.579 Y232.740
G1 X203.781 Y232.539
G1 X202.991 Y232.281
G1 X202.210 Y231.967
G1 X201.441 Y231.597
G1 X200.686 Y231.173
G1 X199.945 Y230.696
G1 X199.222 Y230.166
G1 X198.517 Y229.585
G1 X197.833 Y228.955
G1 X197.171 Y228.277
G1 X196.533 Y227.552
G1 X195.919 Y226.783
G1 X195.333 Y225.971
G1 X194.774 Y225.117
G1 X194.245 Y224.225
G1 X193.747 Y223.297
G1 X193.281 Y222.334
G1 X192.847 Y221.338
G1 X192.448 Y220.314
G1 X192.084 Y219.261
G1 X191.756 Y218.184
G1 X191.465 Y217.085
G1 X191.210 Y215.967
G1 X190.994 Y214.832
G1 X190.935 Y214.449
; END LAYER: 14 right inner eye

; BEGIN CONNECTOR: 14
G1 X190.935 Y214.449
G1 X183.000 Y214.000
; END CONNECTOR: 14

; BEGIN LAYER: 15 nose
G1 X183.000 Y214.000
; END LAYER: 15 nose

; BEGIN CONNECTOR: 15
G1 X183.000 Y214.000
G1 X183.000 Y249.000
; END CONNECTOR: 15

; BEGIN LAYER: 16 nose
G1 X183.000 Y249.000
; END LAYER: 16 nose

; BEGIN CONNECTOR: 16
G1 X183.000 Y249.000
G1 X273.000 Y249.000
; END CONNECTOR: 16

; BEGIN LAYER: 17 nose
G1 X273.000 Y249.000
; END LAYER: 17 nose

; BEGIN CONNECTOR: 17
G1 X273.000 Y249.000
G1 X273.370 Y262.924
; END CONNECTOR: 17

; BEGIN LAYER: 18 body
G1 X273.370 Y262.924
G1 X272.978 Y265.513
G1 X272.331 Y268.049
G1 X272.069 Y268.767
; END LAYER: 18 body

; BEGIN CONNECTOR: 18
G1 X272.069 Y268.767
G1 X258.000 Y269.000
; END CONNECTOR: 18

; BEGIN LAYER: 19 nose bead
G1 X258.000 Y269.000
G1 X257.992 Y269.393
G1 X257.966 Y269.784
G1 X257.924 Y270.174
G1 X257.865 Y270.561
G1 X257.790 Y270.944
G1 X257.699 Y271.322
G1 X257.591 Y271.695
G1 X257.467 Y272.061
G1 X257.328 Y272.420
G1 X257.173 Y272.771
G1 X257.004 Y273.113
G1 X256.820 Y273.445
G1 X256.622 Y273.766
G1 X256.411 Y274.075
G1 X256.187 Y274.372
G1 X255.950 Y274.657
G1 X255.701 Y274.928
G1 X255.441 Y275.184
G1 X255.170 Y275.426
G1 X254.889 Y275.652
G1 X254.599 Y275.862
G1 X254.300 Y276.055
G1 X253.993 Y276.232
G1 X253.679 Y276.391
G1 X253.358 Y276.532
G1 X253.032 Y276.656
G1 X252.701 Y276.760
G1 X252.366 Y276.846
G1 X252.027 Y276.913
G1 X251.686 Y276.961
G1 X251.343 Y276.990
G1 X251.000 Y277.000
G1 X250.657 Y276.990
G1 X250.314 Y276.961
G1 X249.973 Y276.913
G1 X249.634 Y276.846
G1 X249.299 Y276.760
G1 X248.968 Y276.656
G1 X248.642 Y276.532
G1 X248.321 Y276.391
G1 X248.007 Y276.232
G1 X247.700 Y276.055
G1 X247.401 Y275.862
G1 X247.111 Y275.652
G1 X246.830 Y275.426
G1 X246.559 Y275.184
G1 X246.299 Y274.928
G1 X246.050 Y274.657
G1 X245.813 Y274.372
G1 X245.589 Y274.075
G1 X245.378 Y273.766
G1 X245.180 Y273.445
G1 X244.996 Y273.113
G1 X244.827 Y272.771
G1 X244.672 Y272.420
G1 X244.533 Y272.061
G1 X244.409 Y271.695
G1 X244.301 Y271.322
G1 X244.210 Y270.944
G1 X244.135 Y270.561
G1 X244.076 Y270.174
G1 X244.034 Y269.784
G1 X244.008 Y269.393
G1 X244.000 Y269.000
G1 X244.008 Y268.607
G1 X244.034 Y268.216
G1 X244.076 Y267.826
G1 X244.135 Y267.439
G1 X244.210 Y267.056
G1 X244.301 Y266.678
G1 X244.409 Y266.305
G1 X244.533 Y265.939
G1 X244.672 Y265.580
G1 X244.827 Y265.229
G1 X244.996 Y264.887
G1 X245.180 Y264.555
G1 X245.378 Y264.234
G1 X245.589 Y263.925
G1 X245.813 Y263.628
G1 X246.050 Y263.343
G1 X246.299 Y263.072
G1 X246.559 Y262.816
G1 X246.830 Y262.574
G1 X247.111 Y262.348
G1 X247.401 Y262.138
G1 X247.700 Y261.945
G1 X248.007 Y261.768
G1 X248.321 Y261.609
G1 X248.642 Y261.468
G1 X248.968 Y261.344
G1 X249.299 Y261.240
G1 X249.634 Y261.154
G1 X249.973 Y261.087
G1 X250.314 Y261.039
G1 X250.657 Y261.010
G1 X251.000 Y261.000
G1 X251.343 Y261.010
G1 X251.686 Y261.039
G1 X252.027 Y261.087
G1 X252.366 Y261.154
G1 X252.701 Y261.240
G1 X253.032 Y261.344
G1 X253.358 Y261.468
G1 X253.679 Y261.609
G1 X253.993 Y261.768
G1 X254.300 Y261.945
G1 X254.599 Y262.138
G1 X254.889 Y262.348
G1 X255.170 Y262.574
G1 X255.441 Y262.816
G1 X255.701 Y263.072
G1 X255.950 Y263.343
G1 X256.187 Y263.628
G1 X256.411 Y263.925
G1 X256.622 Y264.234
G1 X256.820 Y264.555
G1 X257.004 Y264.887
G1 X257.173 Y265.229
G1 X257.328 Y265.580
G1 X257.467 Y265.939
G1 X257.591 Y266.305
G1 X257.699 Y266.678
G1 X257.790 Y267.056
G1 X257.865 Y267.439
G1 X257.924 Y267.826
G1 X257.966 Y268.216
G1 X257.992 Y268.607
G1 X257.996 Y268.829
G1 X257.992 Y268.607
G1 X257.966 Y268.216
G1 X257.924 Y267.826
G1 X257.865 Y267.439
G1 X257.790 Y267.056
G1 X257.699 Y266.678
G1 X257.591 Y266.305
G1 X257.467 Y265.939
G1 X257.328 Y265.580
G1 X257.173 Y265.229
G1 X257.004 Y264.887
G1 X256.820 Y264.555
G1 X256.622 Y264.234
G1 X256.411 Y263.925
G1 X256.187 Y263.628
G1 X255.950 Y263.343
G1 X255.701 Y263.072
G1 X255.441 Y262.816
G1 X255.170 Y262.574
G1 X254.889 Y262.348
G1 X254.599 Y262.138
G1 X254.300 Y261.945
G1 X253.993 Y261.768
G1 X253.679 Y261.609
G1 X253.358 Y261.468
G1 X253.032 Y261.344
G1 X252.701 Y261.240
G1 X252.366 Y261.154
G1 X252.027 Y261.087
G1 X251.686 Y261.039
G1 X251.343 Y261.010
G1 X251.000 Y261.000
G1 X250.657 Y261.010
G1 X250.314 Y261.039
G1 X249.973 Y261.087
G1 X249.634 Y261.154
G1 X249.299 Y261.240
G1 X248.968 Y261.344
G1 X248.642 Y261.468
G1 X248.321 Y261.609
G1 X248.007 Y261.768
G1 X247.700 Y261.945
G1 X247.401 Y262.138
G1 X247.111 Y262.348
G1 X246.830 Y262.574
G1 X246.559 Y262.816
G1 X246.299 Y263.072
G1 X246.050 Y263.343
G1 X245.813 Y263.628
G1 X245.589 Y263.925
G1 X245.378 Y264.234
G1 X245.180 Y264.555
G1 X244.996 Y264.887
G1 X244.827 Y265.229
G1 X244.672 Y265.580
G1 X244.533 Y265.939
G1 X244.409 Y266.305
G1 X244.301 Y266.678
G1 X244.210 Y267.056
G1 X244.135 Y267.439
G1 X244.076 Y267.826
G1 X244.034 Y268.216
G1 X244.010 Y268.586
; END LAYER: 19 nose bead

; BEGIN CONNECTOR: 19
G1 X244.010 Y268.586
G1 X228.000 Y269.000
; END CONNECTOR: 19

; BEGIN LAYER: 20 nose bead
G1 X228.000 Y269.000
G1 X227.992 Y269.368
G1 X227.966 Y269.735
G1 X227.924 Y270.100
G1 X227.865 Y270.463
G1 X227.790 Y270.822
G1 X227.699 Y271.177
G1 X227.591 Y271.527
G1 X227.467 Y271.870
G1 X227.328 Y272.207
G1 X227.173 Y272.535
G1 X227.004 Y272.856
G1 X226.820 Y273.167
G1 X226.622 Y273.468
G1 X226.411 Y273.758
G1 X226.187 Y274.037
G1 X225.950 Y274.303
G1 X225.701 Y274.557
G1 X225.441 Y274.798
G1 X225.170 Y275.024
G1 X224.889 Y275.236
G1 X224.599 Y275.433
G1 X224.300 Y275.614
G1 X223.993 Y275.780
G1 X223.679 Y275.929
G1 X223.358 Y276.062
G1 X223.032 Y276.177
G1 X222.701 Y276.275
G1 X222.366 Y276.356
G1 X222.027 Y276.419
G1 X221.686 Y276.464
G1 X221.343 Y276.491
G1 X221.000 Y276.500
G1 X220.657 Y276.491
G1 X220.314 Y276.464
G1 X219.973 Y276.419
G1 X219.634 Y276.356
G1 X219.299 Y276.275
G1 X218.968 Y276.177
G1 X218.642 Y276.062
G1 X218.321 Y275.929
G1 X218.007 Y275.780
G1 X217.700 Y275.614
G1 X217.401 Y275.433
G1 X217.111 Y275.236
G1 X216.830 Y275.024
G1 X216.559 Y274.798
G1 X216.299 Y274.557
G1 X216.050 Y274.303
G1 X215.813 Y274.037
G1 X215.589 Y273.758
G1 X215.378 Y273.468
G1 X215.180 Y273.167
G1 X214.996 Y272.856
G1 X214.827 Y272.535
G1 X214.672 Y272.207
G1 X214.533 Y271.870
G1 X214.409 Y271.527
G1 X214.301 Y271.177
G1 X214.210 Y270.822
G1 X214.135 Y270.463
G1 X214.076 Y270.100
G1 X214.034 Y269.735
G1 X214.008 Y269.368
G1 X214.000 Y269.000
G1 X214.008 Y268.632
G1 X214.034 Y268.265
G1 X214.076 Y267.900
G1 X214.135 Y267.537
G1 X214.210 Y267.178
G1 X214.301 Y266.823
G1 X214.409 Y266.473
G1 X214.533 Y266.130
G1 X214.672 Y265.793
G1 X214.827 Y265.465
G1 X214.996 Y265.144
G1 X215.180 Y264.833
G1 X215.378 Y264.532
G1 X215.589 Y264.242
G1 X215.813 Y263.963
G1 X216.050 Y263.697
G1 X216.299 Y263.443
G1 X216.559 Y263.202
G1 X216.830 Y262.976
G1 X217.111 Y262.764
G1 X217.401 Y262.567
G1 X217.700 Y262.386
G1 X218.007 Y262.220
G1 X218.321 Y262.071
G1 X218.642 Y261.938
G1 X218.968 Y261.823
G1 X219.299 Y261.725
G1 X219.634 Y261.644
G1 X219.973 Y261.581
G1 X220.314 Y261.536
G1 X220.657 Y261.509
G1 X221.000 Y261.500
G1 X221.343 Y261.509
G1 X221.686 Y261.536
G1 X222.027 Y261.581
G1 X222.366 Y261.644
G1 X222.701 Y261.725
G1 X223.032 Y261.823
G1 X223.358 Y261.938
G1 X223.679 Y262.071
G1 X223.993 Y262.220
G1 X224.300 Y262.386
G1 X224.599 Y262.567
G1 X224.889 Y262.764
G1 X225.170 Y262.976
G1 X225.441 Y263.202
G1 X225.701 Y263.443
G1 X225.950 Y263.697
G1 X226.187 Y263.963
G1 X226.411 Y264.242
G1 X226.622 Y264.532
G1 X226.820 Y264.833
G1 X227.004 Y265.144
G1 X227.173 Y265.465
G1 X227.328 Y265.793
G1 X227.467 Y266.130
G1 X227.591 Y266.473
G1 X227.699 Y266.823
G1 X227.790 Y267.178
G1 X227.865 Y267.537
G1 X227.924 Y267.900
G1 X227.966 Y268.265
G1 X227.992 Y268.632
G1 X228.010 Y269.438
G1 X227.992 Y268.632
G1 X227.966 Y268.265
G1 X227.924 Y267.900
G1 X227.865 Y267.537
G1 X227.790 Y267.178
G1 X227.699 Y266.823
G1 X227.591 Y266.473
G1 X227.467 Y266.130
G1 X227.328 Y265.793
G1 X227.173 Y265.465
G1 X227.004 Y265.144
G1 X226.820 Y264.833
G1 X226.622 Y264.532
G1 X226.411 Y264.242
G1 X226.187 Y263.963
G1 X225.950 Y263.697
G1 X225.701 Y263.443
G1 X225.441 Y263.202
G1 X225.170 Y262.976
G1 X224.889 Y262.764
G1 X224.599 Y262.567
G1 X224.300 Y262.386
G1 X223.993 Y262.220
G1 X223.679 Y262.071
G1 X223.358 Y261.938
G1 X223.032 Y261.823
G1 X222.701 Y261.725
G1 X222.366 Y261.644
G1 X222.027 Y261.581
G1 X221.686 Y261.536
G1 X221.343 Y261.509
G1 X221.000 Y261.500
G1 X220.657 Y261.509
G1 X220.314 Y261.536
G1 X219.973 Y261.581
G1 X219.634 Y261.644
G1 X219.299 Y261.725
G1 X218.968 Y261.823
G1 X218.642 Y261.938
G1 X218.321 Y262.071
G1 X218.007 Y262.220
G1 X217.700 Y262.386
G1 X217.401 Y262.567
G1 X217.111 Y262.764
G1 X216.830 Y262.976
G1 X216.559 Y263.202
G1 X216.299 Y263.443
G1 X216.050 Y263.697
G1 X215.813 Y263.963
G1 X215.589 Y264.242
G1 X215.378 Y264.532
G1 X215.180 Y264.833
G1 X214.996 Y265.144
G1 X214.827 Y265.465
G1 X214.672 Y265.793
G1 X214.533 Y266.130
G1 X214.409 Y266.473
G1 X214.301 Y266.823
G1 X214.210 Y267.178
G1 X214.135 Y267.537
G1 X214.076 Y267.900
G1 X214.034 Y268.265
G1 X214.008 Y268.632
G1 X214.005 Y268.781
; END LAYER: 20 nose bead

; BEGIN CONNECTOR: 20
G1 X214.005 Y268.781
G1 X197.000 Y269.000
; END CONNECTOR: 20

; BEGIN LAYER: 21 nose bead
G1 X197.000 Y269.000
G1 X196.992 Y269.393
G1 X196.966 Y269.784
G1 X196.924 Y270.174
G1 X196.865 Y270.561
G1 X196.790 Y270.944
G1 X196.699 Y271.322
G1 X196.591 Y271.695
G1 X196.467 Y272.061
G1 X196.328 Y272.420
G1 X196.173 Y272.771
G1 X196.004 Y273.113
G1 X195.820 Y273.445
G1 X195.622 Y273.766
G1 X195.411 Y274.075
G1 X195.187 Y274.372
G1 X194.950 Y274.657
G1 X194.701 Y274.928
G1 X194.441 Y275.184
G1 X194.170 Y275.426
G1 X193.889 Y275.652
G1 X193.599 Y275.862
G1 X193.300 Y276.055
G1 X192.993 Y276.232
G1 X192.679 Y276.391
G1 X192.358 Y276.532
G1 X192.032 Y276.656
G1 X191.701 Y276.760
G1 X191.366 Y276.846
G1 X191.027 Y276.913
G1 X190.686 Y276.961
G1 X190.343 Y276.990
G1 X190.000 Y277.000
G1 X189.657 Y276.990
G1 X189.314 Y276.961
G1 X188.973 Y276.913
G1 X188.634 Y276.846
G1 X188.299 Y276.760
G1 X187.968 Y276.656
G1 X187.642 Y276.532
G1 X187.321 Y276.391
G1 X187.007 Y276.232
G1 X186.700 Y276.055
G1 X186.401 Y275.862
G1 X186.111 Y275.652
G1 X185.830 Y275.426
G1 X185.559 Y275.184
G1 X185.299 Y274.928
G1 X185.050 Y274.657
G1 X184.813 Y274.372
G1 X184.589 Y274.075
G1 X184.378 Y273.766
G1 X184.180 Y273.445
G1 X183.996 Y273.113
G1 X183.827 Y272.771
G1 X183.672 Y272.420
G1 X183.533 Y272.061
G1 X183.409 Y271.695
G1 X183.301 Y271.322
G1 X183.210 Y270.944
G1 X183.135 Y270.561
G1 X183.076 Y270.174
G1 X183.034 Y269.784
G1 X183.008 Y269.393
G1 X183.000 Y269.000
G1 X183.008 Y268.607
G1 X183.034 Y268.216
G1 X183.076 Y267.826
G1 X183.135 Y267.439
G1 X183.210 Y267.056
G1 X183.301 Y266.678
G1 X183.409 Y266.305
G1 X183.533 Y265.939
G1 X183.672 Y265.580
G1 X183.827 Y265.229
G1 X183.996 Y264.887
G1 X184.180 Y264.555
G1 X184.378 Y264.234
G1 X184.589 Y263.925
G1 X184.813 Y263.628
G1 X185.050 Y263.343
G1 X185.299 Y263.072
G1 X185.559 Y262.816
G1 X185.830 Y262.574
G1 X186.111 Y262.348
G1 X186.401 Y262.138
G1 X186.700 Y261.945
G1 X187.007 Y261.768
G1 X187.321 Y261.609
G1 X187.642 Y261.468
G1 X187.968 Y261.344
G1 X188.299 Y261.240
G1 X188.634 Y261.154
G1 X188.973 Y261.087
G1 X189.314 Y261.039
G1 X189.657 Y261.010
G1 X190.000 Y261.000
G1 X190.343 Y261.010
G1 X190.686 Y261.039
G1 X191.027 Y261.087
G1 X191.366 Y261.154
G1 X191.701 Y261.240
G1 X192.032 Y261.344
G1 X192.358 Y261.468
G1 X192.679 Y261.609
G1 X192.993 Y261.768
G1 X193.300 Y261.945
G1 X193.599 Y262.138
G1 X193.889 Y262.348
G1 X194.170 Y262.574
G1 X194.441 Y262.816
G1 X194.701 Y263.072
G1 X194.950 Y263.343
G1 X195.187 Y263.628
G1 X195.411 Y263.925
G1 X195.622 Y264.234
G1 X195.820 Y264.555
G1 X196.004 Y264.887
G1 X196.173 Y265.229
G1 X196.328 Y265.580
G1 X196.467 Y265.939
G1 X196.591 Y266.305
G1 X196.699 Y266.678
G1 X196.790 Y267.056
G1 X196.865 Y267.439
G1 X196.924 Y267.826
G1 X196.966 Y268.216
G1 X196.992 Y268.607
G1 X196.996 Y268.829
G1 X196.992 Y268.607
G1 X196.966 Y268.216
G1 X196.924 Y267.826
G1 X196.865 Y267.439
G1 X196.790 Y267.056
G1 X196.699 Y266.678
G1 X196.591 Y266.305
G1 X196.467 Y265.939
G1 X196.328 Y265.580
G1 X196.173 Y265.229
G1 X196.004 Y264.887
G1 X195.820 Y264.555
G1 X195.622 Y264.234
G1 X195.411 Y263.925
G1 X195.187 Y263.628
G1 X194.950 Y263.343
G1 X194.701 Y263.072
G1 X194.441 Y262.816
G1 X194.170 Y262.574
G1 X193.889 Y262.348
G1 X193.599 Y262.138
G1 X193.300 Y261.945
G1 X192.993 Y261.768
G1 X192.679 Y261.609
G1 X192.358 Y261.468
G1 X192.032 Y261.344
G1 X191.701 Y261.240
G1 X191.366 Y261.154
G1 X191.027 Y261.087
G1 X190.686 Y261.039
G1 X190.343 Y261.010
G1 X190.000 Y261.000
G1 X189.657 Y261.010
G1 X189.314 Y261.039
G1 X188.973 Y261.087
G1 X188.634 Y261.154
G1 X188.299 Y261.240
G1 X187.968 Y261.344
G1 X187.642 Y261.468
G1 X187.321 Y261.609
G1 X187.007 Y261.768
G1 X186.700 Y261.945
G1 X186.401 Y262.138
G1 X186.111 Y262.348
G1 X185.830 Y262.574
G1 X185.559 Y262.816
G1 X185.299 Y263.072
G1 X185.050 Y263.343
G1 X184.813 Y263.628
G1 X184.589 Y263.925
G1 X184.378 Y264.234
G1 X184.180 Y264.555
G1 X183.996 Y264.887
G1 X183.827 Y265.229
G1 X183.672 Y265.580
G1 X183.533 Y265.939
G1 X183.409 Y266.305
G1 X183.301 Y266.678
G1 X183.210 Y267.056
G1 X183.135 Y267.439
G1 X183.076 Y267.826
G1 X183.034 Y268.216
G1 X183.010 Y268.586
; END LAYER: 21 nose bead

; BEGIN CONNECTOR: 21
G1 X183.010 Y268.586
G1 X167.000 Y269.000
; END CONNECTOR: 21

; BEGIN LAYER: 22 nose bead
G1 X167.000 Y269.000
G1 X166.992 Y269.393
G1 X166.966 Y269.784
G1 X166.924 Y270.174
G1 X166.865 Y270.561
G1 X166.790 Y270.944
G1 X166.699 Y271.322
G1 X166.591 Y271.695
G1 X166.467 Y272.061
G1 X166.328 Y272.420
G1 X166.173 Y272.771
G1 X166.004 Y273.113
G1 X165.820 Y273.445
G1 X165.622 Y273.766
G1 X165.411 Y274.075
G1 X165.187 Y274.372
G1 X164.950 Y274.657
G1 X164.701 Y274.928
G1 X164.441 Y275.184
G1 X164.170 Y275.426
G1 X163.889 Y275.652
G1 X163.599 Y275.862
G1 X163.300 Y276.055
G1 X162.993 Y276.232
G1 X162.679 Y276.391
G1 X162.358 Y276.532
G1 X162.032 Y276.656
G1 X161.701 Y276.760
G1 X161.366 Y276.846
G1 X161.027 Y276.913
G1 X160.686 Y276.961
G1 X160.343 Y276.990
G1 X160.000 Y277.000
G1 X159.657 Y276.990
G1 X159.314 Y276.961
G1 X158.973 Y276.913
G1 X158.634 Y276.846
G1 X158.299 Y276.760
G1 X157.968 Y276.656
G1 X157.642 Y276.532
G1 X157.321 Y276.391
G1 X157.007 Y276.232
G1 X156.700 Y276.055
G1 X156.401 Y275.862
G1 X156.111 Y275.652
G1 X155.830 Y275.426
G1 X155.559 Y275.184
G1 X155.299 Y274.928
G1 X155.050 Y274.657
G1 X154.813 Y274.372
G1 X154.589 Y274.075
G1 X154.378 Y273.766
G1 X154.180 Y273.445
G1 X153.996 Y273.113
G1 X153.827 Y272.771
G1 X153.672 Y272.420
G1 X153.533 Y272.061
G1 X153.409 Y271.695
G1 X153.301 Y271.322
G1 X153.210 Y270.944
G1 X153.135 Y270.561
G1 X153.076 Y270.174
G1 X153.034 Y269.784
G1 X153.008 Y269.393
G1 X153.000 Y269.000
G1 X153.008 Y268.607
G1 X153.034 Y268.216
G1 X153.076 Y267.826
G1 X153.135 Y267.439
G1 X153.210 Y267.056
G1 X153.301 Y266.678
G1 X153.409 Y266.305
G1 X153.533 Y265.939
G1 X153.672 Y265.580
G1 X153.827 Y265.229
G1 X153.996 Y264.887
G1 X154.180 Y264.555
G1 X154.378 Y264.234
G1 X154.589 Y263.925
G1 X154.813 Y263.628
G1 X155.050 Y263.343
G1 X155.299 Y263.072
G1 X155.559 Y262.816
G1 X155.830 Y262.574
G1 X156.111 Y262.348
G1 X156.401 Y262.138
G1 X156.700 Y261.945
G1 X157.007 Y261.768
G1 X157.321 Y261.609
G1 X157.642 Y261.468
G1 X157.968 Y261.344
G1 X158.299 Y261.240
G1 X158.634 Y261.154
G1 X158.973 Y261.087
G1 X159.314 Y261.039
G1 X159.657 Y261.010
G1 X160.000 Y261.000
G1 X160.343 Y261.010
G1 X160.686 Y261.039
G1 X161.027 Y261.087
G1 X161.366 Y261.154
G1 X161.701 Y261.240
G1 X162.032 Y261.344
G1 X162.358 Y261.468
G1 X162.679 Y261.609
G1 X162.993 Y261.768
G1 X163.300 Y261.945
G1 X163.599 Y262.138
G1 X163.889 Y262.348
G1 X164.170 Y262.574
G1 X164.441 Y262.816
G1 X164.701 Y263.072
G1 X164.950 Y263.343
G1 X165.187 Y263.628
G1 X165.411 Y263.925
G1 X165.622 Y264.234
G1 X165.820 Y264.555
G1 X166.004 Y264.887
G1 X166.173 Y265.229
G1 X166.328 Y265.580
G1 X166.467 Y265.939
G1 X166.591 Y266.305
G1 X166.699 Y266.678
G1 X166.790 Y267.056
G1 X166.865 Y267.439
G1 X166.924 Y267.826
G1 X166.966 Y268.216
G1 X166.992 Y268.607
G1 X166.996 Y268.829
G1 X166.992 Y268.607
G1 X166.966 Y268.216
G1 X166.924 Y267.826
G1 X166.865 Y267.439
G1 X166.790 Y267.056
G1 X166.699 Y266.678
G1 X166.591 Y266.305
G1 X166.467 Y265.939
G1 X166.328 Y265.580
G1 X166.173 Y265.229
G1 X166.004 Y264.887
G1 X165.820 Y264.555
G1 X165.622 Y264.234
G1 X165.411 Y263.925
G1 X165.187 Y263.628
G1 X164.950 Y263.343
G1 X164.701 Y263.072
G1 X164.441 Y262.816
G1 X164.170 Y262.574
G1 X163.889 Y262.348
G1 X163.599 Y262.138
G1 X163.300 Y261.945
G1 X162.993 Y261.768
G1 X162.679 Y261.609
G1 X162.358 Y261.468
G1 X162.032 Y261.344
G1 X161.701 Y261.240
G1 X161.366 Y261.154
G1 X161.027 Y261.087
G1 X160.686 Y261.039
G1 X160.343 Y261.010
G1 X160.000 Y261.000
G1 X159.657 Y261.010
G1 X159.622 Y261.013
; END LAYER: 22 nose bead

; BEGIN CONNECTOR: 22
G1 X159.622 Y261.013
G1 X159.793 Y249.994
; END CONNECTOR: 22

; BEGIN LAYER: 23 nose bead
G1 X159.793 Y249.994
G1 X159.657 Y249.990
G1 X159.314 Y249.961
G1 X158.973 Y249.913
G1 X158.634 Y249.846
G1 X158.299 Y249.760
G1 X157.968 Y249.656
G1 X157.642 Y249.532
G1 X157.321 Y249.391
G1 X157.007 Y249.232
G1 X156.700 Y249.055
G1 X156.401 Y248.862
G1 X156.111 Y248.652
G1 X155.830 Y248.426
G1 X155.559 Y248.184
G1 X155.299 Y247.928
G1 X155.050 Y247.657
G1 X154.813 Y247.372
G1 X154.589 Y247.075
G1 X154.378 Y246.766
G1 X154.180 Y246.445
G1 X153.996 Y246.113
G1 X153.827 Y245.771
G1 X153.672 Y245.420
G1 X153.533 Y245.061
G1 X153.409 Y244.695
G1 X153.301 Y244.322
G1 X153.210 Y243.944
G1 X153.135 Y243.561
G1 X153.076 Y243.174
G1 X153.034 Y242.784
G1 X153.008 Y242.393
G1 X153.000 Y242.000
G1 X153.008 Y241.607
G1 X153.034 Y241.216
G1 X153.076 Y240.826
G1 X153.135 Y240.439
G1 X153.210 Y240.056
G1 X153.301 Y239.678
G1 X153.409 Y239.305
G1 X153.533 Y238.939
G1 X153.672 Y238.580
G1 X153.827 Y238.229
G1 X153.996 Y237.887
G1 X154.180 Y237.555
G1 X154.378 Y237.234
G1 X154.589 Y236.925
G1 X154.813 Y236.628
G1 X155.050 Y236.343
G1 X155.299 Y236.072
G1 X155.559 Y235.816
G1 X155.830 Y235.574
G1 X156.111 Y235.348
G1 X156.401 Y235.138
G1 X156.700 Y234.945
G1 X157.007 Y234.768
G1 X157.321 Y234.609
G1 X157.642 Y234.468
G1 X157.968 Y234.344
G1 X158.299 Y234.240
G1 X158.634 Y234.154
G1 X158.973 Y234.087
G1 X159.314 Y234.039
G1 X159.657 Y234.010
G1 X160.000 Y234.000
G1 X160.343 Y234.010
G1 X160.620 Y234.033
; END LAYER: 23 nose bead

; BEGIN CONNECTOR: 23
G1 X160.620 Y234.033
G1 X160.790 Y222.947
; END CONNECTOR: 23

; BEGIN LAYER: 24 nose bead
G1 X160.790 Y222.947
G1 X160.686 Y222.961
G1 X160.343 Y222.990
G1 X160.000 Y223.000
G1 X159.657 Y222.990
G1 X159.314 Y222.961
G1 X158.973 Y222.913
G1 X158.634 Y222.846
G1 X158.299 Y222.760
G1 X157.968 Y222.656
G1 X157.642 Y222.532
G1 X157.321 Y222.391
G1 X157.007 Y222.232
G1 X156.700 Y222.055
G1 X156.401 Y221.862
G1 X156.111 Y221.652
G1 X155.830 Y221.426
G1 X155.559 Y221.184
G1 X155.299 Y220.928
G1 X155.050 Y220.657
G1 X154.813 Y220.372
G1 X154.589 Y220.075
G1 X154.378 Y219.766
G1 X154.180 Y219.445
G1 X153.996 Y219.113
G1 X153.827 Y218.771
G1 X153.672 Y218.420
G1 X153.533 Y218.061
G1 X153.409 Y217.695
G1 X153.301 Y217.322
G1 X153.210 Y216.944
G1 X153.135 Y216.561
G1 X153.076 Y216.174
G1 X153.034 Y215.784
G1 X153.008 Y215.393
G1 X153.000 Y215.000
G1 X153.008 Y214.607
G1 X153.034 Y214.216
G1 X153.076 Y213.826
G1 X153.135 Y213.439
G1 X153.210 Y213.056
G1 X153.301 Y212.678
G1 X153.409 Y212.305
G1 X153.533 Y211.939
G1 X153.672 Y211.580
G1 X153.827 Y211.229
G1 X153.996 Y210.887
G1 X154.180 Y210.555
G1 X154.378 Y210.234
G1 X154.589 Y209.925
G1 X154.813 Y209.628
G1 X155.050 Y209.343
G1 X155.299 Y209.072
G1 X155.559 Y208.816
G1 X155.830 Y208.574
G1 X156.111 Y208.348
G1 X156.401 Y208.138
G1 X156.700 Y207.945
G1 X157.007 Y207.768
G1 X157.321 Y207.609
G1 X157.642 Y207.468
G1 X157.968 Y207.344
G1 X158.299 Y207.240
G1 X158.634 Y207.154
G1 X158.973 Y207.087
G1 X159.314 Y207.039
G1 X159.622 Y207.013
; END LAYER: 24 nose bead

; BEGIN CONNECTOR: 24
G1 X159.622 Y207.013
G1 X159.793 Y195.994
; END CONNECTOR: 24

; BEGIN LAYER: 25 nose bead
G1 X159.793 Y195.994
G1 X159.657 Y195.990
G1 X159.314 Y195.961
G1 X158.973 Y195.913
G1 X158.634 Y195.846
G1 X158.299 Y195.760
G1 X157.968 Y195.656
G1 X157.642 Y195.532
G1 X157.321 Y195.391
G1 X157.007 Y195.232
G1 X156.700 Y195.055
G1 X156.401 Y194.862
G1 X156.111 Y194.652
G1 X155.830 Y194.426
G1 X155.559 Y194.184
G1 X155.299 Y193.928
G1 X155.050 Y193.657
G1 X154.813 Y193.372
G1 X154.589 Y193.075
G1 X154.378 Y192.766
G1 X154.180 Y192.445
G1 X153.996 Y192.113
G1 X153.827 Y191.771
G1 X153.672 Y191.420
G1 X153.533 Y191.061
G1 X153.409 Y190.695
G1 X153.301 Y190.322
G1 X153.210 Y189.944
G1 X153.135 Y189.561
G1 X153.076 Y189.174
G1 X153.034 Y188.784
G1 X153.008 Y188.393
G1 X153.000 Y188.000
G1 X153.008 Y187.607
G1 X153.034 Y187.216
G1 X153.076 Y186.826
G1 X153.135 Y186.439
G1 X153.210 Y186.056
G1 X153.301 Y185.678
G1 X153.409 Y185.305
G1 X153.533 Y184.939
G1 X153.672 Y184.580
G1 X153.827 Y184.229
G1 X153.996 Y183.887
G1 X154.180 Y183.555
G1 X154.378 Y183.234
G1 X154.589 Y182.925
G1 X154.813 Y182.628
G1 X155.050 Y182.343
G1 X155.299 Y182.072
G1 X155.559 Y181.816
G1 X155.830 Y181.574
G1 X156.111 Y181.348
G1 X156.401 Y181.138
G1 X156.700 Y180.945
G1 X157.007 Y180.768
G1 X157.321 Y180.609
G1 X157.642 Y180.468
G1 X157.968 Y180.344
G1 X158.299 Y180.240
G1 X158.634 Y180.154
G1 X158.973 Y180.087
G1 X159.314 Y180.039
G1 X159.657 Y180.010
G1 X160.000 Y180.000
G1 X160.343 Y180.010
G1 X160.686 Y180.039
G1 X161.027 Y180.087
G1 X161.366 Y180.154
G1 X161.701 Y180.240
G1 X162.032 Y180.344
G1 X162.358 Y180.468
G1 X162.679 Y180.609
G1 X162.993 Y180.768
G1 X163.300 Y180.945
G1 X163.599 Y181.138
G1 X163.889 Y181.348
G1 X164.170 Y181.574
G1 X164.441 Y181.816
G1 X164.701 Y182.072
G1 X164.950 Y182.343
G1 X165.187 Y182.628
G1 X165.411 Y182.925
G1 X165.622 Y183.234
G1 X165.820 Y183.555
G1 X166.004 Y183.887
G1 X166.173 Y184.229
G1 X166.328 Y184.580
G1 X166.467 Y184.939
G1 X166.591 Y185.305
G1 X166.699 Y185.678
G1 X166.790 Y186.056
G1 X166.865 Y186.439
G1 X166.924 Y186.826
G1 X166.966 Y187.216
G1 X166.992 Y187.607
G1 X167.000 Y188.000
G1 X166.992 Y188.393
G1 X166.966 Y188.784
G1 X166.924 Y189.174
G1 X166.865 Y189.561
G1 X166.790 Y189.944
G1 X166.699 Y190.322
G1 X166.591 Y190.695
G1 X166.467 Y191.061
G1 X166.328 Y191.420
G1 X166.173 Y191.771
G1 X166.004 Y192.113
G1 X165.820 Y192.445
G1 X165.622 Y192.766
G1 X165.411 Y193.075
G1 X165.187 Y193.372
G1 X164.950 Y193.657
G1 X164.701 Y193.928
G1 X164.441 Y194.184
G1 X164.170 Y194.426
G1 X163.889 Y194.652
G1 X163.599 Y194.862
G1 X163.300 Y195.055
G1 X162.993 Y195.232
G1 X162.679 Y195.391
G1 X162.358 Y195.532
G1 X162.032 Y195.656
G1 X161.701 Y195.760
G1 X161.366 Y195.846
G1 X161.027 Y195.913
G1 X160.686 Y195.961
G1 X160.343 Y195.990
G1 X160.000 Y196.000
G1 X159.964 Y195.999
; END LAYER: 25 nose bead

; BEGIN CONNECTOR: 25
G1 X159.964 Y195.999
G1 X159.622 Y207.013
; END CONNECTOR: 25

; BEGIN LAYER: 26 nose bead
G1 X159.622 Y207.013
G1 X159.657 Y207.010
G1 X160.000 Y207.000
G1 X160.343 Y207.010
G1 X160.686 Y207.039
G1 X161.027 Y207.087
G1 X161.366 Y207.154
G1 X161.701 Y207.240
G1 X162.032 Y207.344
G1 X162.358 Y207.468
G1 X162.679 Y207.609
G1 X162.993 Y207.768
G1 X163.300 Y207.945
G1 X163.599 Y208.138
G1 X163.889 Y208.348
G1 X164.170 Y208.574
G1 X164.441 Y208.816
G1 X164.701 Y209.072
G1 X164.950 Y209.343
G1 X165.187 Y209.628
G1 X165.411 Y209.925
G1 X165.622 Y210.234
G1 X165.820 Y210.555
G1 X166.004 Y210.887
G1 X166.173 Y211.229
G1 X166.328 Y211.580
G1 X166.467 Y211.939
G1 X166.591 Y212.305
G1 X166.699 Y212.678
G1 X166.790 Y213.056
G1 X166.865 Y213.439
G1 X166.924 Y213.826
G1 X166.966 Y214.216
G1 X166.992 Y214.607
G1 X167.000 Y215.000
G1 X166.992 Y215.393
G1 X166.966 Y215.784
G1 X166.924 Y216.174
G1 X166.865 Y216.561
G1 X166.790 Y216.944
G1 X166.699 Y217.322
G1 X166.591 Y217.695
G1 X166.467 Y218.061
G1 X166.328 Y218.420
G1 X166.173 Y218.771
G1 X166.004 Y219.113
G1 X165.820 Y219.445
G1 X165.622 Y219.766
G1 X165.411 Y220.075
G1 X165.187 Y220.372
G1 X164.950 Y220.657
G1 X164.701 Y220.928
G1 X164.441 Y221.184
G1 X164.170 Y221.426
G1 X163.889 Y221.652
G1 X163.599 Y221.862
G1 X163.300 Y222.055
G1 X162.993 Y222.232
G1 X162.679 Y222.391
G1 X162.358 Y222.532
G1 X162.032 Y222.656
G1 X161.701 Y222.760
G1 X161.366 Y222.846
G1 X161.027 Y222.913
G1 X160.686 Y222.961
G1 X160.343 Y222.990
G1 X160.000 Y223.000
G1 X159.964 Y222.999
; END LAYER: 26 nose bead

; BEGIN CONNECTOR: 26
G1 X159.964 Y222.999
G1 X159.622 Y234.013
; END CONNECTOR: 26

; BEGIN LAYER: 27 nose bead
G1 X159.622 Y234.013
G1 X159.657 Y234.010
G1 X160.000 Y234.000
G1 X160.343 Y234.010
G1 X160.686 Y234.039
G1 X161.027 Y234.087
G1 X161.366 Y234.154
G1 X161.701 Y234.240
G1 X162.032 Y234.344
G1 X162.358 Y234.468
G1 X162.679 Y234.609
G1 X162.993 Y234.768
G1 X163.300 Y234.945
G1 X163.599 Y235.138
G1 X163.889 Y235.348
G1 X164.170 Y235.574
G1 X164.441 Y235.816
G1 X164.701 Y236.072
G1 X164.950 Y236.343
G1 X165.187 Y236.628
G1 X165.411 Y236.925
G1 X165.622 Y237.234
G1 X165.820 Y237.555
G1 X166.004 Y237.887
G1 X166.173 Y238.229
G1 X166.328 Y238.580
G1 X166.467 Y238.939
G1 X166.591 Y239.305
G1 X166.699 Y239.678
G1 X166.790 Y240.056
G1 X166.865 Y240.439
G1 X166.924 Y240.826
G1 X166.966 Y241.216
G1 X166.992 Y241.607
G1 X167.000 Y242.000
G1 X166.992 Y242.393
G1 X166.966 Y242.784
G1 X166.924 Y243.174
G1 X166.865 Y243.561
G1 X166.790 Y243.944
G1 X166.699 Y244.322
G1 X166.591 Y244.695
G1 X166.467 Y245.061
G1 X166.328 Y245.420
G1 X166.173 Y245.771
G1 X166.004 Y246.113
G1 X165.820 Y246.445
G1 X165.622 Y246.766
G1 X165.411 Y247.075
G1 X165.187 Y247.372
G1 X164.950 Y247.657
G1 X164.701 Y247.928
G1 X164.441 Y248.184
G1 X164.170 Y248.426
G1 X163.889 Y248.652
G1 X163.599 Y248.862
G1 X163.300 Y249.055
G1 X162.993 Y249.232
G1 X162.679 Y249.391
G1 X162.358 Y249.532
G1 X162.032 Y249.656
G1 X161.701 Y249.760
G1 X161.366 Y249.846
G1 X161.027 Y249.913
G1 X160.686 Y249.961
G1 X160.343 Y249.990
G1 X160.000 Y250.000
G1 X159.964 Y249.999
; END LAYER: 27 nose bead

; BEGIN CONNECTOR: 27
G1 X159.964 Y249.999
G1 X159.793 Y261.006
; END CONNECTOR: 27

; BEGIN LAYER: 28 nose bead
G1 X159.793 Y261.006
G1 X159.657 Y261.010
G1 X159.314 Y261.039
G1 X158.973 Y261.087
G1 X158.634 Y261.154
G1 X158.299 Y261.240
G1 X157.968 Y261.344
G1 X157.642 Y261.468
G1 X157.321 Y261.609
G1 X157.007 Y261.768
G1 X156.700 Y261.945
G1 X156.401 Y262.138
G1 X156.111 Y262.348
G1 X155.830 Y262.574
G1 X155.559 Y262.816
G1 X155.299 Y263.072
G1 X155.050 Y263.343
G1 X154.813 Y263.628
G1 X154.589 Y263.925
G1 X154.378 Y264.234
G1 X154.180 Y264.555
G1 X153.996 Y264.887
G1 X153.827 Y265.229
G1 X153.672 Y265.580
G1 X153.533 Y265.939
G1 X153.409 Y266.305
G1 X153.301 Y266.678
G1 X153.210 Y267.056
G1 X153.135 Y267.439
G1 X153.076 Y267.826
G1 X153.034 Y268.216
G1 X153.008 Y268.607
G1 X153.000 Y269.000
G1 X153.008 Y269.393
G1 X153.010 Y269.414
; END LAYER: 28 nose bead

; BEGIN CONNECTOR: 28
G1 X153.010 Y269.414
G1 X136.000 Y269.000
; END CONNECTOR: 28

; BEGIN LAYER: 29 nose bead
G1 X136.000 Y269.000
G1 X135.992 Y269.393
G1 X135.966 Y269.784
G1 X135.924 Y270.174
G1 X135.865 Y270.561
G1 X135.790 Y270.944
G1 X135.699 Y271.322
G1 X135.591 Y271.695
G1 X135.467 Y272.061
G1 X135.328 Y272.420
G1 X135.173 Y272.771
G1 X135.004 Y273.113
G1 X134.820 Y273.445
G1 X134.622 Y273.766
G1 X134.411 Y274.075
G1 X134.187 Y274.372
G1 X133.950 Y274.657
G1 X133.701 Y274.928
G1 X133.441 Y275.184
G1 X133.170 Y275.426
G1 X132.889 Y275.652
G1 X132.599 Y275.862
G1 X132.300 Y276.055
G1 X131.993 Y276.232
G1 X131.679 Y276.391
G1 X131.358 Y276.532
G1 X131.032 Y276.656
G1 X130.701 Y276.760
G1 X130.366 Y276.846
G1 X130.027 Y276.913
G1 X129.686 Y276.961
G1 X129.343 Y276.990
G1 X129.000 Y277.000
G1 X128.657 Y276.990
G1 X128.314 Y276.961
G1 X127.973 Y276.913
G1 X127.634 Y276.846
G1 X127.299 Y276.760
G1 X126.968 Y276.656
G1 X126.642 Y276.532
G1 X126.321 Y276.391
G1 X126.007 Y276.232
G1 X125.700 Y276.055
G1 X125.401 Y275.862
G1 X125.111 Y275.652
G1 X124.830 Y275.426
G1 X124.559 Y275.184
G1 X124.299 Y274.928
G1 X124.050 Y274.657
G1 X123.813 Y274.372
G1 X123.589 Y274.075
G1 X123.378 Y273.766
G1 X123.180 Y273.445
G1 X122.996 Y273.113
G1 X122.827 Y272.771
G1 X122.672 Y272.420
G1 X122.533 Y272.061
G1 X122.409 Y271.695
G1 X122.301 Y271.322
G1 X122.210 Y270.944
G1 X122.135 Y270.561
G1 X122.076 Y270.174
G1 X122.034 Y269.784
G1 X122.008 Y269.393
G1 X122.000 Y269.000
G1 X122.008 Y268.607
G1 X122.034 Y268.216
G1 X122.076 Y267.826
G1 X122.135 Y267.439
G1 X122.210 Y267.056
G1 X122.301 Y266.678
G1 X122.409 Y266.305
G1 X122.533 Y265.939
G1 X122.672 Y265.580
G1 X122.827 Y265.229
G1 X122.996 Y264.887
G1 X123.180 Y264.555
G1 X123.378 Y264.234
G1 X123.589 Y263.925
G1 X123.813 Y263.628
G1 X124.050 Y263.343
G1 X124.299 Y263.072
G1 X124.559 Y262.816
G1 X124.830 Y262.574
G1 X125.111 Y262.348
G1 X125.401 Y262.138
G1 X125.700 Y261.945
G1 X126.007 Y261.768
G1 X126.321 Y261.609
G1 X126.642 Y261.468
G1 X126.968 Y261.344
G1 X127.299 Y261.240
G1 X127.634 Y261.154
G1 X127.973 Y261.087
G1 X128.314 Y261.039
G1 X128.657 Y261.010
G1 X129.000 Y261.000
G1 X129.343 Y261.010
G1 X129.686 Y261.039
G1 X130.027 Y261.087
G1 X130.366 Y261.154
G1 X130.701 Y261.240
G1 X131.032 Y261.344
G1 X131.358 Y261.468
G1 X131.679 Y261.609
G1 X131.993 Y261.768
G1 X132.300 Y261.945
G1 X132.599 Y262.138
G1 X132.889 Y262.348
G1 X133.170 Y262.574
G1 X133.441 Y262.816
G1 X133.701 Y263.072
G1 X133.950 Y263.343
G1 X134.187 Y263.628
G1 X134.411 Y263.925
G1 X134.622 Y264.234
G1 X134.820 Y264.555
G1 X135.004 Y264.887
G1 X135.173 Y265.229
G1 X135.328 Y265.580
G1 X135.467 Y265.939
G1 X135.591 Y266.305
G1 X135.699 Y266.678
G1 X135.790 Y267.056
G1 X135.865 Y267.439
G1 X135.924 Y267.826
G1 X135.966 Y268.216
G1 X135.992 Y268.607
G1 X135.996 Y268.829
G1 X135.992 Y268.607
G1 X135.966 Y268.216
G1 X135.924 Y267.826
G1 X135.865 Y267.439
G1 X135.790 Y267.056
G1 X135.699 Y266.678
G1 X135.591 Y266.305
G1 X135.467 Y265.939
G1 X135.328 Y265.580
G1 X135.173 Y265.229
G1 X135.004 Y264.887
G1 X134.820 Y264.555
G1 X134.622 Y264.234
G1 X134.411 Y263.925
G1 X134.187 Y263.628
G1 X133.950 Y263.343
G1 X133.701 Y263.072
G1 X133.441 Y262.816
G1 X133.170 Y262.574
G1 X132.889 Y262.348
G1 X132.599 Y262.138
G1 X132.300 Y261.945
G1 X131.993 Y261.768
G1 X131.679 Y261.609
G1 X131.358 Y261.468
G1 X131.032 Y261.344
G1 X130.701 Y261.240
G1 X130.366 Y261.154
G1 X130.027 Y261.087
G1 X129.686 Y261.039
G1 X129.343 Y261.010
G1 X129.000 Y261.000
G1 X128.657 Y261.010
G1 X128.314 Y261.039
G1 X127.973 Y261.087
G1 X127.634 Y261.154
G1 X127.299 Y261.240
G1 X126.968 Y261.344
G1 X126.642 Y261.468
G1 X126.321 Y261.609
G1 X126.007 Y261.768
G1 X125.700 Y261.945
G1 X125.401 Y262.138
G1 X125.111 Y262.348
G1 X124.830 Y262.574
G1 X124.559 Y262.816
G1 X124.299 Y263.072
G1 X124.050 Y263.343
G1 X123.813 Y263.628
G1 X123.589 Y263.925
G1 X123.378 Y264.234
G1 X123.180 Y264.555
G1 X122.996 Y264.887
G1 X122.827 Y265.229
G1 X122.672 Y265.580
G1 X122.533 Y265.939
G1 X122.409 Y266.305
G1 X122.301 Y266.678
G1 X122.210 Y267.056
G1 X122.135 Y267.439
G1 X122.076 Y267.826
G1 X122.034 Y268.216
G1 X122.010 Y268.586
; END LAYER: 29 nose bead

; BEGIN CONNECTOR: 29
G1 X122.010 Y268.586
G1 X105.000 Y269.000
; END CONNECTOR: 29

; BEGIN LAYER: 30 nose bead
G1 X105.000 Y269.000
G1 X104.992 Y269.393
G1 X104.966 Y269.784
G1 X104.924 Y270.174
G1 X104.865 Y270.561
G1 X104.790 Y270.944
G1 X104.699 Y271.322
G1 X104.591 Y271.695
G1 X104.467 Y272.061
G1 X104.328 Y272.420
G1 X104.173 Y272.771
G1 X104.004 Y273.113
G1 X103.820 Y273.445
G1 X103.622 Y273.766
G1 X103.411 Y274.075
G1 X103.187 Y274.372
G1 X102.950 Y274.657
G1 X102.701 Y274.928
G1 X102.441 Y275.184
G1 X102.170 Y275.426
G1 X101.889 Y275.652
G1 X101.599 Y275.862
G1 X101.300 Y276.055
G1 X100.993 Y276.232
G1 X100.679 Y276.391
G1 X100.358 Y276.532
G1 X100.032 Y276.656
G1 X99.701 Y276.760
G1 X99.366 Y276.846
G1 X99.027 Y276.913
G1 X98.686 Y276.961
G1 X98.343 Y276.990
G1 X98.000 Y277.000
G1 X97.657 Y276.990
G1 X97.314 Y276.961
G1 X96.973 Y276.913
G1 X96.634 Y276.846
G1 X96.299 Y276.760
G1 X95.968 Y276.656
G1 X95.642 Y276.532
G1 X95.321 Y276.391
G1 X95.007 Y276.232
G1 X94.700 Y276.055
G1 X94.401 Y275.862
G1 X94.111 Y275.652
G1 X93.830 Y275.426
G1 X93.559 Y275.184
G1 X93.299 Y274.928
G1 X93.050 Y274.657
G1 X92.813 Y274.372
G1 X92.589 Y274.075
G1 X92.378 Y273.766
G1 X92.180 Y273.445
G1 X91.996 Y273.113
G1 X91.827 Y272.771
G1 X91.672 Y272.420
G1 X91.533 Y272.061
G1 X91.409 Y271.695
G1 X91.301 Y271.322
G1 X91.210 Y270.944
G1 X91.135 Y270.561
G1 X91.076 Y270.174
G1 X91.034 Y269.784
G1 X91.008 Y269.393
G1 X91.000 Y269.000
G1 X91.008 Y268.607
G1 X91.034 Y268.216
G1 X91.076 Y267.826
G1 X91.135 Y267.439
G1 X91.210 Y267.056
G1 X91.301 Y266.678
G1 X91.409 Y266.305
G1 X91.533 Y265.939
G1 X91.672 Y265.580
G1 X91.827 Y265.229
G1 X91.996 Y264.887
G1 X92.180 Y264.555
G1 X92.378 Y264.234
G1 X92.589 Y263.925
G1 X92.813 Y263.628
G1 X93.050 Y263.343
G1 X93.299 Y263.072
G1 X93.559 Y262.816
G1 X93.830 Y262.574
G1 X94.111 Y262.348
G1 X94.401 Y262.138
G1 X94.700 Y261.945
G1 X95.007 Y261.768
G1 X95.321 Y261.609
G1 X95.642 Y261.468
G1 X95.968 Y261.344
G1 X96.299 Y261.240
G1 X96.634 Y261.154
G1 X96.973 Y261.087
G1 X97.314 Y261.039
G1 X97.657 Y261.010
G1 X98.000 Y261.000
G1 X98.343 Y261.010
G1 X98.686 Y261.039
G1 X99.027 Y261.087
G1 X99.366 Y261.154
G1 X99.701 Y261.240
G1 X100.032 Y261.344
G1 X100.358 Y261.468
G1 X100.679 Y261.609
G1 X100.993 Y261.768
G1 X101.300 Y261.945
G1 X101.599 Y262.138
G1 X101.889 Y262.348
G1 X102.170 Y262.574
G1 X102.441 Y262.816
G1 X102.701 Y263.072
G1 X102.950 Y263.343
G1 X103.187 Y263.628
G1 X103.411 Y263.925
G1 X103.622 Y264.234
G1 X103.820 Y264.555
G1 X104.004 Y264.887
G1 X104.173 Y265.229
G1 X104.328 Y265.580
G1 X104.467 Y265.939
G1 X104.591 Y266.305
G1 X104.699 Y266.678
G1 X104.790 Y267.056
G1 X104.865 Y267.439
G1 X104.924 Y267.826
G1 X104.966 Y268.216
G1 X104.992 Y268.607
G1 X104.996 Y268.829
G1 X104.992 Y268.607
G1 X104.966 Y268.216
G1 X104.924 Y267.826
G1 X104.865 Y267.439
G1 X104.790 Y267.056
G1 X104.699 Y266.678
G1 X104.591 Y266.305
G1 X104.467 Y265.939
G1 X104.328 Y265.580
G1 X104.173 Y265.229
G1 X104.004 Y264.887
G1 X103.820 Y264.555
G1 X103.622 Y264.234
G1 X103.411 Y263.925
G1 X103.187 Y263.628
G1 X102.950 Y263.343
G1 X102.701 Y263.072
G1 X102.441 Y262.816
G1 X102.170 Y262.574
G1 X101.889 Y262.348
G1 X101.599 Y262.138
G1 X101.300 Y261.945
G1 X100.993 Y261.768
G1 X100.679 Y261.609
G1 X100.358 Y261.468
G1 X100.032 Y261.344
G1 X99.701 Y261.240
G1 X99.366 Y261.154
G1 X99.027 Y261.087
G1 X98.686 Y261.039
G1 X98.343 Y261.010
G1 X98.000 Y261.000
G1 X97.657 Y261.010
G1 X97.314 Y261.039
G1 X96.973 Y261.087
G1 X96.634 Y261.154
G1 X96.299 Y261.240
G1 X95.968 Y261.344
G1 X95.642 Y261.468
G1 X95.321 Y261.609
G1 X95.007 Y261.768
G1 X94.700 Y261.945
G1 X94.401 Y262.138
G1 X94.111 Y262.348
G1 X93.830 Y262.574
G1 X93.559 Y262.816
G1 X93.299 Y263.072
G1 X93.050 Y263.343
G1 X92.813 Y263.628
G1 X92.589 Y263.925
G1 X92.378 Y264.234
G1 X92.180 Y264.555
G1 X91.996 Y264.887
G1 X91.827 Y265.229
G1 X91.672 Y265.580
G1 X91.533 Y265.939
G1 X91.409 Y266.305
G1 X91.301 Y266.678
G1 X91.210 Y267.056
G1 X91.135 Y267.439
G1 X91.076 Y267.826
G1 X91.034 Y268.216
G1 X91.010 Y268.586
; END LAYER: 30 nose bead

; BEGIN CONNECTOR: 30
G1 X91.010 Y268.586
G1 X75.000 Y269.000
; END CONNECTOR: 30

; BEGIN LAYER: 31 nose bead
G1 X75.000 Y269.000
G1 X74.992 Y269.393
G1 X74.966 Y269.784
G1 X74.924 Y270.174
G1 X74.865 Y270.561
G1 X74.790 Y270.944
G1 X74.699 Y271.322
G1 X74.591 Y271.695
G1 X74.467 Y272.061
G1 X74.328 Y272.420
G1 X74.173 Y272.771
G1 X74.004 Y273.113
G1 X73.820 Y273.445
G1 X73.622 Y273.766
G1 X73.411 Y274.075
G1 X73.187 Y274.372
G1 X72.950 Y274.657
G1 X72.701 Y274.928
G1 X72.441 Y275.184
G1 X72.170 Y275.426
G1 X71.889 Y275.652
G1 X71.599 Y275.862
G1 X71.300 Y276.055
G1 X70.993 Y276.232
G1 X70.679 Y276.391
G1 X70.358 Y276.532
G1 X70.032 Y276.656
G1 X69.701 Y276.760
G1 X69.366 Y276.846
G1 X69.027 Y276.913
G1 X68.686 Y276.961
G1 X68.343 Y276.990
G1 X68.000 Y277.000
G1 X67.657 Y276.990
G1 X67.314 Y276.961
G1 X66.973 Y276.913
G1 X66.634 Y276.846
G1 X66.299 Y276.760
G1 X65.968 Y276.656
G1 X65.642 Y276.532
G1 X65.321 Y276.391
G1 X65.007 Y276.232
G1 X64.700 Y276.055
G1 X64.401 Y275.862
G1 X64.111 Y275.652
G1 X63.830 Y275.426
G1 X63.559 Y275.184
G1 X63.299 Y274.928
G1 X63.050 Y274.657
G1 X62.813 Y274.372
G1 X62.589 Y274.075
G1 X62.378 Y273.766
G1 X62.180 Y273.445
G1 X61.996 Y273.113
G1 X61.827 Y272.771
G1 X61.672 Y272.420
G1 X61.533 Y272.061
G1 X61.409 Y271.695
G1 X61.301 Y271.322
G1 X61.210 Y270.944
G1 X61.135 Y270.561
G1 X61.076 Y270.174
G1 X61.034 Y269.784
G1 X61.008 Y269.393
G1 X61.000 Y269.000
G1 X61.008 Y268.607
G1 X61.034 Y268.216
G1 X61.076 Y267.826
G1 X61.135 Y267.439
G1 X61.210 Y267.056
G1 X61.301 Y266.678
G1 X61.409 Y266.305
G1 X61.533 Y265.939
G1 X61.672 Y265.580
G1 X61.827 Y265.229
G1 X61.996 Y264.887
G1 X62.180 Y264.555
G1 X62.378 Y264.234
G1 X62.589 Y263.925
G1 X62.813 Y263.628
G1 X63.050 Y263.343
G1 X63.299 Y263.072
G1 X63.559 Y262.816
G1 X63.830 Y262.574
G1 X64.111 Y262.348
G1 X64.401 Y262.138
G1 X64.700 Y261.945
G1 X65.007 Y261.768
G1 X65.321 Y261.609
G1 X65.642 Y261.468
G1 X65.968 Y261.344
G1 X66.299 Y261.240
G1 X66.634 Y261.154
G1 X66.973 Y261.087
G1 X67.314 Y261.039
G1 X67.657 Y261.010
G1 X68.000 Y261.000
G1 X68.343 Y261.010
G1 X68.686 Y261.039
G1 X69.027 Y261.087
G1 X69.366 Y261.154
G1 X69.701 Y261.240
G1 X70.032 Y261.344
G1 X70.358 Y261.468
G1 X70.679 Y261.609
G1 X70.993 Y261.768
G1 X71.300 Y261.945
G1 X71.599 Y262.138
G1 X71.889 Y262.348
G1 X72.170 Y262.574
G1 X72.441 Y262.816
G1 X72.701 Y263.072
G1 X72.950 Y263.343
G1 X73.187 Y263.628
G1 X73.411 Y263.925
G1 X73.622 Y264.234
G1 X73.820 Y264.555
G1 X74.004 Y264.887
G1 X74.173 Y265.229
G1 X74.328 Y265.580
G1 X74.467 Y265.939
G1 X74.591 Y266.305
G1 X74.699 Y266.678
G1 X74.790 Y267.056
G1 X74.865 Y267.439
G1 X74.924 Y267.826
G1 X74.966 Y268.216
G1 X74.992 Y268.607
G1 X74.996 Y268.829
G1 X74.992 Y268.607
G1 X74.966 Y268.216
G1 X74.924 Y267.826
G1 X74.865 Y267.439
G1 X74.790 Y267.056
G1 X74.699 Y266.678
G1 X74.591 Y266.305
G1 X74.467 Y265.939
G1 X74.328 Y265.580
G1 X74.173 Y265.229
G1 X74.004 Y264.887
G1 X73.820 Y264.555
G1 X73.622 Y264.234
G1 X73.411 Y263.925
G1 X73.187 Y263.628
G1 X72.950 Y263.343
G1 X72.701 Y263.072
G1 X72.441 Y262.816
G1 X72.170 Y262.574
G1 X71.889 Y262.348
G1 X71.599 Y262.138
G1 X71.300 Y261.945
G1 X70.993 Y261.768
G1 X70.679 Y261.609
G1 X70.358 Y261.468
G1 X70.032 Y261.344
G1 X69.701 Y261.240
G1 X69.366 Y261.154
G1 X69.027 Y261.087
G1 X68.686 Y261.039
G1 X68.343 Y261.010
G1 X68.000 Y261.000
G1 X67.657 Y261.010
G1 X67.314 Y261.039
G1 X66.973 Y261.087
G1 X66.634 Y261.154
G1 X66.299 Y261.240
G1 X65.968 Y261.344
G1 X65.642 Y261.468
G1 X65.321 Y261.609
G1 X65.007 Y261.768
G1 X64.700 Y261.945
G1 X64.401 Y262.138
G1 X64.111 Y262.348
G1 X63.830 Y262.574
G1 X63.559 Y262.816
G1 X63.299 Y263.072
G1 X63.050 Y263.343
G1 X62.813 Y263.628
G1 X62.589 Y263.925
G1 X62.378 Y264.234
G1 X62.180 Y264.555
G1 X61.996 Y264.887
G1 X61.827 Y265.229
G1 X61.672 Y265.580
G1 X61.533 Y265.939
G1 X61.409 Y266.305
G1 X61.301 Y266.678
G1 X61.210 Y267.056
G1 X61.135 Y267.439
G1 X61.076 Y267.826
G1 X61.034 Y268.216
G1 X61.010 Y268.586
; END LAYER: 31 nose bead

; BEGIN CONNECTOR: 31
G1 X61.010 Y268.586
G1 X47.819 Y268.413
; END CONNECTOR: 31

; BEGIN LAYER: 32 body
G1 X47.819 Y268.413
G1 X47.454 Y267.315
G1 X46.881 Y264.761
G1 X46.565 Y262.162
G1 X46.564 Y260.196
G1 X46.564 Y258.230
G1 X46.561 Y252.332
G1 X46.561 Y250.366
G1 X46.558 Y244.468
G1 X46.558 Y242.501
G1 X46.556 Y238.569
G1 X46.556 Y236.603
G1 X46.553 Y230.705
G1 X46.553 Y228.739
G1 X46.550 Y222.841
G1 X46.550 Y220.875
G1 X46.548 Y216.943
G1 X46.548 Y214.977
G1 X46.545 Y209.079
G1 X46.545 Y207.113
G1 X46.542 Y201.215
G1 X46.542 Y199.249
G1 X46.539 Y193.351
G1 X46.539 Y191.385
G1 X46.538 Y189.419
G1 X46.537 Y187.452
G1 X46.537 Y185.486
G1 X46.534 Y179.588
G1 X46.534 Y177.622
G1 X46.531 Y171.724
G1 X46.531 Y169.758
G1 X46.529 Y165.826
G1 X46.529 Y163.860
G1 X46.526 Y157.962
G1 X46.526 Y155.996
G1 X46.523 Y150.098
G1 X46.523 Y148.132
G1 X46.520 Y142.234
G1 X46.520 Y140.268
G1 X46.518 Y136.336
G1 X46.518 Y134.369
G1 X46.515 Y128.471
G1 X46.515 Y126.505
G1 X46.512 Y120.607
G1 X46.512 Y118.641
G1 X46.510 Y114.709
G1 X46.510 Y112.743
G1 X46.507 Y106.845
G1 X46.507 Y104.879
G1 X46.504 Y98.981
G1 X46.504 Y97.015
G1 X46.501 Y91.117
G1 X46.501 Y89.151
G1 X46.500 Y87.185
G1 X46.630 Y83.076
G1 X47.022 Y80.487
G1 X47.669 Y77.951
G1 X48.567 Y75.491
G1 X49.706 Y73.134
G1 X51.074 Y70.902
G1 X52.659 Y68.818
G1 X54.443 Y66.902
G1 X56.410 Y65.174
G1 X58.540 Y63.652
G1 X60.811 Y62.349
G1 X63.200 Y61.279
G1 X65.685 Y60.454
G1 X68.239 Y59.881
G1 X70.838 Y59.565
G1 X72.804 Y59.564
G1 X74.770 Y59.564
G1 X80.668 Y59.561
G1 X82.634 Y59.561
G1 X88.532 Y59.558
G1 X90.499 Y59.558
G1 X94.431 Y59.556
G1 X96.397 Y59.556
G1 X102.295 Y59.553
G1 X104.261 Y59.553
G1 X110.159 Y59.550
G1 X112.125 Y59.550
G1 X116.057 Y59.548
G1 X118.023 Y59.548
G1 X123.921 Y59.545
G1 X125.887 Y59.545
G1 X131.785 Y59.542
G1 X133.751 Y59.542
G1 X139.649 Y59.539
G1 X141.615 Y59.539
G1 X145.548 Y59.537
G1 X147.514 Y59.537
G1 X153.412 Y59.534
G1 X155.378 Y59.534
G1 X159.310 Y59.532
G1 X159.704 Y59.532
; END LAYER: 32 body

; BEGIN CONNECTOR: 32
G1 X159.704 Y59.532
G1 X160.074 Y84.026
; END CONNECTOR: 32

; BEGIN LAYER: 33 mouth outline
G1 X160.074 Y84.026
G1 X157.917 Y84.026
G1 X154.834 Y84.028
G1 X153.292 Y84.028
G1 X151.751 Y84.029
G1 X150.209 Y84.029
G1 X148.667 Y84.030
G1 X147.126 Y84.030
G1 X144.042 Y84.032
G1 X142.501 Y84.032
G1 X140.959 Y84.033
G1 X139.417 Y84.033
G1 X136.334 Y84.035
G1 X134.792 Y84.035
G1 X133.251 Y84.036
G1 X131.709 Y84.036
G1 X128.626 Y84.038
G1 X127.084 Y84.038
G1 X125.542 Y84.039
G1 X124.001 Y84.039
G1 X122.459 Y84.040
G1 X120.918 Y84.040
G1 X117.834 Y84.042
G1 X116.293 Y84.042
G1 X114.751 Y84.043
G1 X113.209 Y84.043
G1 X110.126 Y84.045
G1 X108.584 Y84.045
G1 X107.043 Y84.046
G1 X105.501 Y84.046
G1 X103.959 Y84.047
G1 X102.418 Y84.047
G1 X99.334 Y84.049
G1 X97.793 Y84.049
G1 X96.251 Y84.050
G1 X94.709 Y84.050
G1 X91.626 Y84.052
G1 X90.085 Y84.052
G1 X88.047 Y84.305
G1 X86.043 Y84.765
G1 X84.095 Y85.427
G1 X82.221 Y86.284
G1 X80.441 Y87.329
G1 X78.771 Y88.550
G1 X77.229 Y89.935
G1 X75.829 Y91.471
G1 X74.587 Y93.142
G1 X73.514 Y94.931
G1 X72.621 Y96.821
G1 X71.917 Y98.793
G1 X71.409 Y100.827
G1 X71.102 Y102.902
G1 X71.000 Y106.196
G1 X71.001 Y107.773
G1 X71.045 Y108.853
; END LAYER: 33 mouth outline

; BEGIN CONNECTOR: 33
G1 X71.045 Y108.853
G1 X80.029 Y108.609
; END CONNECTOR: 33

; BEGIN LAYER: 34 mouth cap
G1 X80.029 Y108.609
G1 X79.915 Y109.049
G1 X79.566 Y110.731
G1 X79.300 Y112.428
G1 X79.117 Y114.136
G1 X79.019 Y115.851
G1 X79.005 Y117.569
G1 X79.075 Y119.285
G1 X79.229 Y120.996
G1 X79.467 Y122.698
G1 X79.788 Y124.385
G1 X80.192 Y126.055
G1 X80.677 Y127.703
G1 X81.242 Y129.325
G1 X81.886 Y130.918
G1 X82.608 Y132.477
G1 X83.405 Y133.999
G1 X84.276 Y135.479
G1 X85.219 Y136.916
G1 X86.230 Y138.304
G1 X87.309 Y139.641
G1 X88.452 Y140.923
G1 X89.657 Y142.148
G1 X89.800 Y142.000
G1 X101.000 Y142.000
G1 X101.000 Y94.000
G1 X87.618 Y94.000
G1 X86.587 Y95.239
G1 X85.552 Y96.610
G1 X84.586 Y98.031
G1 X83.691 Y99.497
G1 X82.869 Y101.005
G1 X82.121 Y102.552
G1 X81.451 Y104.134
G1 X80.859 Y105.746
G1 X80.346 Y107.386
G1 X80.013 Y108.670
G1 X80.346 Y107.386
G1 X80.859 Y105.746
G1 X81.451 Y104.134
G1 X82.121 Y102.552
G1 X82.869 Y101.005
G1 X83.691 Y99.497
G1 X84.586 Y98.031
G1 X85.552 Y96.610
G1 X86.587 Y95.239
G1 X87.618 Y94.000
G1 X101.000 Y94.000
G1 X101.000 Y109.936
; END LAYER: 34 mouth cap

; BEGIN CONNECTOR: 34
G1 X101.000 Y109.936
G1 X109.000 Y110.000
; END CONNECTOR: 34

; BEGIN LAYER: 35 mouth
G1 X109.000 Y110.000
G1 X109.000 Y142.000
G1 X137.000 Y142.000
G1 X137.000 Y94.000
G1 X109.000 Y94.000
G1 X109.000 Y110.000
G1 X109.000 Y94.000
G1 X137.000 Y94.000
G1 X137.000 Y109.000
; END LAYER: 35 mouth

; BEGIN CONNECTOR: 35
G1 X137.000 Y109.000
G1 X145.000 Y109.000
; END CONNECTOR: 35

; BEGIN LAYER: 36 mouth
G1 X145.000 Y109.000
G1 X145.000 Y142.000
G1 X173.000 Y142.000
G1 X173.000 Y94.000
G1 X145.000 Y94.000
G1 X145.000 Y109.000
G1 X145.000 Y94.000
G1 X173.000 Y94.000
G1 X173.000 Y109.000
; END LAYER: 36 mouth

; BEGIN CONNECTOR: 36
G1 X173.000 Y109.000
G1 X182.000 Y109.000
; END CONNECTOR: 36

; BEGIN LAYER: 37 mouth
G1 X182.000 Y109.000
G1 X182.000 Y142.000
G1 X210.000 Y142.000
G1 X210.000 Y94.000
G1 X182.000 Y94.000
G1 X182.000 Y109.000
G1 X182.000 Y94.000
G1 X210.000 Y94.000
G1 X210.000 Y109.000
; END LAYER: 37 mouth

; BEGIN CONNECTOR: 37
G1 X210.000 Y109.000
G1 X218.000 Y109.000
; END CONNECTOR: 37

; BEGIN LAYER: 38 mouth cap
G1 X218.000 Y109.000
G1 X218.000 Y142.000
G1 X231.382 Y142.000
G1 X232.413 Y140.761
G1 X233.448 Y139.390
G1 X234.414 Y137.969
G1 X235.309 Y136.503
G1 X236.131 Y134.995
G1 X236.879 Y133.448
G1 X237.549 Y131.866
G1 X238.141 Y130.254
G1 X238.654 Y128.614
G1 X239.085 Y126.951
G1 X239.434 Y125.269
G1 X239.700 Y123.572
G1 X239.883 Y121.864
G1 X239.981 Y120.149
G1 X239.995 Y118.431
G1 X239.925 Y116.715
G1 X239.771 Y115.004
G1 X239.533 Y113.302
G1 X239.212 Y111.615
G1 X238.808 Y109.945
G1 X238.323 Y108.297
G1 X237.758 Y106.675
G1 X237.114 Y105.082
G1 X236.392 Y103.523
G1 X235.595 Y102.001
G1 X234.724 Y100.521
G1 X233.781 Y99.084
G1 X232.770 Y97.696
G1 X231.691 Y96.359
G1 X230.548 Y95.077
G1 X229.343 Y93.852
G1 X229.200 Y94.000
G1 X218.000 Y94.000
G1 X218.000 Y109.064
G1 X218.000 Y94.000
G1 X229.200 Y94.000
G1 X229.343 Y93.852
G1 X230.548 Y95.077
G1 X231.691 Y96.359
G1 X232.770 Y97.696
G1 X233.781 Y99.084
G1 X234.724 Y100.521
G1 X235.595 Y102.001
G1 X236.392 Y103.523
G1 X237.114 Y105.082
G1 X237.758 Y106.675
G1 X238.323 Y108.297
G1 X238.422 Y108.634
; END LAYER: 38 mouth cap

; BEGIN CONNECTOR: 38
G1 X238.422 Y108.634
G1 X249.000 Y108.600
; END CONNECTOR: 38

; BEGIN LAYER: 39 mouth
G1 X249.000 Y108.600
; END LAYER: 39 mouth

; BEGIN CONNECTOR: 39
G1 X249.000 Y108.600
G1 X248.898 Y127.098
; END CONNECTOR: 39

; BEGIN LAYER: 40 mouth outline
G1 X248.898 Y127.098
G1 X248.591 Y129.173
G1 X248.083 Y131.207
G1 X247.379 Y133.179
G1 X246.486 Y135.069
G1 X245.413 Y136.858
G1 X244.171 Y138.529
G1 X242.771 Y140.065
G1 X241.229 Y141.450
G1 X239.559 Y142.671
G1 X237.779 Y143.716
G1 X235.905 Y144.573
G1 X233.957 Y145.235
G1 X231.953 Y145.695
G1 X229.915 Y145.948
G1 X228.374 Y145.948
G1 X225.291 Y145.950
G1 X223.749 Y145.950
G1 X222.207 Y145.951
G1 X220.666 Y145.951
G1 X217.582 Y145.953
G1 X216.041 Y145.953
G1 X214.499 Y145.954
G1 X212.957 Y145.954
G1 X211.416 Y145.955
G1 X209.874 Y145.955
G1 X206.791 Y145.957
G1 X205.249 Y145.957
G1 X203.707 Y145.958
G1 X202.166 Y145.958
G1 X199.082 Y145.960
G1 X197.541 Y145.960
G1 X195.999 Y145.961
G1 X194.458 Y145.961
G1 X192.916 Y145.962
G1 X191.374 Y145.962
G1 X188.291 Y145.964
G1 X186.749 Y145.964
G1 X185.208 Y145.965
G1 X183.666 Y145.965
G1 X180.583 Y145.967
G1 X179.041 Y145.967
G1 X177.499 Y145.968
G1 X175.958 Y145.968
G1 X172.874 Y145.970
G1 X171.333 Y145.970
G1 X169.791 Y145.971
G1 X168.249 Y145.971
G1 X166.708 Y145.972
G1 X165.166 Y145.972
G1 X162.083 Y145.974
G1 X160.541 Y145.974
G1 X159.000 Y145.975
G1 X157.458 Y145.975
G1 X154.375 Y145.977
G1 X152.833 Y145.977
G1 X151.291 Y145.978
G1 X149.750 Y145.978
G1 X148.208 Y145.979
G1 X146.666 Y145.979
G1 X143.583 Y145.981
G1 X142.041 Y145.981
G1 X140.500 Y145.982
G1 X138.958 Y145.982
G1 X135.875 Y145.984
G1 X134.333 Y145.984
G1 X132.792 Y145.985
G1 X131.250 Y145.985
G1 X128.167 Y145.987
G1 X126.625 Y145.987
G1 X125.083 Y145.988
G1 X123.542 Y145.988
G1 X122.000 Y145.989
G1 X120.458 Y145.989
G1 X117.375 Y145.991
G1 X115.833 Y145.991
G1 X114.292 Y145.992
G1 X112.750 Y145.992
G1 X109.667 Y145.994
G1 X108.125 Y145.994
G1 X106.583 Y145.995
G1 X105.042 Y145.995
G1 X103.500 Y145.996
G1 X101.959 Y145.996
G1 X98.875 Y145.998
G1 X97.334 Y145.998
G1 X95.792 Y145.999
G1 X94.250 Y145.999
G1 X92.709 Y146.000
G1 X89.487 Y145.896
G1 X87.457 Y145.582
G1 X85.468 Y145.063
G1 X83.540 Y144.343
G1 X81.691 Y143.430
G1 X79.941 Y142.333
G1 X78.307 Y141.062
G1 X76.804 Y139.632
G1 X75.450 Y138.055
G1 X74.255 Y136.347
G1 X73.234 Y134.526
G1 X72.395 Y132.610
G1 X71.748 Y130.618
G1 X71.298 Y128.570
G1 X71.051 Y126.487
G1 X71.050 Y124.910
G1 X71.050 Y123.334
G1 X71.049 Y121.758
G1 X71.049 Y120.181
G1 X71.048 Y118.605
G1 X71.048 Y117.029
G1 X71.047 Y115.453
G1 X71.046 Y113.876
G1 X71.046 Y112.300
G1 X71.045 Y110.724
G1 X71.045 Y109.046
; END LAYER: 40 mouth outline

; BEGIN CONNECTOR: 40
G1 X71.045 Y109.046
G1 X71.049 Y108.946
; END CONNECTOR: 40

; BEGIN LAYER: 41 mouth outline
G1 X71.049 Y108.946
G1 X71.001 Y107.773
G1 X71.000 Y106.196
G1 X71.102 Y102.902
G1 X71.409 Y100.827
G1 X71.917 Y98.793
G1 X72.621 Y96.821
G1 X73.514 Y94.931
G1 X74.587 Y93.142
G1 X75.829 Y91.471
G1 X77.229 Y89.935
G1 X78.771 Y88.550
G1 X80.441 Y87.329
G1 X82.221 Y86.284
G1 X84.095 Y85.427
G1 X86.043 Y84.765
G1 X88.047 Y84.305
G1 X90.085 Y84.052
G1 X91.626 Y84.052
G1 X94.709 Y84.050
G1 X96.251 Y84.050
G1 X97.793 Y84.049
G1 X99.334 Y84.049
G1 X102.418 Y84.047
G1 X103.959 Y84.047
G1 X105.501 Y84.046
G1 X107.043 Y84.046
G1 X108.584 Y84.045
G1 X110.126 Y84.045
G1 X113.209 Y84.043
G1 X114.751 Y84.043
G1 X116.293 Y84.042
G1 X117.834 Y84.042
G1 X120.918 Y84.040
G1 X122.459 Y84.040
G1 X124.001 Y84.039
G1 X125.542 Y84.039
G1 X127.084 Y84.038
G1 X128.626 Y84.038
G1 X131.709 Y84.036
G1 X133.251 Y84.036
G1 X134.792 Y84.035
G1 X136.334 Y84.035
G1 X139.417 Y84.033
G1 X140.959 Y84.033
G1 X142.501 Y84.032
G1 X144.042 Y84.032
G1 X147.126 Y84.030
G1 X148.667 Y84.030
G1 X150.209 Y84.029
G1 X151.751 Y84.029
G1 X153.292 Y84.028
G1 X154.834 Y84.028
G1 X157.917 Y84.026
G1 X159.459 Y84.026
G1 X161.000 Y84.025
G1 X162.542 Y84.025
G1 X165.625 Y84.023
G1 X167.167 Y84.023
G1 X168.709 Y84.022
G1 X170.250 Y84.022
G1 X171.792 Y84.021
G1 X173.334 Y84.021
G1 X176.417 Y84.019
G1 X177.959 Y84.019
G1 X179.500 Y84.018
G1 X181.042 Y84.018
G1 X184.125 Y84.016
G1 X185.667 Y84.016
G1 X187.208 Y84.015
G1 X188.750 Y84.015
G1 X191.833 Y84.013
G1 X193.375 Y84.013
G1 X194.917 Y84.012
G1 X196.458 Y84.012
G1 X198.000 Y84.011
G1 X199.542 Y84.011
G1 X202.625 Y84.009
G1 X204.167 Y84.009
G1 X205.708 Y84.008
G1 X207.250 Y84.008
G1 X210.333 Y84.006
G1 X211.875 Y84.006
G1 X213.417 Y84.005
G1 X214.958 Y84.005
G1 X216.500 Y84.004
G1 X218.041 Y84.004
G1 X221.125 Y84.002
G1 X222.666 Y84.002
G1 X224.208 Y84.001
G1 X225.750 Y84.001
G1 X227.291 Y84.000
G1 X230.513 Y84.104
G1 X232.543 Y84.418
G1 X234.532 Y84.937
G1 X236.460 Y85.657
G1 X238.309 Y86.570
G1 X240.059 Y87.667
G1 X241.693 Y88.938
G1 X243.196 Y90.368
G1 X244.550 Y91.945
G1 X245.745 Y93.653
G1 X246.766 Y95.474
G1 X247.605 Y97.390
G1 X248.252 Y99.382
G1 X248.702 Y101.430
G1 X248.949 Y103.513
G1 X248.950 Y105.090
G1 X248.950 Y106.666
G1 X248.951 Y108.242
G1 X248.951 Y108.907
G1 X248.951 Y108.242
G1 X248.950 Y106.666
G1 X248.950 Y105.090
G1 X248.949 Y103.513
G1 X248.702 Y101.430
G1 X248.252 Y99.382
G1 X247.605 Y97.390
G1 X246.766 Y95.474
G1 X245.745 Y93.653
G1 X244.550 Y91.945
G1 X243.196 Y90.368
G1 X241.693 Y88.938
G1 X240.059 Y87.667
G1 X238.309 Y86.570
G1 X236.460 Y85.657
G1 X234.532 Y84.937
G1 X232.543 Y84.418
G1 X230.513 Y84.104
G1 X227.291 Y84.000
G1 X225.750 Y84.001
G1 X224.208 Y84.001
G1 X222.666 Y84.002
G1 X221.125 Y84.002
G1 X218.041 Y84.004
G1 X216.500 Y84.004
G1 X214.958 Y84.005
G1 X213.417 Y84.005
G1 X211.875 Y84.006
G1 X210.333 Y84.006
G1 X207.250 Y84.008
G1 X205.708 Y84.008
G1 X204.167 Y84.009
G1 X202.625 Y84.009
G1 X199.542 Y84.011
G1 X198.000 Y84.011
G1 X196.458 Y84.012
G1 X194.917 Y84.012
G1 X193.375 Y84.013
G1 X191.833 Y84.013
G1 X188.750 Y84.015
G1 X187.208 Y84.015
G1 X185.667 Y84.016
G1 X184.125 Y84.016
G1 X181.042 Y84.018
G1 X179.500 Y84.018
G1 X177.959 Y84.019
G1 X176.417 Y84.019
G1 X173.334 Y84.021
G1 X171.792 Y84.021
G1 X170.250 Y84.022
G1 X168.709 Y84.022
G1 X167.167 Y84.023
G1 X165.625 Y84.023
G1 X162.542 Y84.025
G1 X161.000 Y84.025
G1 X159.980 Y84.026
; END LAYER: 41 mouth outline

; BEGIN CONNECTOR: 41
G1 X159.980 Y84.026
G1 X159.667 Y59.532
; END CONNECTOR: 41

; BEGIN LAYER: 42 body
G1 X159.667 Y59.532
G1 X159.310 Y59.532
G1 X155.378 Y59.534
G1 X153.412 Y59.534
G1 X147.514 Y59.537
G1 X145.548 Y59.537
G1 X141.615 Y59.539
G1 X139.649 Y59.539
G1 X133.751 Y59.542
G1 X131.785 Y59.542
G1 X125.887 Y59.545
G1 X123.921 Y59.545
G1 X118.023 Y59.548
G1 X116.057 Y59.548
G1 X112.125 Y59.550
G1 X110.159 Y59.550
G1 X104.261 Y59.553
G1 X102.295 Y59.553
G1 X96.397 Y59.556
G1 X94.431 Y59.556
G1 X90.499 Y59.558
G1 X88.532 Y59.558
G1 X82.634 Y59.561
G1 X80.668 Y59.561
G1 X74.770 Y59.564
G1 X72.804 Y59.564
G1 X70.838 Y59.565
G1 X68.239 Y59.881
G1 X65.685 Y60.454
G1 X63.200 Y61.279
G1 X60.811 Y62.349
G1 X58.540 Y63.652
G1 X56.410 Y65.174
G1 X54.443 Y66.902
G1 X52.659 Y68.818
G1 X51.074 Y70.902
G1 X49.706 Y73.134
G1 X48.567 Y75.491
G1 X47.669 Y77.951
G1 X47.022 Y80.487
G1 X46.630 Y83.076
G1 X46.500 Y87.185
G1 X46.501 Y89.151
G1 X46.501 Y91.117
G1 X46.504 Y97.015
G1 X46.504 Y98.981
G1 X46.507 Y104.879
G1 X46.507 Y106.845
G1 X46.510 Y112.743
G1 X46.510 Y114.709
G1 X46.512 Y118.641
G1 X46.512 Y120.607
G1 X46.515 Y126.505
G1 X46.515 Y128.471
G1 X46.518 Y134.369
G1 X46.518 Y136.336
G1 X46.520 Y140.268
G1 X46.520 Y142.234
G1 X46.523 Y148.132
G1 X46.523 Y150.098
G1 X46.526 Y155.996
G1 X46.526 Y157.962
G1 X46.529 Y163.860
G1 X46.529 Y165.826
G1 X46.531 Y169.758
G1 X46.531 Y171.724
G1 X46.534 Y177.622
G1 X46.534 Y179.588
G1 X46.537 Y185.486
G1 X46.537 Y187.452
G1 X46.538 Y189.419
G1 X46.539 Y191.385
G1 X46.539 Y193.351
G1 X46.542 Y199.249
G1 X46.542 Y201.215
G1 X46.545 Y207.113
G1 X46.545 Y209.079
G1 X46.548 Y214.977
G1 X46.548 Y216.943
G1 X46.550 Y220.875
G1 X46.550 Y222.841
G1 X46.553 Y228.739
G1 X46.553 Y230.705
G1 X46.556 Y236.603
G1 X46.556 Y238.569
G1 X46.558 Y242.501
G1 X46.558 Y244.468
G1 X46.561 Y250.366
G1 X46.561 Y252.332
G1 X46.564 Y258.230
G1 X46.564 Y260.196
G1 X46.565 Y262.162
G1 X46.881 Y264.761
G1 X47.454 Y267.315
G1 X48.279 Y269.800
G1 X49.349 Y272.189
G1 X50.652 Y274.460
G1 X52.174 Y276.590
G1 X53.902 Y278.557
G1 X55.818 Y280.341
G1 X57.902 Y281.926
G1 X60.134 Y283.294
G1 X62.491 Y284.433
G1 X64.951 Y285.331
G1 X67.487 Y285.978
G1 X70.076 Y286.370
G1 X74.185 Y286.500
G1 X76.151 Y286.499
G1 X78.117 Y286.499
G1 X84.015 Y286.496
G1 X85.981 Y286.496
G1 X91.879 Y286.493
G1 X93.845 Y286.493
G1 X99.743 Y286.490
G1 X101.709 Y286.490
G1 X105.641 Y286.488
G1 X107.607 Y286.488
G1 X113.505 Y286.485
G1 X115.471 Y286.485
G1 X121.369 Y286.482
G1 X123.336 Y286.482
G1 X127.268 Y286.480
G1 X129.234 Y286.480
G1 X135.132 Y286.477
G1 X137.098 Y286.477
G1 X142.996 Y286.474
G1 X144.962 Y286.474
G1 X150.860 Y286.471
G1 X152.826 Y286.471
G1 X156.758 Y286.469
G1 X158.724 Y286.469
G1 X164.622 Y286.466
G1 X166.588 Y286.466
G1 X172.486 Y286.463
G1 X174.452 Y286.463
G1 X178.385 Y286.461
G1 X180.351 Y286.461
G1 X186.249 Y286.458
G1 X188.215 Y286.458
G1 X194.113 Y286.455
G1 X196.079 Y286.455
G1 X201.977 Y286.452
G1 X203.943 Y286.452
G1 X207.875 Y286.450
G1 X209.841 Y286.450
G1 X215.739 Y286.447
G1 X217.705 Y286.447
G1 X223.603 Y286.444
G1 X225.569 Y286.444
G1 X229.501 Y286.442
G1 X231.468 Y286.442
G1 X237.366 Y286.439
G1 X239.332 Y286.439
G1 X245.230 Y286.436
G1 X247.196 Y286.436
G1 X249.162 Y286.435
G1 X251.761 Y286.119
G1 X254.315 Y285.546
G1 X256.800 Y284.721
G1 X259.189 Y283.651
G1 X261.460 Y282.348
G1 X263.590 Y280.826
G1 X265.557 Y279.098
G1 X267.341 Y277.182
G1 X268.926 Y275.098
G1 X270.294 Y272.866
G1 X271.433 Y270.509
G1 X272.082 Y268.731
; END LAYER: 42 body

; BEGIN CONNECTOR: 42
G1 X272.082 Y268.731
G1 X281.500 Y269.000
; END CONNECTOR: 42

; BEGIN LAYER: 43 outer body
G1 X281.500 Y269.000
; END LAYER: 43 outer body

; BEGIN CONNECTOR: 43
G1 X281.500 Y269.000
G1 X281.500 Y295.000
; END CONNECTOR: 43

; BEGIN LAYER: 44 outer body
G1 X281.500 Y295.000
; END LAYER: 44 outer body

; BEGIN CONNECTOR: 44
G1 X281.500 Y295.000
G1 X201.000 Y314.000
; END CONNECTOR: 44

; BEGIN LAYER: 45 hat, right connect
G1 X201.000 Y314.000
; END LAYER: 45 hat, right connect

; BEGIN CONNECTOR: 45
G1 X201.000 Y314.000
G1 X200.500 Y315.000
; END CONNECTOR: 45

; BEGIN LAYER: 46 cap
G1 X200.500 Y315.000
G1 X200.451 Y315.859
G1 X200.305 Y316.715
G1 X200.062 Y317.568
G1 X199.722 Y318.414
G1 X199.286 Y319.252
G1 X198.756 Y320.080
G1 X198.133 Y320.896
G1 X197.417 Y321.697
G1 X196.612 Y322.482
G1 X195.718 Y323.249
G1 X194.738 Y323.997
G1 X193.675 Y324.722
G1 X192.530 Y325.425
G1 X191.307 Y326.102
G1 X190.009 Y326.752
G1 X188.638 Y327.374
G1 X187.198 Y327.967
G1 X185.693 Y328.528
G1 X184.126 Y329.056
G1 X182.501 Y329.551
G1 X180.821 Y330.010
G1 X179.092 Y330.434
G1 X177.316 Y330.820
G1 X175.499 Y331.168
G1 X173.644 Y331.477
G1 X171.757 Y331.746
G1 X169.841 Y331.976
G1 X167.901 Y332.164
G1 X165.943 Y332.311
G1 X164.356 Y332.395
; END LAYER: 46 cap

; BEGIN CONNECTOR: 46
G1 X164.356 Y332.395
G1 X164.000 Y354.000
; END CONNECTOR: 46

; BEGIN LAYER: 47 stem
G1 X164.000 Y354.000
; END LAYER: 47 stem

; BEGIN CONNECTOR: 47
G1 X164.000 Y354.000
G1 X164.386 Y354.462
; END CONNECTOR: 47

; BEGIN LAYER: 48 beacon
G1 X164.386 Y354.462
G1 X164.489 Y354.508
G1 X164.950 Y354.740
G1 X165.398 Y354.994
G1 X165.833 Y355.270
G1 X166.255 Y355.566
G1 X166.661 Y355.883
G1 X167.051 Y356.220
G1 X167.425 Y356.575
G1 X167.780 Y356.949
G1 X168.117 Y357.339
G1 X168.434 Y357.745
G1 X168.730 Y358.167
G1 X169.006 Y358.602
G1 X169.260 Y359.050
G1 X169.492 Y359.511
G1 X169.701 Y359.982
G1 X169.886 Y360.463
G1 X170.048 Y360.952
G1 X170.185 Y361.449
G1 X170.298 Y361.952
G1 X170.386 Y362.459
G1 X170.449 Y362.971
G1 X170.487 Y363.485
G1 X170.500 Y364.000
G1 X170.487 Y364.515
G1 X170.449 Y365.029
G1 X170.386 Y365.541
G1 X170.298 Y366.048
G1 X170.185 Y366.551
G1 X170.048 Y367.048
G1 X169.886 Y367.537
G1 X169.701 Y368.018
G1 X169.492 Y368.489
G1 X169.260 Y368.950
G1 X169.006 Y369.398
G1 X168.730 Y369.833
G1 X168.434 Y370.255
G1 X168.117 Y370.661
G1 X167.780 Y371.051
G1 X167.425 Y371.425
G1 X167.051 Y371.780
G1 X166.661 Y372.117
G1 X166.255 Y372.434
G1 X165.833 Y372.730
G1 X165.398 Y373.006
G1 X164.950 Y373.260
G1 X164.489 Y373.492
G1 X164.018 Y373.701
G1 X163.537 Y373.886
G1 X163.048 Y374.048
G1 X162.551 Y374.185
G1 X162.048 Y374.298
G1 X161.541 Y374.386
G1 X161.029 Y374.449
G1 X160.515 Y374.487
G1 X160.458 Y374.489
; END LAYER: 48 beacon

; BEGIN CONNECTOR: 48
G1 X160.458 Y374.489
G1 X160.458 Y390.000
G1 X0.000 Y390.000
G1 X0.000 Y0.000
G1 X56.208 Y0.000
G1 X56.208 Y14.008
; END CONNECTOR: 48

; BEGIN LAYER: 49 OPEN SAUCE 2025
G1 X56.208 Y14.008
G1 X56.104 Y14.000
G1 X55.053 Y14.077
G1 X54.929 Y14.086
G1 X53.895 Y14.328
G1 X53.827 Y14.344
G1 X52.829 Y14.761
G1 X52.798 Y14.775
G1 X51.858 Y15.366
G1 X51.840 Y15.377
G1 X50.979 Y16.130
G1 X50.969 Y16.139
G1 X50.203 Y17.040
G1 X50.196 Y17.049
G1 X49.541 Y18.076
G1 X49.521 Y18.107
G1 X48.983 Y19.233
G1 X48.946 Y19.311
G1 X48.542 Y20.523
G1 X48.505 Y20.635
G1 X48.217 Y21.897
G1 X48.182 Y22.049
G1 X48.007 Y23.342
G1 X47.978 Y23.553
G1 X47.908 Y24.862
G1 X47.893 Y25.148
G1 X47.893 Y26.459
G1 X47.942 Y27.769
G1 X47.955 Y28.115
G1 X48.112 Y29.412
G1 X48.143 Y29.672
G1 X48.414 Y30.939
G1 X48.455 Y31.131
G1 X48.847 Y32.349
G1 X48.893 Y32.492
G1 X49.407 Y33.636
G1 X49.449 Y33.730
G1 X50.087 Y34.772
G1 X50.117 Y34.820
G1 X50.872 Y35.733
G1 X50.896 Y35.762
G1 X51.733 Y36.509
; END LAYER: 49 OPEN SAUCE 2025

; BEGIN CONNECTOR: 49
G1 X51.733 Y36.509
G1 X56.051 Y37.934
; END CONNECTOR: 49

; BEGIN LAYER: 50 OPEN SAUCE 2025
G1 X56.051 Y37.934
G1 X57.225 Y37.848
G1 X58.260 Y37.606
G1 X58.327 Y37.590
G1 X59.325 Y37.173
G1 X59.357 Y37.160
G1 X60.296 Y36.569
G1 X60.314 Y36.557
G1 X61.165 Y35.785
G1 X61.186 Y35.766
G1 X61.943 Y34.855
G1 X61.959 Y34.836
G1 X62.609 Y33.805
G1 X62.633 Y33.766
G1 X63.170 Y32.638
G1 X63.209 Y32.557
G1 X63.619 Y31.350
G1 X63.669 Y31.201
G1 X63.956 Y29.939
G1 X63.998 Y29.754
G1 X64.165 Y28.459
G1 X64.196 Y28.217
G1 X64.249 Y26.907
G1 X64.262 Y26.590
G1 X64.262 Y25.475
G1 X64.212 Y24.165
G1 X64.199 Y23.820
G1 X64.043 Y22.523
G1 X64.012 Y22.262
G1 X63.740 Y20.995
G1 X63.699 Y20.803
G1 X63.308 Y19.586
G1 X63.262 Y19.443
G1 X62.732 Y18.309
G1 X62.686 Y18.209
G1 X62.039 Y17.175
G1 X62.012 Y17.131
G1 X61.251 Y16.224
G1 X61.238 Y16.209
G1 X60.378 Y15.453
G1 X60.367 Y15.443
G1 X59.432 Y14.839
G1 X59.390 Y14.811
G1 X58.396 Y14.379
G1 X58.354 Y14.361
G1 X57.321 Y14.106
G1 X57.258 Y14.090
G1 X56.208 Y14.008
G1 X56.104 Y14.000
G1 X55.053 Y14.077
G1 X54.929 Y14.086
G1 X53.895 Y14.328
G1 X53.827 Y14.344
G1 X52.829 Y14.761
G1 X52.798 Y14.775
G1 X51.858 Y15.366
G1 X51.840 Y15.377
G1 X50.979 Y16.130
G1 X50.969 Y16.139
G1 X50.203 Y17.040
G1 X50.196 Y17.049
G1 X49.541 Y18.076
G1 X49.521 Y18.107
G1 X48.983 Y19.233
G1 X48.946 Y19.311
G1 X48.542 Y20.523
G1 X48.505 Y20.635
G1 X48.217 Y21.897
G1 X48.182 Y22.049
G1 X48.007 Y23.342
G1 X47.978 Y23.553
G1 X47.908 Y24.862
G1 X47.893 Y25.148
G1 X47.893 Y26.459
G1 X47.942 Y27.769
G1 X47.955 Y28.115
G1 X48.112 Y29.412
G1 X48.143 Y29.672
G1 X48.414 Y30.939
G1 X48.455 Y31.131
G1 X48.847 Y32.349
G1 X48.893 Y32.492
G1 X49.407 Y33.636
G1 X49.449 Y33.730
G1 X50.087 Y34.772
G1 X50.117 Y34.820
G1 X50.872 Y35.733
G1 X50.896 Y35.762
G1 X51.752 Y36.526
G1 X51.788 Y36.557
G1 X52.731 Y37.139
G1 X52.765 Y37.160
G1 X53.763 Y37.575
G1 X53.801 Y37.590
G1 X54.835 Y37.834
G1 X54.896 Y37.848
G1 X55.947 Y37.927
G1 X56.051 Y37.934
G1 X55.947 Y37.927
G1 X56.051 Y33.541
G1 X55.258 Y33.443
G1 X54.564 Y33.148
G1 X53.969 Y32.656
G1 X53.472 Y31.967
G1 X53.074 Y31.082
G1 X52.775 Y30.000
G1 X52.574 Y28.721
G1 X52.484 Y27.415
G1 X52.472 Y27.246
G1 X52.472 Y25.475
G1 X52.517 Y24.165
G1 X52.528 Y23.869
G1 X52.682 Y22.572
G1 X52.696 Y22.459
G1 X52.975 Y21.246
G1 X53.367 Y20.230
G1 X53.893 Y19.426
G1 X54.525 Y18.852
G1 X55.261 Y18.508
G1 X56.104 Y18.393
G1 X56.900 Y18.508
G1 X57.604 Y18.852
G1 X58.215 Y19.426
G1 X58.735 Y20.230
G1 X59.130 Y21.217
G1 X59.419 Y22.410
G1 X59.590 Y23.704
G1 X59.604 Y23.807
G1 X59.668 Y25.116
G1 X59.683 Y25.410
G1 X59.683 Y26.459
G1 X59.635 Y27.769
G1 X59.623 Y28.094
G1 X59.462 Y29.390
G1 X59.446 Y29.525
G1 X59.150 Y30.750
G1 X58.735 Y31.770
G1 X58.212 Y32.545
G1 X57.590 Y33.098
G1 X56.870 Y33.430
G1 X56.051 Y33.541
G1 X55.947 Y37.927
G1 X56.051 Y37.934
G1 X57.225 Y37.848
G1 X58.260 Y37.606
G1 X58.327 Y37.590
G1 X59.325 Y37.173
G1 X59.357 Y37.160
G1 X60.296 Y36.569
G1 X60.314 Y36.557
G1 X61.165 Y35.785
G1 X61.186 Y35.766
G1 X61.943 Y34.855
G1 X61.959 Y34.836
G1 X62.609 Y33.805
G1 X62.633 Y33.766
G1 X66.577 Y37.607
G1 X74.051 Y37.607
G1 X75.097 Y37.545
G1 X76.078 Y37.361
G1 X76.992 Y37.053
G1 X77.841 Y36.623
G1 X78.614 Y36.082
G1 X79.301 Y35.443
G1 X79.903 Y34.705
G1 X80.420 Y33.869
G1 X80.811 Y32.922
G1 X81.091 Y31.918
G1 X81.259 Y30.857
G1 X81.314 Y29.738
G1 X81.216 Y28.432
G1 X81.193 Y28.119
G1 X80.877 Y26.868
G1 X80.828 Y26.672
G1 X80.289 Y25.545
G1 X80.219 Y25.398
G1 X79.489 Y24.453
G1 X79.367 Y24.295
G1 X78.487 Y23.576
G1 X78.278 Y23.406
G1 X77.302 Y22.916
G1 X77.012 Y22.770
G1 X75.982 Y22.499
G1 X75.568 Y22.389
G1 X74.517 Y22.307
G1 X73.946 Y22.262
G1 X71.104 Y22.262
G1 X71.104 Y14.328
G1 X66.577 Y14.328
G1 X66.577 Y37.607
G1 X70.788 Y37.607
G1 X71.104 Y33.279
G1 X71.104 Y26.590
G1 X74.051 Y26.590
G1 X74.670 Y26.639
G1 X75.209 Y26.787
G1 X75.670 Y27.033
G1 X76.051 Y27.377
G1 X76.351 Y27.840
G1 X76.564 Y28.377
G1 X76.693 Y28.988
G1 X76.735 Y29.672
G1 X76.693 Y30.451
G1 X76.564 Y31.148
G1 X76.351 Y31.762
G1 X76.051 Y32.295
G1 X75.653 Y32.725
G1 X75.196 Y33.033
G1 X74.679 Y33.217
G1 X74.104 Y33.279
G1 X71.104 Y33.279
G1 X70.788 Y37.607
G1 X74.051 Y37.607
G1 X75.097 Y37.545
G1 X76.078 Y37.361
G1 X76.992 Y37.053
G1 X77.841 Y36.623
G1 X78.614 Y36.082
G1 X79.301 Y35.443
G1 X79.903 Y34.705
G1 X80.420 Y33.869
G1 X83.736 Y37.607
G1 X96.631 Y37.607
G1 X96.631 Y33.279
G1 X88.209 Y33.279
G1 X88.209 Y28.361
G1 X95.315 Y28.361
G1 X95.315 Y24.230
G1 X88.209 Y24.230
G1 X88.209 Y18.656
G1 X96.578 Y18.656
G1 X96.578 Y14.328
G1 X83.736 Y14.328
G1 X83.736 Y37.607
G1 X102.946 Y37.607
G1 X103.468 Y36.467
G1 X103.989 Y35.328
G1 X104.511 Y34.189
G1 X105.032 Y33.049
G1 X105.553 Y31.910
G1 X106.075 Y30.771
G1 X106.596 Y29.631
G1 X107.117 Y28.492
G1 X107.639 Y27.353
G1 X108.160 Y26.213
G1 X108.681 Y25.074
G1 X109.203 Y23.935
G1 X109.578 Y23.115
G1 X109.578 Y37.607
G1 X114.052 Y37.607
G1 X114.052 Y14.328
G1 X109.578 Y14.328
G1 X109.057 Y15.467
G1 X108.535 Y16.606
G1 X108.014 Y17.746
G1 X107.493 Y18.885
G1 X106.971 Y20.024
G1 X106.450 Y21.164
G1 X105.929 Y22.303
G1 X105.407 Y23.442
G1 X104.886 Y24.582
G1 X104.364 Y25.721
G1 X103.843 Y26.860
G1 X103.322 Y28.000
G1 X102.946 Y28.820
G1 X102.946 Y14.328
G1 X98.420 Y14.328
G1 X98.420 Y37.607
G1 X102.946 Y37.607
G1 X103.468 Y36.467
G1 X103.989 Y35.328
G1 X104.511 Y34.189
G1 X105.032 Y33.049
G1 X105.553 Y31.910
G1 X106.075 Y30.771
G1 X106.596 Y29.631
G1 X107.117 Y28.492
G1 X107.639 Y27.353
G1 X108.160 Y26.213
G1 X108.681 Y25.074
G1 X109.203 Y23.935
G1 X109.578 Y23.115
G1 X109.578 Y37.607
G1 X114.052 Y37.607
G1 X114.052 Y32.361
G1 X123.480 Y32.332
G1 X123.657 Y33.230
G1 X123.953 Y34.070
G1 X124.368 Y34.852
G1 X124.861 Y35.537
G1 X125.447 Y36.148
G1 X126.124 Y36.684
G1 X126.894 Y37.148
G1 X127.759 Y37.492
G1 X128.671 Y37.738
G1 X129.628 Y37.885
G1 X130.631 Y37.934
G1 X131.608 Y37.881
G1 X132.539 Y37.721
G1 X133.424 Y37.455
G1 X134.263 Y37.082
G1 X135.009 Y36.578
G1 X135.671 Y35.984
G1 X136.246 Y35.299
G1 X136.736 Y34.525
G1 X137.128 Y33.648
G1 X137.408 Y32.721
G1 X137.575 Y31.746
G1 X137.631 Y30.721
G1 X133.105 Y30.721
G1 X133.062 Y31.402
G1 X132.934 Y32.000
G1 X132.720 Y32.516
G1 X132.421 Y32.951
G1 X132.046 Y33.295
G1 X131.605 Y33.541
G1 X131.098 Y33.689
G1 X130.526 Y33.738
G1 X129.953 Y33.697
G1 X129.447 Y33.574
G1 X129.006 Y33.369
G1 X128.631 Y33.082
G1 X128.332 Y32.705
G1 X128.118 Y32.295
G1 X127.990 Y31.852
G1 X127.947 Y31.377
G1 X127.993 Y30.930
G1 X128.131 Y30.508
G1 X128.361 Y30.111
G1 X128.684 Y29.738
G1 X129.151 Y29.373
G1 X129.763 Y29.000
G1 X130.519 Y28.619
G1 X131.514 Y28.191
G1 X132.348 Y27.832
G1 X133.184 Y27.426
G1 X133.927 Y27.012
G1 X134.579 Y26.590
G1 X135.294 Y26.008
G1 X135.914 Y25.377
G1 X136.439 Y24.697
G1 X136.868 Y23.967
G1 X137.202 Y23.189
G1 X137.440 Y22.361
G1 X137.584 Y21.484
G1 X137.631 Y20.557
G1 X137.528 Y19.252
G1 X137.516 Y19.102
G1 X137.181 Y17.859
G1 X137.171 Y17.820
G1 X136.600 Y16.718
G1 X136.595 Y16.709
G1 X135.826 Y15.813
G1 X135.789 Y15.770
G1 X134.893 Y15.083
G1 X134.779 Y14.996
G1 X133.793 Y14.537
G1 X133.592 Y14.443
G1 X132.559 Y14.191
G1 X132.227 Y14.111
G1 X131.176 Y14.035
G1 X130.684 Y14.000
G1 X129.632 Y14.062
G1 X129.578 Y14.066
G1 X128.537 Y14.260
G1 X128.526 Y14.262
G1 X127.526 Y14.590
G1 X126.578 Y15.049
G1 X125.713 Y15.590
G1 X124.960 Y16.230
G1 X124.318 Y16.967
G1 X123.789 Y17.803
G1 X123.397 Y18.721
G1 X123.118 Y19.705
G1 X122.950 Y20.754
G1 X122.894 Y21.869
G1 X127.421 Y21.869
G1 X127.467 Y21.008
G1 X127.605 Y20.262
G1 X127.835 Y19.631
G1 X128.157 Y19.115
G1 X128.611 Y18.742
G1 X129.184 Y18.475
G1 X129.874 Y18.316
G1 X130.684 Y18.262
G1 X131.230 Y18.299
G1 X131.710 Y18.410
G1 X132.125 Y18.594
G1 X132.473 Y18.852
G1 X132.750 Y19.176
G1 X132.947 Y19.557
G1 X133.065 Y19.996
G1 X133.105 Y20.492
G1 X133.062 Y21.082
G1 X132.934 Y21.607
G1 X132.720 Y22.066
G1 X132.421 Y22.459
G1 X132.009 Y22.795
G1 X131.460 Y23.148
G1 X130.773 Y23.516
G1 X129.947 Y23.902
G1 X128.955 Y24.341
G1 X128.355 Y24.607
G1 X127.382 Y25.108
G1 X127.052 Y25.279
G1 X126.201 Y25.862
G1 X125.463 Y26.496
G1 X124.839 Y27.181
G1 X124.328 Y27.918
G1 X123.931 Y28.706
G1 X123.647 Y29.545
G1 X123.477 Y30.435
G1 X123.420 Y31.377
G1 X123.480 Y32.332
G1 X123.657 Y33.230
G1 X123.953 Y34.070
G1 X124.368 Y34.852
G1 X124.861 Y35.537
G1 X125.447 Y36.148
G1 X126.124 Y36.684
G1 X126.894 Y37.148
G1 X127.759 Y37.492
G1 X128.671 Y37.738
G1 X129.628 Y37.885
G1 X130.631 Y37.934
G1 X131.608 Y37.881
G1 X132.539 Y37.721
G1 X133.424 Y37.455
G1 X134.263 Y37.082
G1 X135.009 Y36.578
G1 X135.671 Y35.984
G1 X136.246 Y35.299
G1 X136.736 Y34.525
G1 X137.128 Y33.648
G1 X137.408 Y32.721
G1 X137.575 Y31.746
G1 X137.631 Y30.721
G1 X133.105 Y30.721
G1 X133.062 Y31.402
G1 X132.934 Y32.000
G1 X132.720 Y32.516
G1 X132.421 Y32.951
G1 X132.046 Y33.295
G1 X131.605 Y33.541
G1 X131.098 Y33.689
G1 X130.526 Y33.738
G1 X129.953 Y33.697
G1 X129.447 Y33.574
G1 X129.006 Y33.369
G1 X128.631 Y33.082
G1 X128.332 Y32.705
G1 X128.118 Y32.295
G1 X127.990 Y31.852
G1 X127.947 Y31.377
G1 X127.993 Y30.930
G1 X128.131 Y30.508
G1 X128.361 Y30.111
G1 X128.684 Y29.738
G1 X129.151 Y29.373
G1 X129.763 Y29.000
G1 X130.519 Y28.619
G1 X131.514 Y28.191
G1 X132.348 Y27.832
G1 X133.184 Y27.426
G1 X133.927 Y27.012
G1 X134.579 Y26.590
G1 X135.294 Y26.008
G1 X135.914 Y25.377
G1 X136.439 Y24.697
G1 X136.868 Y23.967
G1 X137.202 Y23.189
G1 X137.440 Y22.361
G1 X141.389 Y24.171
G1 X141.753 Y25.401
G1 X142.118 Y26.632
G1 X142.846 Y29.092
G1 X143.211 Y30.323
G1 X143.575 Y31.553
G1 X143.940 Y32.784
G1 X144.668 Y35.244
G1 X145.033 Y36.475
G1 X145.368 Y37.607
G1 X149.579 Y37.607
G1 X149.946 Y36.377
G1 X150.313 Y35.148
G1 X150.679 Y33.919
G1 X151.046 Y32.690
G1 X151.413 Y31.460
G1 X152.514 Y27.773
G1 X152.881 Y26.543
G1 X153.247 Y25.314
G1 X153.981 Y22.856
G1 X154.348 Y21.626
G1 X155.449 Y17.939
G1 X155.816 Y16.709
G1 X156.182 Y15.480
G1 X156.526 Y14.328
G1 X151.684 Y14.328
G1 X151.365 Y15.578
G1 X151.046 Y16.827
G1 X150.727 Y18.077
G1 X150.579 Y18.656
G1 X144.368 Y18.656
G1 X143.758 Y16.146
G1 X143.452 Y14.890
G1 X143.316 Y14.328
G1 X138.473 Y14.328
G1 X138.838 Y15.558
G1 X139.202 Y16.789
G1 X139.567 Y18.019
G1 X139.931 Y19.249
G1 X140.295 Y20.480
G1 X140.660 Y21.710
G1 X141.024 Y22.941
G1 X141.389 Y24.171
G1 X141.024 Y22.941
G1 X140.660 Y21.710
G1 X140.295 Y20.480
G1 X139.931 Y19.249
G1 X139.567 Y18.019
G1 X139.202 Y16.789
G1 X138.838 Y15.558
G1 X138.473 Y14.328
G1 X143.316 Y14.328
G1 X143.452 Y14.890
G1 X143.758 Y16.146
G1 X144.368 Y18.656
G1 X145.316 Y18.656
G1 X145.473 Y23.049
G1 X149.474 Y23.049
G1 X148.541 Y26.808
G1 X148.231 Y28.061
G1 X147.609 Y30.567
G1 X147.473 Y31.115
G1 X147.163 Y29.862
G1 X146.541 Y27.356
G1 X146.231 Y26.103
G1 X145.609 Y23.597
G1 X145.473 Y23.049
G1 X145.316 Y18.656
G1 X150.579 Y18.656
G1 X150.727 Y18.077
G1 X151.046 Y16.827
G1 X151.365 Y15.578
G1 X151.684 Y14.328
G1 X156.526 Y14.328
G1 X156.182 Y15.480
G1 X155.816 Y16.709
G1 X155.449 Y17.939
G1 X155.082 Y19.168
G1 X157.724 Y20.459
G1 X157.619 Y21.764
G1 X157.579 Y22.262
G1 X157.579 Y37.607
G1 X162.105 Y37.607
G1 X162.105 Y22.131
G1 X162.173 Y21.240
G1 X162.322 Y20.467
G1 X162.554 Y19.814
G1 X162.868 Y19.279
G1 X163.265 Y18.863
G1 X163.743 Y18.566
G1 X164.304 Y18.387
G1 X164.947 Y18.328
G1 X165.615 Y18.389
G1 X166.197 Y18.574
G1 X166.694 Y18.881
G1 X167.105 Y19.311
G1 X167.405 Y19.848
G1 X167.619 Y20.541
G1 X167.747 Y21.389
G1 X167.790 Y22.393
G1 X167.790 Y37.607
G1 X172.316 Y37.607
G1 X172.316 Y22.393
G1 X172.260 Y21.127
G1 X172.092 Y19.951
G1 X171.813 Y18.865
G1 X171.421 Y17.869
G1 X170.928 Y16.975
G1 X170.342 Y16.197
G1 X169.665 Y15.533
G1 X168.895 Y14.984
G1 X168.017 Y14.553
G1 X167.066 Y14.246
G1 X166.043 Y14.061
G1 X164.991 Y14.002
G1 X164.947 Y14.000
G1 X163.897 Y14.092
G1 X163.349 Y14.139
G1 X162.324 Y14.439
G1 X161.921 Y14.557
G1 X160.959 Y15.091
G1 X160.664 Y15.254
G1 X159.811 Y16.021
G1 X159.579 Y16.230
G1 X158.884 Y17.215
G1 X158.724 Y17.443
G1 X158.219 Y18.593
G1 X158.105 Y18.852
G1 X157.807 Y20.110
G1 X157.724 Y20.459
G1 X157.807 Y20.110
G1 X158.105 Y18.852
G1 X158.219 Y18.593
G1 X158.724 Y17.443
G1 X158.884 Y17.215
G1 X159.579 Y16.230
G1 X159.811 Y16.021
G1 X160.664 Y15.254
G1 X160.959 Y15.091
G1 X161.921 Y14.557
G1 X162.324 Y14.439
G1 X163.349 Y14.139
G1 X163.897 Y14.092
G1 X164.947 Y14.000
G1 X164.991 Y14.002
G1 X166.043 Y14.061
G1 X167.066 Y14.246
G1 X168.017 Y14.553
G1 X168.895 Y14.984
G1 X169.665 Y15.533
G1 X170.342 Y16.197
G1 X170.928 Y16.975
G1 X171.421 Y17.869
G1 X171.813 Y18.865
G1 X172.092 Y19.951
G1 X172.260 Y21.127
G1 X172.316 Y22.393
G1 X172.316 Y23.180
G1 X174.763 Y22.881
G1 X174.665 Y24.138
G1 X174.632 Y25.449
G1 X174.632 Y26.590
G1 X174.678 Y27.900
G1 X174.691 Y28.270
G1 X174.838 Y29.569
G1 X174.869 Y29.836
G1 X175.128 Y31.107
G1 X175.165 Y31.287
G1 X175.544 Y32.510
G1 X175.579 Y32.623
G1 X176.082 Y33.775
G1 X176.106 Y33.828
G1 X176.734 Y34.880
G1 X176.737 Y34.885
G1 X177.474 Y35.795
G1 X178.316 Y36.557
G1 X179.241 Y37.184
G1 X179.247 Y37.189
G1 X180.237 Y37.633
G1 X180.250 Y37.639
G1 X181.282 Y37.899
G1 X181.326 Y37.910
G1 X182.377 Y37.992
G1 X182.474 Y38.000
G1 X183.524 Y37.910
G1 X184.099 Y37.861
G1 X185.125 Y37.566
G1 X185.553 Y37.443
G1 X186.518 Y36.919
G1 X186.836 Y36.746
G1 X187.697 Y35.991
G1 X187.948 Y35.770
G1 X188.668 Y34.814
G1 X188.885 Y34.525
G1 X189.434 Y33.405
G1 X189.593 Y33.082
G1 X189.951 Y31.849
G1 X190.070 Y31.443
G1 X190.243 Y30.149
G1 X190.316 Y29.607
G1 X185.790 Y29.607
G1 X185.718 Y30.582
G1 X185.553 Y31.410
G1 X185.296 Y32.090
G1 X184.948 Y32.623
G1 X184.497 Y33.025
G1 X183.935 Y33.311
G1 X183.260 Y33.484
G1 X182.474 Y33.541
G1 X181.688 Y33.447
G1 X181.014 Y33.164
G1 X180.451 Y32.693
G1 X180.000 Y32.033
G1 X179.655 Y31.127
G1 X179.408 Y29.984
G1 X179.269 Y28.684
G1 X179.260 Y28.602
G1 X179.220 Y27.292
G1 X179.211 Y26.984
G1 X179.211 Y25.344
G1 X179.246 Y24.034
G1 X179.257 Y23.611
G1 X179.380 Y22.308
G1 X179.395 Y22.148
G1 X179.625 Y20.955
G1 X179.948 Y20.033
G1 X180.385 Y19.316
G1 X180.961 Y18.803
G1 X181.675 Y18.496
G1 X182.527 Y18.393
G1 X183.267 Y18.451
G1 X183.908 Y18.623
G1 X184.451 Y18.910
G1 X184.895 Y19.311
G1 X185.267 Y19.836
G1 X185.540 Y20.492
G1 X185.714 Y21.279
G1 X185.790 Y22.197
G1 X190.264 Y22.197
G1 X190.158 Y21.020
G1 X189.948 Y19.918
G1 X189.632 Y18.889
G1 X189.211 Y17.934
G1 X188.688 Y17.041
G1 X188.066 Y16.262
G1 X187.346 Y15.598
G1 X186.527 Y15.049
G1 X185.625 Y14.590
G1 X184.658 Y14.262
G1 X183.625 Y14.066
G1 X182.574 Y14.003
G1 X182.527 Y14.000
G1 X181.630 Y14.047
G1 X180.783 Y14.189
G1 X179.986 Y14.424
G1 X179.237 Y14.754
G1 X178.538 Y15.178
G1 X177.888 Y15.697
G1 X177.288 Y16.309
G1 X176.737 Y17.016
G1 X176.244 Y17.794
G1 X175.816 Y18.652
G1 X175.454 Y19.589
G1 X175.158 Y20.607
G1 X174.928 Y21.704
G1 X174.763 Y22.881
G1 X174.928 Y21.704
G1 X175.158 Y20.607
G1 X175.454 Y19.589
G1 X175.816 Y18.652
G1 X176.244 Y17.794
G1 X176.737 Y17.016
G1 X177.288 Y16.309
G1 X177.888 Y15.697
G1 X178.538 Y15.178
G1 X179.237 Y14.754
G1 X179.986 Y14.424
G1 X180.783 Y14.189
G1 X181.630 Y14.047
G1 X182.527 Y14.000
G1 X182.574 Y14.003
G1 X183.625 Y14.066
G1 X184.658 Y14.262
G1 X185.625 Y14.590
G1 X186.527 Y15.049
G1 X187.346 Y15.598
G1 X188.066 Y16.262
G1 X188.688 Y17.041
G1 X189.211 Y17.934
G1 X189.632 Y18.889
G1 X189.948 Y19.918
G1 X190.158 Y21.020
G1 X190.264 Y22.197
G1 X192.422 Y23.508
G1 X192.422 Y37.607
G1 X205.317 Y37.607
G1 X205.317 Y33.279
G1 X196.895 Y33.279
G1 X196.895 Y28.361
G1 X204.001 Y28.361
G1 X204.001 Y24.230
G1 X196.895 Y24.230
G1 X196.895 Y18.656
G1 X205.317 Y18.656
G1 X205.317 Y14.328
G1 X192.422 Y14.328
G1 X192.422 Y37.607
G1 X205.317 Y37.607
G1 X205.317 Y33.279
G1 X213.054 Y30.131
G1 X213.106 Y31.193
G1 X213.264 Y32.213
G1 X213.527 Y33.193
G1 X213.896 Y34.131
G1 X214.359 Y34.971
G1 X214.909 Y35.721
G1 X215.544 Y36.381
G1 X216.264 Y36.951
G1 X217.050 Y37.410
G1 X217.883 Y37.738
G1 X218.761 Y37.934
G1 X219.685 Y38.000
G1 X220.736 Y37.919
G1 X221.123 Y37.889
G1 X222.153 Y37.618
G1 X222.383 Y37.557
G1 X223.356 Y37.060
G1 X223.465 Y37.004
G1 X224.332 Y36.261
G1 X224.370 Y36.230
G1 X225.079 Y35.260
G1 X225.083 Y35.254
G1 X225.590 Y34.105
G1 X225.593 Y34.098
G1 X225.882 Y32.837
G1 X225.899 Y32.762
G1 X225.987 Y31.455
G1 X226.001 Y31.246
G1 X225.900 Y29.940
G1 X225.896 Y29.885
G1 X225.597 Y28.628
G1 X225.580 Y28.557
G1 X225.119 Y27.379
G1 X225.054 Y27.213
G1 X224.479 Y26.114
G1 X224.317 Y25.803
G1 X223.827 Y25.020
G1 X223.198 Y24.115
G1 X222.482 Y23.154
G1 X222.432 Y23.086
G1 X221.696 Y22.149
G1 X221.527 Y21.934
G1 X220.147 Y19.954
G1 X219.457 Y18.963
G1 X219.106 Y18.459
G1 X226.475 Y18.459
G1 X226.475 Y14.328
G1 X213.422 Y14.328
G1 X213.422 Y17.869
G1 X214.147 Y18.820
G1 X214.872 Y19.770
G1 X218.497 Y24.525
G1 X219.222 Y25.475
G1 X219.422 Y25.738
G1 X220.083 Y26.758
G1 X220.389 Y27.230
G1 X220.962 Y28.330
G1 X221.080 Y28.557
G1 X221.494 Y29.721
G1 X221.633 Y30.721
G1 X221.600 Y31.430
G1 X221.501 Y32.049
G1 X221.337 Y32.578
G1 X221.106 Y33.016
G1 X220.814 Y33.361
G1 X220.462 Y33.607
G1 X220.050 Y33.754
G1 X219.580 Y33.803
G1 X219.106 Y33.738
G1 X218.685 Y33.541
G1 X218.317 Y33.213
G1 X218.001 Y32.754
G1 X217.725 Y32.197
G1 X217.527 Y31.574
G1 X217.409 Y30.885
G1 X217.369 Y30.131
G1 X213.054 Y30.131
G1 X213.106 Y31.193
G1 X213.264 Y32.213
G1 X213.527 Y33.193
G1 X213.896 Y34.131
G1 X214.359 Y34.971
G1 X214.909 Y35.721
G1 X215.544 Y36.381
G1 X216.264 Y36.951
G1 X217.050 Y37.410
G1 X217.883 Y37.738
G1 X218.761 Y37.934
G1 X219.685 Y38.000
G1 X220.736 Y37.919
G1 X221.123 Y37.889
G1 X222.153 Y37.618
G1 X222.383 Y37.557
G1 X223.356 Y37.060
G1 X223.465 Y37.004
G1 X224.332 Y36.261
G1 X224.370 Y36.230
G1 X225.079 Y35.260
G1 X225.083 Y35.254
G1 X225.590 Y34.105
G1 X225.593 Y34.098
G1 X225.882 Y32.837
G1 X225.899 Y32.762
G1 X225.987 Y31.455
G1 X226.001 Y31.246
G1 X225.900 Y29.940
G1 X225.896 Y29.885
G1 X228.644 Y29.407
G1 X228.689 Y30.324
G1 X228.903 Y31.608
G1 X229.014 Y32.279
G1 X229.406 Y33.496
G1 X229.557 Y33.963
G1 X230.143 Y35.053
G1 X230.317 Y35.377
G1 X231.075 Y36.288
G1 X231.248 Y36.496
G1 X232.159 Y37.153
G1 X232.356 Y37.295
G1 X233.365 Y37.671
G1 X233.643 Y37.775
G1 X234.691 Y37.889
G1 X235.107 Y37.934
G1 X236.155 Y37.820
G1 X236.574 Y37.775
G1 X237.583 Y37.401
G1 X237.870 Y37.295
G1 X238.784 Y36.645
G1 X238.995 Y36.496
G1 X239.761 Y35.597
G1 X239.949 Y35.377
G1 X240.522 Y34.277
G1 X240.686 Y33.963
G1 X241.067 Y32.741
G1 X241.212 Y32.279
G1 X241.420 Y30.993
G1 X241.528 Y30.324
G1 X241.590 Y29.015
G1 X241.633 Y28.098
G1 X241.633 Y23.836
G1 X241.571 Y22.527
G1 X241.528 Y21.611
G1 X241.320 Y20.325
G1 X241.212 Y19.656
G1 X240.830 Y18.434
G1 X240.686 Y17.971
G1 X240.112 Y16.871
G1 X239.949 Y16.557
G1 X239.191 Y15.647
G1 X239.018 Y15.439
G1 X238.107 Y14.782
G1 X237.909 Y14.639
G1 X236.901 Y14.263
G1 X236.623 Y14.160
G1 X235.574 Y14.045
G1 X235.159 Y14.000
G1 X234.110 Y14.113
G1 X233.672 Y14.160
G1 X232.663 Y14.531
G1 X232.370 Y14.639
G1 X231.457 Y15.292
G1 X231.251 Y15.439
G1 X230.492 Y16.347
G1 X230.317 Y16.557
G1 X229.738 Y17.653
G1 X229.557 Y17.996
G1 X229.167 Y19.214
G1 X229.014 Y19.689
G1 X228.800 Y20.972
G1 X228.689 Y21.635
G1 X228.624 Y22.944
G1 X228.580 Y23.836
G1 X228.580 Y28.098
G1 X228.644 Y29.407
G1 X232.949 Y29.148
G1 X232.949 Y23.180
G1 X232.981 Y21.959
G1 X233.080 Y20.918
G1 X233.245 Y20.057
G1 X233.475 Y19.377
G1 X233.778 Y18.861
G1 X234.159 Y18.492
G1 X234.620 Y18.270
G1 X235.159 Y18.197
G1 X235.676 Y18.270
G1 X236.120 Y18.492
G1 X236.491 Y18.861
G1 X236.791 Y19.377
G1 X237.021 Y20.025
G1 X237.186 Y20.852
G1 X237.284 Y21.861
G1 X237.317 Y23.049
G1 X237.317 Y28.820
G1 X237.284 Y29.988
G1 X237.186 Y31.000
G1 X237.021 Y31.857
G1 X236.791 Y32.557
G1 X236.488 Y33.102
G1 X236.107 Y33.492
G1 X235.646 Y33.725
G1 X235.107 Y33.803
G1 X234.590 Y33.730
G1 X234.146 Y33.508
G1 X233.774 Y33.139
G1 X233.475 Y32.623
G1 X233.264 Y31.988
G1 X233.106 Y31.197
G1 X233.001 Y30.250
G1 X232.949 Y29.148
G1 X228.644 Y29.407
G1 X228.689 Y30.324
G1 X228.903 Y31.608
G1 X229.014 Y32.279
G1 X229.406 Y33.496
G1 X229.557 Y33.963
G1 X230.143 Y35.053
G1 X230.317 Y35.377
G1 X231.075 Y36.288
G1 X231.248 Y36.496
G1 X232.159 Y37.153
G1 X232.356 Y37.295
G1 X233.365 Y37.671
G1 X233.643 Y37.775
G1 X234.691 Y37.889
G1 X235.107 Y37.934
G1 X236.155 Y37.820
G1 X236.574 Y37.775
G1 X237.583 Y37.401
G1 X237.870 Y37.295
G1 X238.784 Y36.645
G1 X238.995 Y36.496
G1 X239.761 Y35.597
G1 X239.949 Y35.377
G1 X240.522 Y34.277
G1 X240.686 Y33.963
G1 X241.067 Y32.741
G1 X241.212 Y32.279
G1 X241.420 Y30.993
G1 X241.528 Y30.324
G1 X243.528 Y30.131
G1 X243.580 Y31.193
G1 X243.738 Y32.213
G1 X244.001 Y33.193
G1 X244.370 Y34.131
G1 X244.834 Y34.971
G1 X245.383 Y35.721
G1 X246.018 Y36.381
G1 X246.738 Y36.951
G1 X247.524 Y37.410
G1 X248.357 Y37.738
G1 X249.235 Y37.934
G1 X250.159 Y38.000
G1 X251.210 Y37.919
G1 X251.597 Y37.889
G1 X252.627 Y37.618
G1 X252.857 Y37.557
G1 X253.831 Y37.060
G1 X253.939 Y37.004
G1 X254.807 Y36.261
G1 X254.844 Y36.230
G1 X255.553 Y35.260
G1 X255.558 Y35.254
G1 X256.065 Y34.105
G1 X256.067 Y34.098
G1 X256.356 Y32.837
G1 X256.373 Y32.762
G1 X256.461 Y31.455
G1 X256.475 Y31.246
G1 X256.374 Y29.940
G1 X256.370 Y29.885
G1 X256.071 Y28.628
G1 X256.054 Y28.557
G1 X255.612 Y27.367
G1 X255.554 Y27.213
G1 X254.966 Y26.126
G1 X254.791 Y25.803
G1 X254.301 Y25.020
G1 X253.673 Y24.115
G1 X252.956 Y23.154
G1 X252.906 Y23.086
G1 X252.170 Y22.149
G1 X252.002 Y21.934
G1 X250.622 Y19.954
G1 X249.932 Y18.963
G1 X249.580 Y18.459
G1 X256.949 Y18.459
G1 X256.949 Y14.328
G1 X243.896 Y14.328
G1 X243.896 Y17.869
G1 X244.621 Y18.820
G1 X245.346 Y19.770
G1 X248.971 Y24.525
G1 X249.696 Y25.475
G1 X249.896 Y25.738
G1 X250.558 Y26.758
G1 X250.863 Y27.230
G1 X251.436 Y28.330
G1 X251.554 Y28.557
G1 X251.969 Y29.721
G1 X252.107 Y30.721
G1 X252.074 Y31.430
G1 X251.975 Y32.049
G1 X251.811 Y32.578
G1 X251.580 Y33.016
G1 X251.288 Y33.361
G1 X250.936 Y33.607
G1 X250.525 Y33.754
G1 X250.054 Y33.803
G1 X249.600 Y33.738
G1 X249.186 Y33.541
G1 X248.811 Y33.213
G1 X248.475 Y32.754
G1 X248.199 Y32.197
G1 X248.001 Y31.574
G1 X247.883 Y30.885
G1 X247.844 Y30.131
G1 X243.528 Y30.131
G1 X243.580 Y31.193
G1 X243.738 Y32.213
G1 X244.001 Y33.193
G1 X244.370 Y34.131
G1 X244.834 Y34.971
G1 X245.383 Y35.721
G1 X246.018 Y36.381
G1 X246.738 Y36.951
G1 X247.524 Y37.410
G1 X248.357 Y37.738
G1 X249.235 Y37.934
G1 X250.159 Y38.000
G1 X251.210 Y37.919
G1 X251.597 Y37.889
G1 X252.627 Y37.618
G1 X252.857 Y37.557
G1 X253.831 Y37.060
G1 X253.939 Y37.004
G1 X254.807 Y36.261
G1 X254.844 Y36.230
G1 X255.553 Y35.260
G1 X255.558 Y35.254
G1 X256.065 Y34.105
G1 X256.067 Y34.098
G1 X256.356 Y32.837
G1 X256.373 Y32.762
G1 X256.461 Y31.455
G1 X256.475 Y31.246
G1 X256.374 Y29.940
G1 X256.370 Y29.885
G1 X259.624 Y28.341
G1 X260.513 Y37.455
G1 X260.528 Y37.607
G1 X271.476 Y37.607
G1 X271.476 Y33.475
G1 X264.054 Y33.475
G1 X263.937 Y32.172
G1 X263.701 Y29.566
G1 X263.633 Y28.820
G1 X264.173 Y29.131
G1 X264.844 Y29.410
G1 X265.581 Y29.607
G1 X266.318 Y29.672
G1 X267.367 Y29.571
G1 X267.630 Y29.545
G1 X268.647 Y29.207
G1 X268.778 Y29.164
G1 X269.713 Y28.560
G1 X269.762 Y28.529
G1 X270.555 Y27.667
G1 X270.581 Y27.639
G1 X271.199 Y26.578
G1 X271.249 Y26.492
G1 X271.674 Y25.292
G1 X271.726 Y25.148
G1 X271.963 Y23.870
G1 X272.012 Y23.607
G1 X272.084 Y22.298
G1 X272.107 Y21.869
G1 X272.058 Y20.754
G1 X271.910 Y19.705
G1 X271.663 Y18.721
G1 X271.318 Y17.803
G1 X270.860 Y16.939
G1 X270.331 Y16.180
G1 X269.729 Y15.529
G1 X269.054 Y14.984
G1 X268.288 Y14.553
G1 X267.462 Y14.246
G1 X266.577 Y14.061
G1 X265.633 Y14.000
G1 X264.755 Y14.057
G1 X263.910 Y14.230
G1 X263.097 Y14.516
G1 X262.318 Y14.918
G1 X261.594 Y15.418
G1 X260.949 Y16.000
G1 X260.383 Y16.664
G1 X259.896 Y17.410
G1 X259.508 Y18.221
G1 X259.239 Y19.082
G1 X259.087 Y19.992
G1 X259.054 Y20.951
G1 X263.370 Y20.951
G1 X263.433 Y20.357
G1 X263.568 Y19.820
G1 X263.775 Y19.340
G1 X264.054 Y18.918
G1 X264.367 Y18.602
G1 X264.725 Y18.377
G1 X265.130 Y18.242
G1 X265.581 Y18.197
G1 X266.099 Y18.259
G1 X266.548 Y18.447
G1 X266.928 Y18.759
G1 X267.239 Y19.197
G1 X267.480 Y19.759
G1 X267.653 Y20.447
G1 X267.757 Y21.259
G1 X267.791 Y22.197
G1 X267.749 Y23.073
G1 X267.624 Y23.832
G1 X267.414 Y24.474
G1 X267.120 Y25.000
G1 X266.743 Y25.409
G1 X266.281 Y25.701
G1 X265.736 Y25.876
G1 X265.107 Y25.934
G1 X264.393 Y25.857
G1 X263.778 Y25.623
G1 X263.262 Y25.234
G1 X262.844 Y24.689
G1 X261.821 Y24.998
G1 X260.798 Y25.306
G1 X259.775 Y25.615
G1 X259.370 Y25.738
G1 X259.497 Y27.040
G1 X259.624 Y28.341
G1 X259.497 Y27.040
G1 X259.370 Y25.738
G1 X259.775 Y25.615
G1 X260.798 Y25.306
G1 X261.821 Y24.998
G1 X262.844 Y24.689
G1 X263.262 Y25.234
G1 X263.778 Y25.623
G1 X264.393 Y25.857
G1 X265.107 Y25.934
G1 X265.736 Y25.876
G1 X266.281 Y25.701
G1 X266.743 Y25.409
G1 X267.120 Y25.000
G1 X267.414 Y24.474
G1 X267.624 Y23.832
G1 X267.749 Y23.073
G1 X267.791 Y22.197
G1 X267.757 Y21.259
G1 X267.653 Y20.447
G1 X267.480 Y19.759
G1 X267.239 Y19.197
G1 X266.928 Y18.759
G1 X266.548 Y18.447
G1 X266.099 Y18.259
G1 X265.581 Y18.197
G1 X265.130 Y18.242
G1 X264.725 Y18.377
G1 X264.367 Y18.602
G1 X264.054 Y18.918
G1 X263.775 Y19.340
G1 X263.568 Y19.820
G1 X263.433 Y20.357
G1 X263.370 Y20.951
G1 X259.054 Y20.951
G1 X259.087 Y19.992
G1 X259.239 Y19.082
G1 X259.508 Y18.221
G1 X259.896 Y17.410
G1 X260.383 Y16.664
G1 X260.949 Y16.000
G1 X261.594 Y15.418
G1 X262.318 Y14.918
G1 X263.097 Y14.516
G1 X263.910 Y14.230
G1 X264.755 Y14.057
G1 X266.104 Y13.969
; END LAYER: 50 OPEN SAUCE 2025

; BEGIN CONNECTOR: 50
G1 X266.104 Y13.969
G1 X266.300 Y0.000
; END CONNECTOR: 50

; BEGIN LAYER: 51 perimeter
G1 X266.300 Y0.000
; END LAYER: 51 perimeter

; BEGIN CONNECTOR: 51
G1 X266.300 Y0.000
G1 X266.300 Y0.000
G1 X0.000 Y0.000
G1 X0.000 Y390.000
G1 X0.000 Y390.000
; END CONNECTOR: 51

; BEGIN LAYER: 52 END
G1 X0.000 Y390.000
G1 X0.000 Y390.000
; END LAYER: 52 END

