;
; File name: 'circle2'
; File type: gcode
;

; BEGIN LAYER: 0 START
G1 X0.000 Y390.000
; END LAYER: 0 START

; BEGIN CONNECTOR: 0
G1 X0.000 Y390.000
G1 X0.000 Y0.095
; END CONNECTOR: 0

; BEGIN LAYER: 1 topology
G1 X0.000 Y0.095
G1 X0.000 Y11.052
G1 X0.208 Y11.607
G1 X0.539 Y12.487
G1 X1.517 Y14.231
G1 X1.755 Y14.655
G1 X2.943 Y16.213
G1 X3.892 Y17.212
G1 X4.430 Y17.773
G1 X4.950 Y18.169
G1 X4.906 Y18.490
G1 X4.314 Y18.928
G1 X3.248 Y19.653
G1 X1.833 Y20.803
G1 X0.443 Y22.241
G1 X0.230 Y22.460
G1 X0.000 Y22.772
G1 X0.000 Y23.671
G1 X1.721 Y22.093
G1 X3.371 Y20.964
G1 X3.819 Y20.657
G1 X5.607 Y19.761
G1 X5.682 Y19.723
G1 X7.145 Y19.193
G1 X8.089 Y18.911
G1 X8.451 Y18.688
G1 X8.240 Y18.320
G1 X7.531 Y17.615
G1 X6.472 Y16.422
G1 X5.342 Y14.772
G1 X5.251 Y14.640
G1 X4.373 Y12.843
G1 X4.082 Y12.252
G1 X3.174 Y9.311
G1 X2.895 Y7.331
G1 X2.700 Y5.944
G1 X2.744 Y3.944
G1 X2.780 Y2.325
G1 X3.148 Y0.359
G1 X3.215 Y0.000
G1 X7.340 Y0.000
G1 X7.278 Y0.280
G1 X6.906 Y1.955
G1 X6.790 Y3.951
G1 X6.695 Y5.587
G1 X6.899 Y7.576
G1 X6.898 Y7.577
G1 X7.048 Y9.021
G1 X7.565 Y10.950
G1 X7.865 Y12.065
G1 X8.677 Y13.892
G1 X8.985 Y14.586
G1 X10.058 Y16.274
G1 X10.209 Y16.511
G1 X11.323 Y17.840
G1 X12.129 Y18.649
G1 X12.469 Y19.078
G1 X12.247 Y19.314
G1 X11.434 Y19.558
G1 X10.076 Y20.011
G1 X8.283 Y20.837
G1 X6.595 Y21.911
G1 X6.211 Y22.154
G1 X4.693 Y23.456
G1 X4.038 Y24.016
G1 X2.726 Y25.525
G1 X1.952 Y26.414
G1 X0.872 Y28.097
G1 X0.115 Y29.278
G1 X0.000 Y29.532
G1 X0.000 Y52.957
G1 X0.270 Y53.357
G1 X1.529 Y54.911
G1 X1.665 Y55.079
G1 X2.904 Y56.435
G1 X3.899 Y57.497
G1 X4.591 Y58.346
G1 X4.947 Y59.085
G1 X4.969 Y59.805
G1 X4.784 Y60.367
G1 X5.508 Y59.577
G1 X5.955 Y58.850
G1 X6.099 Y58.104
G1 X5.937 Y57.262
G1 X5.490 Y56.232
G1 X4.804 Y54.931
G1 X3.959 Y53.285
G1 X3.149 Y51.456
G1 X3.056 Y51.245
G1 X2.406 Y49.354
G1 X2.213 Y48.795
G1 X1.763 Y46.845
G1 X1.555 Y45.950
G1 X1.338 Y43.962
G1 X1.207 Y42.774
G1 X1.242 Y40.776
G1 X1.266 Y39.371
G1 X1.567 Y37.394
G1 X1.799 Y35.872
G1 X2.373 Y33.956
G1 X2.829 Y32.433
G1 X4.322 Y29.215
G1 X5.420 Y27.544
G1 X6.193 Y26.367
G1 X8.307 Y24.002
G1 X9.844 Y22.723
G1 X10.492 Y22.187
G1 X12.557 Y20.920
G1 X14.321 Y20.141
G1 X15.632 Y19.725
G1 X16.385 Y19.496
G1 X16.544 Y19.255
G1 X16.147 Y18.791
G1 X15.302 Y17.931
G1 X14.169 Y16.540
G1 X13.124 Y14.835
G1 X12.952 Y14.553
G1 X12.172 Y12.712
G1 X11.862 Y11.978
G1 X11.376 Y10.038
G1 X11.089 Y8.897
G1 X10.915 Y6.904
G1 X10.787 Y5.452
G1 X10.931 Y3.457
G1 X11.048 Y1.828
G1 X11.475 Y0.000
G1 X15.619 Y0.000
G1 X15.551 Y0.306
G1 X15.551 Y0.307
G1 X15.188 Y1.943
G1 X15.061 Y3.939
G1 X14.960 Y5.542
G1 X15.147 Y7.533
G1 X15.281 Y8.959
G1 X15.774 Y10.897
G1 X16.058 Y12.012
G1 X16.842 Y13.851
G1 X17.146 Y14.564
G1 X18.191 Y16.269
G1 X18.355 Y16.535
G1 X19.476 Y17.913
G1 X20.312 Y18.765
G1 X20.699 Y19.221
G1 X20.527 Y19.461
G1 X19.760 Y19.688
G1 X18.436 Y20.106
G1 X16.654 Y20.890
G1 X14.950 Y21.938
G1 X14.571 Y22.171
G1 X13.038 Y23.455
G1 X12.374 Y24.010
G1 X10.253 Y26.405
G1 X9.166 Y28.085
G1 X8.386 Y29.290
G1 X7.561 Y31.111
G1 X6.912 Y32.544
G1 X6.362 Y34.467
G1 X5.918 Y36.017
G1 X5.434 Y39.536
G1 X5.435 Y41.536
G1 X5.436 Y42.945
G1 X5.696 Y44.928
G1 X5.850 Y46.103
G1 X6.347 Y48.041
G1 X6.569 Y48.907
G1 X7.269 Y50.780
G1 X7.462 Y51.297
G1 X8.324 Y53.101
G1 X8.399 Y53.256
G1 X9.252 Y54.809
G1 X9.917 Y56.012
G1 X10.317 Y56.946
G1 X10.403 Y57.706
G1 X10.158 Y58.385
G1 X9.592 Y59.075
G1 X8.738 Y59.853
G1 X7.644 Y60.778
G1 X6.366 Y61.892
G1 X4.965 Y63.216
G1 X3.585 Y64.665
G1 X3.500 Y64.755
G1 X2.207 Y66.282
G1 X2.022 Y66.501
G1 X0.575 Y68.432
G1 X0.000 Y69.300
G1 X0.000 Y75.772
G1 X0.008 Y75.752
G1 X0.841 Y73.934
G1 X1.143 Y73.272
G1 X2.076 Y71.503
G1 X2.406 Y70.879
G1 X3.444 Y69.171
G1 X3.786 Y68.608
G1 X4.931 Y66.969
G1 X5.262 Y66.498
G1 X6.514 Y64.938
G1 X6.801 Y64.582
G1 X8.156 Y63.111
G1 X8.360 Y62.890
G1 X9.807 Y61.507
G1 X9.883 Y61.434
G1 X11.306 Y60.223
G1 X12.561 Y59.233
G1 X13.583 Y58.432
G1 X14.315 Y57.761
G1 X14.710 Y57.137
G1 X14.751 Y56.468
G1 X14.448 Y55.653
G1 X13.841 Y54.585
G1 X13.005 Y53.174
G1 X12.074 Y51.404
G1 X12.046 Y51.350
G1 X11.273 Y49.506
G1 X11.093 Y49.079
G1 X10.524 Y47.162
G1 X10.287 Y46.366
G1 X9.956 Y44.394
G1 X9.767 Y43.267
G1 X9.699 Y41.268
G1 X9.651 Y39.881
G1 X9.861 Y37.892
G1 X10.024 Y36.347
G1 X10.519 Y34.410
G1 X10.922 Y32.831
G1 X11.698 Y30.988
G1 X12.320 Y29.507
G1 X13.365 Y27.801
G1 X14.140 Y26.537
G1 X15.430 Y25.009
G1 X16.242 Y24.049
G1 X17.748 Y22.733
G1 X18.452 Y22.119
G1 X20.136 Y21.040
G1 X20.574 Y20.759
G1 X22.392 Y19.923
G1 X22.417 Y19.911
G1 X23.820 Y19.454
G1 X24.668 Y19.212
G1 X24.925 Y18.986
G1 X24.617 Y18.570
G1 X23.845 Y17.782
G1 X22.762 Y16.486
G1 X21.686 Y14.800
G1 X21.565 Y14.611
G1 X20.744 Y12.788
G1 X20.458 Y12.158
G1 X19.919 Y10.233
G1 X19.627 Y9.195
G1 X19.389 Y7.210
G1 X19.224 Y5.851
G1 X19.290 Y3.853
G1 X19.343 Y2.297
G1 X19.711 Y0.331
G1 X19.773 Y0.000
G1 X23.944 Y0.000
G1 X23.771 Y1.301
G1 X23.561 Y2.880
G1 X23.593 Y4.880
G1 X23.619 Y6.357
G1 X24.160 Y9.573
G1 X24.781 Y11.474
G1 X25.074 Y12.376
G1 X25.968 Y14.165
G1 X26.213 Y14.656
G1 X27.341 Y16.306
G1 X27.379 Y16.361
G1 X28.381 Y17.510
G1 X29.033 Y18.189
G1 X29.194 Y18.541
G1 X28.780 Y18.756
G1 X27.777 Y19.037
G1 X26.245 Y19.582
G1 X24.459 Y20.478
G1 X24.308 Y20.553
G1 X22.137 Y22.062
G1 X19.927 Y24.149
G1 X17.876 Y26.787
G1 X16.907 Y28.536
G1 X16.155 Y29.884
G1 X15.462 Y31.760
G1 X14.892 Y33.300
G1 X14.487 Y35.258
G1 X14.155 Y36.860
G1 X14.040 Y38.857
G1 X13.950 Y40.387
G1 X14.117 Y42.380
G1 X14.229 Y43.712
G1 X14.660 Y45.665
G1 X14.888 Y46.701
G1 X15.555 Y48.587
G1 X15.793 Y49.264
G1 X16.660 Y51.067
G1 X16.800 Y51.359
G1 X17.757 Y52.994
G1 X18.536 Y54.223
G1 X19.035 Y55.129
G1 X19.186 Y55.816
G1 X18.962 Y56.400
G1 X18.364 Y56.991
G1 X17.428 Y57.682
G1 X16.209 Y58.553
G1 X14.778 Y59.658
G1 X13.271 Y60.974
G1 X13.210 Y61.027
G1 X11.799 Y62.445
G1 X11.580 Y62.665
G1 X10.280 Y64.184
G1 X10.280 Y64.187
G1 X9.958 Y64.563
G1 X8.773 Y66.174
G1 X8.395 Y66.689
G1 X7.332 Y68.384
G1 X6.939 Y69.012
G1 X5.997 Y70.776
G1 X5.617 Y71.485
G1 X4.791 Y73.307
G1 X4.447 Y74.067
G1 X3.730 Y75.936
G1 X3.430 Y76.713
G1 X2.814 Y78.616
G1 X2.563 Y79.388
G1 X2.036 Y81.317
G1 X1.833 Y82.058
G1 X1.381 Y84.006
G1 X1.221 Y84.700
G1 X0.832 Y86.662
G1 X0.707 Y87.295
G1 X0.367 Y89.266
G1 X0.270 Y89.828
G1 X0.000 Y91.582
G1 X0.000 Y120.610
G1 X0.047 Y120.484
G1 X0.695 Y118.607
G1 X1.290 Y116.706
G1 X1.831 Y114.783
G1 X2.318 Y112.844
G1 X2.319 Y112.840
G1 X2.749 Y110.887
G1 X2.752 Y110.874
G1 X3.129 Y108.912
G1 X3.134 Y108.883
G1 X3.457 Y106.910
G1 X3.465 Y106.864
G1 X3.739 Y104.882
G1 X3.749 Y104.808
G1 X3.979 Y102.821
G1 X3.992 Y102.709
G1 X4.186 Y100.719
G1 X4.201 Y100.558
G1 X4.367 Y98.565
G1 X4.386 Y98.346
G1 X4.536 Y96.352
G1 X4.556 Y96.065
G1 X4.706 Y94.070
G1 X4.732 Y93.706
G1 X4.894 Y91.712
G1 X4.931 Y91.264
G1 X5.121 Y89.273
G1 X5.172 Y88.737
G1 X5.407 Y86.751
G1 X5.480 Y86.127
G1 X5.779 Y84.149
G1 X5.884 Y83.442
G1 X6.259 Y81.479
G1 X6.408 Y80.697
G1 X6.875 Y78.752
G1 X7.075 Y77.914
G1 X7.648 Y75.997
G1 X7.908 Y75.126
G1 X8.598 Y73.248
G1 X8.922 Y72.370
G1 X9.736 Y70.544
G1 X9.736 Y70.543
G1 X10.116 Y69.693
G1 X11.064 Y67.930
G1 X11.488 Y67.142
G1 X12.570 Y65.460
G1 X13.012 Y64.771
G1 X14.227 Y63.183
G1 X14.653 Y62.628
G1 X15.994 Y61.145
G1 X16.352 Y60.751
G1 X17.811 Y59.384
G1 X18.043 Y59.167
G1 X19.603 Y57.915
G1 X19.645 Y57.881
G1 X21.074 Y56.877
G1 X22.248 Y56.111
G1 X23.091 Y55.512
G1 X23.555 Y54.986
G1 X23.615 Y54.417
G1 X23.285 Y53.682
G1 X22.618 Y52.666
G1 X21.704 Y51.264
G1 X20.734 Y49.515
G1 X20.672 Y49.401
G1 X19.888 Y47.562
G1 X19.670 Y47.052
G1 X19.116 Y45.131
G1 X18.857 Y44.234
G1 X18.564 Y42.255
G1 X18.382 Y41.023
G1 X18.372 Y39.024
G1 X18.364 Y37.543
G1 X18.648 Y35.564
G1 X18.879 Y33.956
G1 X19.458 Y32.042
G1 X19.939 Y30.446
G1 X20.806 Y28.645
G1 X21.501 Y27.194
G1 X22.633 Y25.546
G1 X23.452 Y24.358
G1 X24.824 Y22.903
G1 X25.628 Y22.054
G1 X27.205 Y20.822
G1 X27.841 Y20.326
G1 X29.580 Y19.338
G1 X29.890 Y19.162
G1 X31.590 Y18.471
G1 X32.803 Y18.108
G1 X33.446 Y17.882
G1 X33.506 Y17.595
G1 X33.045 Y17.056
G1 X32.179 Y16.101
G1 X31.077 Y14.630
G1 X30.092 Y12.889
G1 X29.927 Y12.598
G1 X29.194 Y10.737
G1 X28.916 Y10.029
G1 X28.458 Y8.082
G1 X28.206 Y7.009
G1 X27.922 Y3.667
G1 X28.041 Y1.671
G1 X28.041 Y1.669
G1 X28.131 Y0.163
G1 X30.077 Y0.628
G1 X30.171 Y0.650
G1 X32.110 Y1.141
G1 X32.271 Y1.182
G1 X32.421 Y1.221
G1 X32.480 Y3.220
G1 X32.522 Y4.596
G1 X32.860 Y6.570
G1 X33.058 Y7.725
G1 X33.667 Y9.630
G1 X33.935 Y10.467
G1 X34.800 Y12.270
G1 X34.800 Y12.271
G1 X35.017 Y12.724
G1 X36.107 Y14.401
G1 X36.134 Y14.444
G1 X37.106 Y15.634
G1 X37.759 Y16.367
G1 X37.954 Y16.771
G1 X37.598 Y17.016
G1 X36.667 Y17.296
G1 X35.205 Y17.810
G1 X33.404 Y18.680
G1 X33.317 Y18.722
G1 X31.653 Y19.831
G1 X31.167 Y20.153
G1 X29.684 Y21.495
G1 X28.946 Y22.165
G1 X27.686 Y23.716
G1 X26.854 Y24.739
G1 X25.072 Y27.800
G1 X24.346 Y29.663
G1 X23.744 Y31.210
G1 X23.313 Y33.163
G1 X22.953 Y34.795
G1 X22.823 Y36.791
G1 X22.719 Y38.365
G1 X22.883 Y40.358
G1 X22.996 Y41.739
G1 X23.440 Y43.690
G1 X23.686 Y44.768
G1 X24.384 Y46.642
G1 X24.646 Y47.345
G1 X25.560 Y49.125
G1 X25.714 Y49.420
G1 X26.723 Y50.999
G1 X27.530 Y52.137
G1 X28.017 Y52.932
G1 X28.109 Y53.505
G1 X27.775 Y53.989
G1 X27.024 Y54.511
G1 X25.903 Y55.186
G1 X24.484 Y56.097
G1 X22.877 Y57.286
G1 X22.853 Y57.304
G1 X21.351 Y58.624
G1 X21.109 Y58.837
G1 X19.730 Y60.285
G1 X19.340 Y60.694
G1 X18.100 Y62.262
G1 X17.631 Y62.852
G1 X16.534 Y64.524
G1 X16.046 Y65.269
G1 X15.098 Y67.029
G1 X14.633 Y67.892
G1 X13.423 Y70.662
G1 X12.764 Y72.550
G1 X12.426 Y73.521
G1 X11.901 Y75.451
G1 X11.639 Y76.413
G1 X11.237 Y78.372
G1 X11.049 Y79.294
G1 X10.754 Y81.271
G1 X10.627 Y82.122
G1 X10.425 Y84.112
G1 X10.347 Y84.874
G1 X10.222 Y86.870
G1 X10.180 Y87.529
G1 X10.110 Y89.527
G1 X10.111 Y89.528
G1 X10.091 Y90.079
G1 X10.057 Y92.079
G1 X10.049 Y92.523
G1 X10.036 Y94.523
G1 X10.033 Y94.865
G1 X10.020 Y96.865
G1 X10.018 Y97.112
G1 X9.988 Y99.111
G1 X9.986 Y99.277
G1 X9.927 Y101.277
G1 X9.923 Y101.373
G1 X9.823 Y103.371
G1 X9.819 Y103.413
G1 X9.668 Y105.407
G1 X9.668 Y105.409
G1 X9.463 Y107.374
G1 X9.203 Y109.319
G1 X8.887 Y111.251
G1 X8.511 Y113.178
G1 X8.079 Y115.106
G1 X7.589 Y117.036
G1 X7.045 Y118.960
G1 X7.043 Y118.969
G1 X6.447 Y120.878
G1 X6.438 Y120.908
G1 X5.792 Y122.798
G1 X5.776 Y122.842
G1 X5.080 Y124.716
G1 X5.059 Y124.774
G1 X4.310 Y126.628
G1 X4.285 Y126.693
G1 X3.486 Y128.526
G1 X3.458 Y128.591
G1 X2.605 Y130.401
G1 X2.578 Y130.460
G1 X1.674 Y132.243
G1 X1.651 Y132.285
G1 X0.694 Y134.044
G1 X0.686 Y134.058
G1 X0.000 Y135.232
G1 X0.000 Y146.322
G1 X0.873 Y145.201
G1 X2.029 Y143.625
G1 X3.158 Y141.975
G1 X3.183 Y141.939
G1 X4.255 Y140.250
G1 X4.315 Y140.154
G1 X5.329 Y138.430
G1 X5.410 Y138.290
G1 X6.365 Y136.533
G1 X6.458 Y136.360
G1 X7.356 Y134.573
G1 X7.356 Y134.572
G1 X7.451 Y134.381
G1 X8.294 Y132.568
G1 X8.386 Y132.371
G1 X9.178 Y130.533
G1 X9.261 Y130.341
G1 X10.005 Y128.485
G1 X10.076 Y128.305
G1 X10.776 Y126.432
G1 X10.835 Y126.274
G1 X11.493 Y124.386
G1 X11.494 Y124.385
G1 X11.538 Y124.255
G1 X12.155 Y122.353
G1 X12.188 Y122.255
G1 X12.768 Y120.341
G1 X12.787 Y120.279
G1 X13.329 Y118.354
G1 X13.335 Y118.329
G1 X13.835 Y116.407
G1 X14.284 Y114.514
G1 X14.681 Y112.646
G1 X15.025 Y110.796
G1 X15.315 Y108.962
G1 X15.546 Y107.136
G1 X15.717 Y105.306
G1 X15.825 Y103.458
G1 X15.873 Y101.581
G1 X15.863 Y99.657
G1 X15.801 Y97.670
G1 X15.702 Y95.673
G1 X15.698 Y95.602
G1 X15.580 Y93.605
G1 X15.570 Y93.434
G1 X15.452 Y91.438
G1 X15.435 Y91.153
G1 X15.341 Y89.156
G1 X15.321 Y88.746
G1 X15.272 Y86.746
G1 X15.258 Y86.206
G1 X15.276 Y84.206
G1 X15.283 Y83.534
G1 X15.387 Y81.538
G1 X15.429 Y80.741
G1 X15.642 Y78.752
G1 X15.738 Y77.846
G1 X16.074 Y75.876
G1 X16.244 Y74.885
G1 X16.719 Y72.942
G1 X16.974 Y71.900
G1 X17.600 Y70.002
G1 X17.946 Y68.947
G1 X19.163 Y66.090
G1 X20.109 Y64.328
G1 X20.608 Y63.397
G1 X21.716 Y61.732
G1 X22.246 Y60.934
G1 X23.510 Y59.384
G1 X24.018 Y58.762
G1 X25.427 Y57.342
G1 X25.847 Y56.920
G1 X27.387 Y55.644
G1 X27.639 Y55.435
G1 X29.286 Y54.300
G1 X29.291 Y54.298
G1 X30.698 Y53.468
G1 X31.767 Y52.877
G1 X32.428 Y52.418
G1 X32.642 Y51.962
G1 X32.414 Y51.370
G1 X31.793 Y50.503
G1 X30.878 Y49.241
G1 X29.830 Y47.538
G1 X29.803 Y47.496
G1 X28.949 Y45.687
G1 X28.735 Y45.231
G1 X28.120 Y43.328
G1 X27.841 Y42.464
G1 X27.498 Y40.494
G1 X27.286 Y39.273
G1 X27.235 Y37.274
G1 X27.198 Y35.789
G1 X27.449 Y33.805
G1 X27.655 Y32.180
G1 X28.208 Y30.258
G1 X28.674 Y28.639
G1 X29.518 Y26.826
G1 X30.205 Y25.351
G1 X31.319 Y23.690
G1 X32.134 Y22.477
G1 X33.491 Y21.007
G1 X33.490 Y21.005
G1 X34.299 Y20.128
G1 X35.860 Y18.878
G1 X35.860 Y18.877
G1 X36.508 Y18.357
G1 X38.230 Y17.339
G1 X38.564 Y17.139
G1 X40.289 Y16.394
G1 X41.549 Y15.977
G1 X42.262 Y15.711
G1 X42.419 Y15.407
G1 X42.068 Y14.883
G1 X41.318 Y13.992
G1 X40.315 Y12.631
G1 X39.313 Y10.901
G1 X39.228 Y10.756
G1 X38.452 Y8.913
G1 X38.226 Y8.378
G1 X37.698 Y6.449
G1 X37.455 Y5.562
G1 X37.189 Y3.580
G1 X37.033 Y2.413
G1 X38.974 Y2.889
G1 X39.408 Y2.998
G1 X41.359 Y3.434
G1 X41.893 Y3.554
G1 X42.074 Y3.592
G1 X42.563 Y5.531
G1 X42.782 Y6.395
G1 X43.509 Y8.259
G1 X43.719 Y8.800
G1 X44.662 Y10.563
G1 X44.755 Y10.738
G1 X45.738 Y12.189
G1 X46.512 Y13.183
G1 X46.932 Y13.800
G1 X46.886 Y14.171
G1 X46.311 Y14.459
G1 X45.198 Y14.843
G1 X43.604 Y15.500
G1 X41.852 Y16.465
G1 X41.643 Y16.580
G1 X40.035 Y17.769
G1 X39.475 Y18.184
G1 X38.055 Y19.595
G1 X37.286 Y20.356
G1 X36.095 Y21.962
G1 X35.273 Y23.071
G1 X34.341 Y24.840
G1 X33.604 Y26.240
G1 X32.414 Y29.719
G1 X32.067 Y31.688
G1 X31.776 Y33.329
G1 X31.734 Y35.328
G1 X31.698 Y36.878
G1 X31.955 Y38.860
G1 X32.125 Y40.185
G1 X32.665 Y42.110
G1 X32.941 Y43.098
G1 X33.737 Y44.933
G1 X33.992 Y45.521
G1 X35.004 Y47.246
G1 X35.102 Y47.412
G1 X36.097 Y48.791
G1 X36.825 Y49.732
G1 X37.170 Y50.352
G1 X37.062 Y50.791
G1 X36.483 Y51.203
G1 X35.464 Y51.729
G1 X34.070 Y52.482
G1 X32.401 Y53.557
G1 X30.830 Y54.794
G1 X30.567 Y55.001
G1 X29.131 Y56.394
G1 X28.682 Y56.829
G1 X27.401 Y58.364
G1 X26.855 Y59.019
G1 X25.740 Y60.680
G1 X25.172 Y61.526
G1 X24.232 Y63.292
G1 X23.702 Y64.288
G1 X22.938 Y66.137
G1 X22.487 Y67.227
G1 X21.898 Y69.138
G1 X21.549 Y70.266
G1 X21.124 Y72.220
G1 X20.883 Y73.331
G1 X20.613 Y75.312
G1 X20.469 Y76.360
G1 X20.337 Y78.356
G1 X20.275 Y79.299
G1 X20.263 Y81.299
G1 X20.260 Y82.112
G1 X20.349 Y84.110
G1 X20.379 Y84.775
G1 X20.544 Y86.766
G1 X20.587 Y87.273
G1 X20.804 Y89.261
G1 X20.843 Y89.612
G1 X21.084 Y91.598
G1 X21.109 Y91.799
G1 X21.349 Y93.784
G1 X21.357 Y93.850
G1 X21.564 Y95.785
G1 X21.713 Y97.626
G1 X21.795 Y99.395
G1 X21.803 Y101.115
G1 X21.739 Y102.804
G1 X21.603 Y104.480
G1 X21.401 Y106.159
G1 X21.138 Y107.852
G1 X20.821 Y109.571
G1 X20.457 Y111.320
G1 X20.051 Y113.110
G1 X19.606 Y114.941
G1 X19.128 Y116.817
G1 X18.618 Y118.739
G1 X18.086 Y120.667
G1 X18.076 Y120.707
G1 X17.525 Y122.630
G1 X17.499 Y122.721
G1 X16.929 Y124.638
G1 X16.887 Y124.777
G1 X16.294 Y126.687
G1 X16.236 Y126.874
G1 X15.615 Y128.775
G1 X15.540 Y129.004
G1 X14.888 Y130.895
G1 X14.794 Y131.163
G1 X14.103 Y133.039
G1 X13.992 Y133.340
G1 X13.257 Y135.200
G1 X13.128 Y135.525
G1 X12.343 Y137.363
G1 X12.198 Y137.704
G1 X11.356 Y139.518
G1 X11.197 Y139.864
G1 X10.295 Y141.647
G1 X10.126 Y141.983
G1 X9.159 Y143.733
G1 X8.987 Y144.043
G1 X7.951 Y145.754
G1 X7.787 Y146.025
G1 X6.681 Y147.691
G1 X6.539 Y147.907
G1 X5.365 Y149.526
G1 X5.261 Y149.668
G1 X4.022 Y151.238
G1 X3.978 Y151.294
G1 X2.719 Y152.771
G1 X1.520 Y154.095
G1 X0.421 Y155.270
G1 X0.000 Y155.725
G1 X0.000 Y165.848
G1 X0.441 Y166.845
G1 X0.524 Y167.031
G1 X1.284 Y168.880
G1 X1.419 Y169.209
G1 X2.112 Y171.085
G1 X2.286 Y171.556
G1 X2.894 Y173.461
G1 X3.088 Y174.071
G1 X3.598 Y176.005
G1 X3.791 Y176.743
G1 X4.187 Y178.703
G1 X4.359 Y179.554
G1 X4.632 Y181.535
G1 X4.761 Y182.477
G1 X4.920 Y184.472
G1 X4.936 Y184.653
G1 X4.988 Y182.655
G1 X5.023 Y181.359
G1 X4.852 Y179.365
G1 X4.756 Y178.254
G1 X4.376 Y176.290
G1 X4.209 Y175.426
G1 X3.647 Y173.507
G1 X3.479 Y172.932
G1 X2.764 Y171.064
G1 X2.664 Y170.798
G1 X1.868 Y169.022
G1 X1.182 Y167.571
G1 X0.680 Y166.394
G1 X0.417 Y165.425
G1 X0.423 Y164.588
G1 X0.710 Y163.813
G1 X1.268 Y163.024
G1 X2.072 Y162.163
G1 X3.085 Y161.182
G1 X4.263 Y160.049
G1 X5.557 Y158.740
G1 X6.908 Y157.266
G1 X6.922 Y157.250
G1 X8.315 Y155.583
G1 X9.520 Y153.987
G1 X9.698 Y153.751
G1 X10.822 Y152.096
G1 X11.041 Y151.773
G1 X12.082 Y150.066
G1 X12.321 Y149.673
G1 X13.283 Y147.919
G1 X13.526 Y147.477
G1 X14.643 Y145.209
G1 X15.456 Y143.382
G1 X15.672 Y142.894
G1 X16.419 Y141.039
G1 X16.615 Y140.553
G1 X17.304 Y138.676
G1 X17.476 Y138.205
G1 X18.115 Y136.311
G1 X18.266 Y135.869
G1 X18.864 Y133.961
G1 X18.990 Y133.554
G1 X19.556 Y131.635
G1 X19.662 Y131.271
G1 X20.202 Y129.345
G1 X20.290 Y129.029
G1 X20.812 Y127.099
G1 X20.885 Y126.832
G1 X21.397 Y124.901
G1 X21.454 Y124.685
G1 X21.961 Y122.751
G1 X22.003 Y122.590
G1 X22.511 Y120.656
G1 X22.539 Y120.549
G1 X23.051 Y118.616
G1 X23.064 Y118.562
G1 X23.583 Y116.630
G1 X24.091 Y114.754
G1 X24.590 Y112.932
G1 X25.077 Y111.165
G1 X25.543 Y109.450
G1 X25.982 Y107.786
G1 X26.387 Y106.168
G1 X26.747 Y104.591
G1 X27.052 Y103.048
G1 X27.292 Y101.528
G1 X27.454 Y100.017
G1 X27.533 Y98.499
G1 X27.521 Y96.953
G1 X27.416 Y95.356
G1 X27.223 Y93.682
G1 X26.949 Y91.903
G1 X26.612 Y89.994
G1 X26.255 Y88.026
G1 X26.237 Y87.924
G1 X25.905 Y85.952
G1 X25.859 Y85.678
G1 X25.582 Y83.698
G1 X25.519 Y83.242
G1 X25.328 Y81.252
G1 X25.266 Y80.613
G1 X25.152 Y77.801
G1 X25.206 Y75.802
G1 X25.230 Y74.833
G1 X25.435 Y72.846
G1 X25.548 Y71.753
G1 X25.922 Y69.789
G1 X26.144 Y68.618
G1 X26.700 Y66.696
G1 X26.700 Y66.695
G1 X27.045 Y65.501
G1 X28.249 Y62.486
G1 X29.736 Y59.660
G1 X30.853 Y58.002
G1 X31.457 Y57.107
G1 X32.752 Y55.583
G1 X33.333 Y54.897
G1 X34.790 Y53.527
G1 X35.268 Y53.079
G1 X36.865 Y51.876
G1 X37.139 Y51.669
G1 X38.824 Y50.648
G1 X40.203 Y49.952
G1 X41.179 Y49.484
G1 X41.686 Y49.108
G1 X41.704 Y48.673
G1 X41.269 Y48.022
G1 X40.461 Y47.012
G1 X39.412 Y45.534
G1 X38.435 Y43.789
G1 X38.288 Y43.525
G1 X37.543 Y41.669
G1 X37.268 Y40.982
G1 X36.790 Y39.040
G1 X36.526 Y37.962
G1 X36.338 Y35.971
G1 X36.207 Y34.585
G1 X36.322 Y32.588
G1 X36.412 Y31.008
G1 X36.830 Y29.052
G1 X37.179 Y27.418
G1 X38.480 Y24.003
G1 X39.469 Y22.263
G1 X40.227 Y20.930
G1 X41.465 Y19.360
G1 X41.466 Y19.359
G1 X42.276 Y18.330
G1 X43.730 Y16.956
G1 X44.455 Y16.271
G1 X46.576 Y14.762
G1 X48.337 Y13.814
G1 X48.462 Y13.746
G1 X49.971 Y13.115
G1 X51.005 Y12.719
G1 X51.522 Y12.391
G1 X51.542 Y11.965
G1 X51.129 Y11.292
G1 X50.391 Y10.260
G1 X49.463 Y8.798
G1 X48.554 Y7.019
G1 X48.486 Y6.884
G1 X47.776 Y5.014
G1 X47.596 Y4.539
G1 X49.585 Y4.748
G1 X50.421 Y4.835
G1 X52.418 Y4.939
G1 X53.325 Y4.986
G1 X53.533 Y4.991
G1 X54.427 Y6.780
G1 X54.440 Y6.804
G1 X55.280 Y8.205
G1 X55.927 Y9.217
G1 X56.265 Y9.905
G1 X56.195 Y10.370
G1 X55.657 Y10.747
G1 X54.632 Y11.187
G1 X53.156 Y11.848
G1 X51.407 Y12.816
G1 X51.315 Y12.867
G1 X49.687 Y14.030
G1 X49.237 Y14.352
G1 X47.085 Y16.363
G1 X45.038 Y18.902
G1 X44.024 Y20.625
G1 X43.266 Y21.911
G1 X41.913 Y25.275
G1 X41.453 Y27.222
G1 X41.073 Y28.838
G1 X40.912 Y30.831
G1 X40.785 Y32.418
G1 X40.926 Y34.413
G1 X41.027 Y35.831
G1 X41.460 Y37.783
G1 X41.711 Y38.912
G1 X42.415 Y40.782
G1 X42.698 Y41.532
G1 X43.644 Y43.295
G1 X43.821 Y43.625
G1 X44.900 Y45.179
G1 X45.761 Y46.244
G1 X46.264 Y46.924
G1 X46.311 Y47.361
G1 X45.860 Y47.711
G1 X44.919 Y48.139
G1 X43.551 Y48.788
G1 X41.852 Y49.769
G1 X40.234 Y50.944
G1 X39.949 Y51.152
G1 X38.476 Y52.506
G1 X37.973 Y52.969
G1 X36.669 Y54.485
G1 X36.053 Y55.198
G1 X34.936 Y56.858
G1 X34.303 Y57.795
G1 X33.381 Y59.571
G1 X32.804 Y60.683
G1 X32.086 Y62.549
G1 X31.615 Y63.769
G1 X31.097 Y65.701
G1 X30.761 Y66.956
G1 X30.436 Y68.929
G1 X30.236 Y70.149
G1 X30.095 Y72.145
G1 X30.095 Y72.146
G1 X30.015 Y73.270
G1 X30.037 Y75.269
G1 X30.049 Y76.250
G1 X30.218 Y78.243
G1 X30.286 Y79.044
G1 X30.661 Y81.623
G1 X31.040 Y83.586
G1 X31.116 Y83.977
G1 X31.555 Y85.928
G1 X31.596 Y86.113
G1 X32.051 Y88.047
G1 X32.445 Y89.805
G1 X32.748 Y91.419
G1 X32.945 Y92.921
G1 X33.026 Y94.347
G1 X32.991 Y95.725
G1 X32.846 Y97.080
G1 X32.599 Y98.440
G1 X32.265 Y99.817
G1 X31.857 Y101.231
G1 X31.391 Y102.688
G1 X30.879 Y104.196
G1 X30.340 Y105.758
G1 X29.781 Y107.377
G1 X29.215 Y109.053
G1 X28.649 Y110.784
G1 X28.091 Y112.570
G1 X27.546 Y114.410
G1 X27.016 Y116.303
G1 X26.505 Y118.238
G1 X26.502 Y118.249
G1 X26.020 Y120.190
G1 X26.005 Y120.247
G1 X25.547 Y122.193
G1 X25.523 Y122.300
G1 X25.084 Y124.249
G1 X25.049 Y124.403
G1 X24.627 Y126.358
G1 X24.626 Y126.358
G1 X24.581 Y126.563
G1 X24.164 Y128.519
G1 X24.109 Y128.778
G1 X23.692 Y130.734
G1 X23.625 Y131.048
G1 X23.198 Y133.002
G1 X23.117 Y133.371
G1 X22.669 Y135.322
G1 X22.573 Y135.748
G1 X22.097 Y137.691
G1 X21.978 Y138.170
G1 X21.463 Y140.102
G1 X21.322 Y140.631
G1 X20.756 Y142.549
G1 X20.588 Y143.118
G1 X19.763 Y145.618
G1 X19.066 Y147.491
G1 X18.836 Y148.109
G1 X17.801 Y150.571
G1 X16.940 Y152.375
G1 X16.655 Y152.974
G1 X15.703 Y154.733
G1 X15.401 Y155.292
G1 X14.355 Y156.996
G1 X14.051 Y157.491
G1 X12.911 Y159.134
G1 X12.910 Y159.134
G1 X12.625 Y159.544
G1 X11.390 Y161.117
G1 X11.150 Y161.423
G1 X9.828 Y162.923
G1 X9.665 Y163.106
G1 X8.265 Y164.533
G1 X8.218 Y164.582
G1 X6.856 Y165.849
G1 X5.636 Y166.922
G1 X4.611 Y167.828
G1 X3.829 Y168.612
G1 X3.327 Y169.335
G1 X3.126 Y170.068
G1 X3.226 Y170.894
G1 X3.608 Y171.892
G1 X4.223 Y173.144
G1 X5.000 Y174.711
G1 X5.807 Y176.540
G1 X5.851 Y176.639
G1 X6.521 Y178.524
G1 X6.671 Y178.948
G1 X7.164 Y180.887
G1 X7.352 Y181.625
G1 X7.639 Y183.603
G1 X7.787 Y184.621
G1 X7.849 Y186.620
G1 X7.887 Y187.860
G1 X7.710 Y189.851
G1 X7.588 Y191.236
G1 X7.167 Y193.191
G1 X6.859 Y194.629
G1 X5.704 Y197.905
G1 X4.804 Y199.692
G1 X4.173 Y200.942
G1 X3.051 Y202.598
G1 X2.350 Y203.633
G1 X0.352 Y205.900
G1 X0.000 Y206.517
G1 X0.000 Y213.089
G1 X1.517 Y211.953
G1 X1.907 Y211.663
G1 X3.957 Y209.702
G1 X5.218 Y208.151
G1 X5.921 Y207.285
G1 X6.973 Y205.584
G1 X6.973 Y205.583
G1 X7.666 Y204.459
G1 X8.487 Y202.635
G1 X9.082 Y201.313
G1 X9.658 Y199.398
G1 X10.091 Y197.965
G1 X10.420 Y195.992
G1 X10.661 Y194.546
G1 X10.742 Y192.548
G1 X10.796 Y191.190
G1 X10.636 Y189.196
G1 X10.541 Y188.018
G1 X10.157 Y186.055
G1 X9.975 Y185.133
G1 X9.387 Y183.220
G1 X9.387 Y183.219
G1 X9.195 Y182.599
G1 X8.439 Y180.748
G1 X8.320 Y180.458
G1 X7.460 Y178.709
G1 X6.722 Y177.321
G1 X6.194 Y176.235
G1 X5.942 Y175.377
G1 X6.002 Y174.657
G1 X6.389 Y173.987
G1 X7.090 Y173.282
G1 X8.073 Y172.467
G1 X9.288 Y171.485
G1 X10.679 Y170.295
G1 X12.185 Y168.875
G1 X13.554 Y167.418
G1 X13.742 Y167.219
G1 X15.016 Y165.677
G1 X15.298 Y165.335
G1 X16.469 Y163.713
G1 X16.805 Y163.246
G1 X17.868 Y161.552
G1 X18.224 Y160.981
G1 X19.178 Y159.223
G1 X19.531 Y158.573
G1 X20.379 Y156.762
G1 X20.709 Y156.059
G1 X21.455 Y154.204
G1 X21.749 Y153.474
G1 X22.402 Y151.584
G1 X22.654 Y150.852
G1 X23.223 Y148.934
G1 X23.436 Y148.221
G1 X23.927 Y146.282
G1 X24.101 Y145.604
G1 X24.531 Y143.652
G1 X24.670 Y143.020
G1 X25.048 Y141.056
G1 X25.158 Y140.483
G1 X25.497 Y138.512
G1 X25.585 Y138.002
G1 X25.897 Y136.027
G1 X25.966 Y135.582
G1 X26.264 Y133.605
G1 X26.321 Y133.225
G1 X26.615 Y131.248
G1 X26.663 Y130.929
G1 X26.962 Y128.954
G1 X27.002 Y128.693
G1 X27.319 Y126.719
G1 X27.317 Y126.718
G1 X27.351 Y126.512
G1 X27.691 Y124.542
G1 X27.719 Y124.383
G1 X28.091 Y122.418
G1 X28.113 Y122.302
G1 X28.521 Y120.345
G1 X28.538 Y120.266
G1 X28.987 Y118.317
G1 X28.997 Y118.271
G1 X29.489 Y116.333
G1 X29.493 Y116.318
G1 X30.026 Y114.401
G1 X30.597 Y112.525
G1 X31.202 Y110.692
G1 X31.840 Y108.903
G1 X32.504 Y107.161
G1 X33.189 Y105.472
G1 X33.885 Y103.840
G1 X34.582 Y102.267
G1 X35.267 Y100.758
G1 X35.926 Y99.313
G1 X36.541 Y97.931
G1 X37.308 Y97.626
G1 X36.634 Y95.808
G1 X36.050 Y93.959
G1 X35.559 Y92.084
G1 X35.159 Y90.187
G1 X34.853 Y88.273
G1 X34.642 Y86.345
G1 X34.525 Y84.410
G1 X34.504 Y82.471
G1 X34.577 Y80.534
G1 X34.746 Y78.603
G1 X35.009 Y76.681
G1 X35.366 Y74.776
G1 X34.860 Y72.652
G1 X34.812 Y71.667
G1 X34.894 Y69.669
G1 X34.941 Y68.519
G1 X35.217 Y66.538
G1 X35.392 Y65.276
G1 X36.200 Y62.027
G1 X36.895 Y60.152
G1 X37.368 Y58.876
G1 X38.276 Y57.096
G1 X38.870 Y55.932
G1 X39.986 Y54.272
G1 X40.644 Y53.292
G1 X42.597 Y51.037
G1 X44.080 Y49.696
G1 X44.607 Y49.219
G1 X46.238 Y48.063
G1 X46.537 Y47.852
G1 X48.247 Y46.900
G1 X49.611 Y46.282
G1 X50.529 Y45.879
G1 X50.945 Y45.542
G1 X50.858 Y45.103
G1 X50.316 Y44.401
G1 X49.428 Y43.300
G1 X48.340 Y41.701
G1 X47.415 Y39.928
G1 X47.224 Y39.564
G1 X46.545 Y37.683
G1 X46.264 Y36.906
G1 X45.855 Y34.948
G1 X45.617 Y33.806
G1 X45.499 Y31.809
G1 X45.415 Y30.392
G1 X45.593 Y28.400
G1 X45.733 Y26.828
G1 X46.204 Y24.884
G1 X46.591 Y23.293
G1 X47.340 Y21.439
G1 X47.941 Y19.959
G1 X48.952 Y18.233
G1 X49.691 Y16.974
G1 X50.934 Y15.407
G1 X51.700 Y14.441
G1 X53.812 Y12.411
G1 X55.414 Y11.214
G1 X55.857 Y10.882
G1 X57.578 Y9.862
G1 X57.687 Y9.798
G1 X59.182 Y9.061
G1 X60.261 Y8.542
G1 X60.891 Y8.104
G1 X61.082 Y7.609
G1 X60.885 Y6.936
G1 X60.381 Y5.988
G1 X59.669 Y4.704
G1 X61.646 Y4.401
G1 X62.600 Y4.256
G1 X64.549 Y3.807
G1 X64.550 Y3.807
G1 X65.444 Y3.603
G1 X65.640 Y3.548
G1 X65.942 Y4.409
G1 X65.936 Y5.061
G1 X65.560 Y5.592
G1 X64.778 Y6.113
G1 X63.592 Y6.745
G1 X62.039 Y7.613
G1 X60.368 Y8.711
G1 X60.197 Y8.821
G1 X58.179 Y10.459
G1 X56.783 Y11.891
G1 X56.124 Y12.568
G1 X54.921 Y14.166
G1 X54.181 Y15.148
G1 X53.204 Y16.893
G1 X52.500 Y18.150
G1 X51.774 Y20.014
G1 X51.206 Y21.474
G1 X50.752 Y23.423
G1 X50.389 Y24.983
G1 X50.220 Y26.976
G1 X50.090 Y28.515
G1 X50.211 Y30.513
G1 X50.294 Y31.899
G1 X50.698 Y33.858
G1 X50.930 Y34.979
G1 X51.602 Y36.863
G1 X51.876 Y37.629
G1 X52.790 Y39.408
G1 X52.977 Y39.770
G1 X54.056 Y41.380
G1 X54.945 Y42.495
G1 X55.493 Y43.206
G1 X55.595 Y43.648
G1 X55.190 Y43.981
G1 X54.279 Y44.371
G1 X52.912 Y44.974
G1 X51.188 Y45.916
G1 X49.548 Y47.062
G1 X49.236 Y47.283
G1 X47.748 Y48.619
G1 X47.200 Y49.110
G1 X45.890 Y50.622
G1 X45.225 Y51.391
G1 X44.115 Y53.055
G1 X43.438 Y54.072
G1 X42.543 Y55.861
G1 X41.940 Y57.069
G1 X41.268 Y58.953
G1 X40.796 Y60.276
G1 X41.403 Y60.691
G1 X40.347 Y62.318
G1 X39.373 Y63.994
G1 X38.482 Y65.716
G1 X37.677 Y67.479
G1 X36.959 Y69.280
G1 X36.331 Y71.114
G1 X35.793 Y72.977
G1 X35.347 Y74.864
G1 X34.994 Y76.770
G1 X34.736 Y78.692
G1 X34.572 Y80.623
G1 X34.502 Y82.561
G1 X34.528 Y84.500
G1 X34.651 Y86.435
G1 X34.866 Y88.361
G1 X35.176 Y90.275
G1 X35.579 Y92.171
G1 X36.076 Y94.046
G1 X36.663 Y95.893
G1 X37.341 Y97.709
G1 X38.107 Y99.491
G1 X37.598 Y100.688
G1 X36.757 Y102.337
G1 X35.936 Y104.046
G1 X35.144 Y105.807
G1 X34.390 Y107.605
G1 X33.678 Y109.442
G1 X33.010 Y111.308
G1 X32.390 Y113.198
G1 X31.821 Y115.109
G1 X31.302 Y117.040
G1 X30.833 Y118.984
G1 X30.832 Y118.991
G1 X30.415 Y120.947
G1 X30.411 Y120.965
G1 X30.045 Y122.929
G1 X30.039 Y122.958
G1 X29.719 Y124.932
G1 X29.711 Y124.982
G1 X29.436 Y126.963
G1 X29.425 Y127.041
G1 X29.189 Y129.026
G1 X29.176 Y129.140
G1 X28.973 Y131.129
G1 X28.956 Y131.287
G1 X28.777 Y133.279
G1 X28.758 Y133.490
G1 X28.593 Y135.483
G1 X28.570 Y135.755
G1 X28.407 Y137.750
G1 X28.379 Y138.092
G1 X28.204 Y140.084
G1 X28.168 Y140.502
G1 X27.969 Y142.494
G1 X27.919 Y142.990
G1 X27.612 Y145.550
G1 X27.322 Y147.530
G1 X27.225 Y148.181
G1 X26.868 Y150.149
G1 X26.737 Y150.869
G1 X26.300 Y152.820
G1 X26.127 Y153.596
G1 X25.596 Y155.524
G1 X25.374 Y156.338
G1 X24.743 Y158.235
G1 X24.743 Y158.238
G1 X24.467 Y159.066
G1 X23.725 Y160.923
G1 X23.725 Y160.924
G1 X23.398 Y161.744
G1 X22.540 Y163.551
G1 X22.170 Y164.332
G1 X21.191 Y166.075
G1 X21.190 Y166.076
G1 X20.791 Y166.787
G1 X19.692 Y168.459
G1 X19.290 Y169.068
G1 X17.700 Y171.138
G1 X16.372 Y172.632
G1 X16.073 Y172.968
G1 X14.465 Y174.540
G1 X12.949 Y175.846
G1 X12.941 Y175.853
G1 X11.572 Y176.923
G1 X10.423 Y177.785
G1 X9.553 Y178.499
G1 X9.003 Y179.133
G1 X8.799 Y179.780
G1 X8.934 Y180.534
G1 X9.377 Y181.493
G1 X10.069 Y182.739
G1 X10.922 Y184.343
G1 X11.749 Y186.165
G1 X11.831 Y186.346
G1 X12.492 Y188.235
G1 X12.677 Y188.758
G1 X13.138 Y190.703
G1 X13.339 Y191.550
G1 X13.576 Y193.536
G1 X13.710 Y194.660
G1 X13.704 Y196.659
G1 X13.701 Y197.989
G1 X13.444 Y199.973
G1 X13.257 Y201.419
G1 X12.361 Y204.812
G1 X11.603 Y206.664
G1 X11.040 Y208.034
G1 X10.045 Y209.769
G1 X9.363 Y210.957
G1 X8.150 Y212.548
G1 X7.434 Y213.489
G1 X6.028 Y214.910
G1 X5.385 Y215.562
G1 X3.817 Y216.802
G1 X3.361 Y217.162
G1 X1.664 Y218.221
G1 X1.509 Y218.318
G1 X0.000 Y219.079
G1 X0.000 Y223.883
G1 X0.581 Y224.891
G1 X1.399 Y226.716
G1 X1.559 Y227.071
G1 X2.325 Y228.918
G1 X2.586 Y229.543
G1 X3.215 Y231.441
G1 X3.476 Y232.228
G1 X3.958 Y234.168
G1 X4.187 Y235.089
G1 X4.516 Y237.061
G1 X4.685 Y238.078
G1 X4.860 Y240.069
G1 X4.953 Y241.140
G1 X4.973 Y243.140
G1 X4.984 Y244.225
G1 X4.853 Y246.221
G1 X4.783 Y247.279
G1 X4.526 Y249.262
G1 X4.501 Y249.453
G1 X5.056 Y247.532
G1 X5.450 Y246.167
G1 X5.770 Y244.193
G1 X5.997 Y242.796
G1 X6.075 Y240.801
G1 X6.128 Y239.463
G1 X5.861 Y236.289
G1 X5.454 Y234.331
G1 X5.256 Y233.389
G1 X4.406 Y230.859
G1 X3.559 Y229.045
G1 X3.425 Y228.758
G1 X2.457 Y227.114
G1 X1.635 Y225.908
G1 X1.090 Y225.077
G1 X0.926 Y224.522
G1 X1.212 Y224.113
G1 X1.973 Y223.705
G1 X3.189 Y223.152
G1 X4.794 Y222.321
G1 X6.476 Y221.238
G1 X6.683 Y221.104
G1 X8.229 Y219.838
G1 X8.723 Y219.434
G1 X10.102 Y217.988
G1 X10.767 Y217.289
G1 X12.671 Y214.690
G1 X13.631 Y212.937
G1 X13.630 Y212.935
G1 X14.304 Y211.705
G1 X15.021 Y209.839
G1 X15.561 Y208.441
G1 X16.029 Y206.495
G1 X16.029 Y206.494
G1 X16.383 Y205.019
G1 X16.593 Y203.030
G1 X16.744 Y201.585
G1 X16.700 Y199.586
G1 X16.671 Y198.275
G1 X16.383 Y196.296
G1 X16.224 Y195.210
G1 X15.710 Y193.277
G1 X15.499 Y192.484
G1 X14.786 Y190.616
G1 X14.611 Y190.157
G1 X13.736 Y188.359
G1 X13.683 Y188.251
G1 X12.839 Y186.750
G1 X12.186 Y185.604
G1 X11.809 Y184.736
G1 X11.766 Y184.054
G1 X12.083 Y183.454
G1 X12.756 Y182.836
G1 X13.757 Y182.110
G1 X15.034 Y181.199
G1 X16.519 Y180.049
G1 X18.022 Y178.730
G1 X18.140 Y178.627
G1 X19.543 Y177.202
G1 X19.820 Y176.922
G1 X21.109 Y175.392
G1 X21.490 Y174.941
G1 X22.654 Y173.315
G1 X23.086 Y172.711
G1 X24.120 Y170.999
G1 X24.121 Y170.999
G1 X24.561 Y170.268
G1 X25.462 Y168.483
G1 X25.879 Y167.656
G1 X27.017 Y164.924
G1 X27.659 Y163.030
G1 X27.968 Y162.119
G1 X28.489 Y160.189
G1 X28.734 Y159.286
G1 X29.146 Y157.329
G1 X29.329 Y156.462
G1 X29.643 Y154.487
G1 X29.771 Y153.681
G1 X30.084 Y150.965
G1 X30.242 Y148.970
G1 X30.292 Y148.331
G1 X30.398 Y146.334
G1 X30.397 Y146.333
G1 X30.425 Y145.788
G1 X30.492 Y143.789
G1 X30.506 Y143.340
G1 X30.550 Y141.341
G1 X30.551 Y141.340
G1 X30.558 Y140.984
G1 X30.594 Y138.984
G1 X30.600 Y138.716
G1 X30.646 Y136.717
G1 X30.650 Y136.525
G1 X30.717 Y134.527
G1 X30.721 Y134.403
G1 X30.821 Y132.406
G1 X30.824 Y132.339
G1 X30.966 Y130.344
G1 X30.966 Y130.319
G1 X31.153 Y128.335
G1 X31.388 Y126.377
G1 X31.676 Y124.435
G1 X32.014 Y122.503
G1 X32.405 Y120.575
G1 X32.848 Y118.646
G1 X33.344 Y116.716
G1 X33.891 Y114.792
G1 X33.894 Y114.782
G1 X34.489 Y112.872
G1 X34.497 Y112.846
G1 X35.138 Y110.952
G1 X35.152 Y110.911
G1 X35.841 Y109.034
G1 X35.860 Y108.981
G1 X36.598 Y107.124
G1 X36.621 Y107.062
G1 X37.407 Y105.223
G1 X37.433 Y105.162
G1 X38.269 Y103.345
G1 X38.294 Y103.291
G1 X38.993 Y101.873
G1 X39.231 Y101.744
G1 X38.354 Y100.016
G1 X37.561 Y98.247
G1 X36.857 Y96.440
G1 X36.242 Y94.601
G1 X35.718 Y92.735
G1 X35.287 Y90.845
G1 X34.949 Y88.936
G1 X34.704 Y87.012
G1 X34.555 Y85.079
G1 X34.500 Y83.142
G1 X34.541 Y81.203
G1 X34.677 Y79.269
G1 X34.907 Y77.344
G1 X35.232 Y75.433
G1 X35.650 Y73.538
G1 X36.159 Y71.669
G1 X36.762 Y69.826
G1 X37.453 Y68.015
G1 X38.232 Y66.239
G1 X39.098 Y64.505
G1 X40.047 Y62.814
G1 X41.079 Y61.173
G1 X42.189 Y59.584
G1 X43.377 Y58.051
G1 X44.639 Y56.578
G1 X45.970 Y55.169
G1 X47.369 Y53.828
G1 X48.002 Y52.219
G1 X49.790 Y49.498
G1 X51.094 Y47.982
G1 X51.778 Y47.185
G1 X53.264 Y45.846
G1 X53.831 Y45.336
G1 X55.469 Y44.189
G1 X55.801 Y43.957
G1 X57.542 Y43.008
G1 X58.921 Y42.401
G1 X59.846 Y42.008
G1 X60.264 Y41.672
G1 X60.180 Y41.229
G1 X59.653 Y40.521
G1 X58.790 Y39.419
G1 X57.734 Y37.834
G1 X56.819 Y36.055
G1 X56.653 Y35.732
G1 X55.972 Y33.851
G1 X55.713 Y33.133
G1 X55.292 Y31.178
G1 X55.062 Y30.113
G1 X54.916 Y28.119
G1 X54.817 Y26.789
G1 X54.949 Y24.795
G1 X55.048 Y23.307
G1 X55.454 Y21.349
G1 X55.771 Y19.824
G1 X56.441 Y17.941
G1 X56.955 Y16.496
G1 X58.522 Y13.446
G1 X59.656 Y11.798
G1 X60.360 Y10.774
G1 X61.683 Y9.274
G1 X62.338 Y8.532
G1 X64.321 Y6.730
G1 X65.922 Y5.531
G1 X66.182 Y5.337
G1 X67.815 Y4.287
G1 X69.141 Y3.491
G1 X70.118 Y2.847
G1 X70.730 Y2.248
G1 X70.996 Y1.597
G1 X73.237 Y0.461
G1 X74.001 Y0.000
G1 X74.332 Y0.000
G1 X73.267 Y0.738
G1 X71.793 Y1.756
G1 X70.197 Y2.960
G1 X70.084 Y3.046
G1 X68.578 Y4.361
G1 X68.219 Y4.675
G1 X66.295 Y6.691
G1 X64.432 Y9.107
G1 X63.397 Y10.819
G1 X62.741 Y11.901
G1 X61.918 Y13.724
G1 X61.338 Y15.016
G1 X60.752 Y16.927
G1 X60.316 Y18.356
G1 X59.983 Y20.328
G1 X59.735 Y21.801
G1 X59.617 Y25.210
G1 X59.814 Y27.200
G1 X59.936 Y28.440
G1 X60.395 Y30.387
G1 X60.623 Y31.361
G1 X61.328 Y33.230
G1 X61.565 Y33.862
G1 X62.491 Y35.635
G1 X62.621 Y35.884
G1 X63.632 Y37.409
G1 X64.443 Y38.475
G1 X64.916 Y39.165
G1 X64.951 Y39.608
G1 X64.491 Y39.955
G1 X63.533 Y40.367
G1 X62.127 Y40.998
G1 X60.377 Y41.968
G1 X60.368 Y41.973
G1 X58.385 Y43.383
G1 X56.909 Y44.734
G1 X56.326 Y45.266
G1 X55.033 Y46.792
G1 X54.338 Y47.615
G1 X54.814 Y48.472
G1 X53.143 Y49.455
G1 X51.522 Y50.519
G1 X49.956 Y51.661
G1 X48.447 Y52.879
G1 X47.000 Y54.169
G1 X45.618 Y55.528
G1 X44.304 Y56.955
G1 X43.062 Y58.443
G1 X41.894 Y59.990
G1 X40.804 Y61.593
G1 X39.793 Y63.248
G1 X38.865 Y64.950
G1 X38.022 Y66.696
G1 X37.265 Y68.481
G1 X36.597 Y70.301
G1 X36.019 Y72.152
G1 X35.532 Y74.028
G1 X35.138 Y75.927
G1 X34.837 Y77.842
G1 X34.632 Y79.770
G1 X34.521 Y81.705
G1 X34.505 Y83.644
G1 X34.584 Y85.581
G1 X34.759 Y87.512
G1 X35.027 Y89.432
G1 X35.390 Y91.337
G1 X35.845 Y93.221
G1 X36.393 Y95.081
G1 X37.031 Y96.912
G1 X37.758 Y98.708
G1 X38.573 Y100.468
G1 X39.472 Y102.186
G1 X40.369 Y103.717
G1 X39.769 Y105.086
G1 X39.692 Y105.261
G1 X38.937 Y107.114
G1 X38.869 Y107.281
G1 X38.158 Y109.149
G1 X38.100 Y109.298
G1 X37.430 Y111.181
G1 X37.385 Y111.309
G1 X36.753 Y113.207
G1 X36.720 Y113.307
G1 X36.125 Y115.216
G1 X36.103 Y115.286
G1 X35.545 Y117.206
G1 X35.534 Y117.244
G1 X35.013 Y119.173
G1 X35.012 Y119.177
G1 X34.537 Y121.088
G1 X34.109 Y122.979
G1 X33.729 Y124.846
G1 X33.399 Y126.701
G1 X33.121 Y128.548
G1 X32.896 Y130.392
G1 X32.725 Y132.247
G1 X32.608 Y134.121
G1 X32.544 Y136.028
G1 X32.530 Y137.976
G1 X32.558 Y139.977
G1 X32.558 Y139.986
G1 X32.616 Y141.985
G1 X32.618 Y142.071
G1 X32.694 Y144.069
G1 X32.700 Y144.243
G1 X32.773 Y146.242
G1 X32.783 Y146.515
G1 X32.837 Y148.514
G1 X32.838 Y148.516
G1 X32.847 Y148.897
G1 X32.863 Y150.897
G1 X32.867 Y151.393
G1 X32.827 Y153.393
G1 X32.815 Y154.004
G1 X32.699 Y156.001
G1 X32.658 Y156.721
G1 X32.368 Y159.529
G1 X32.057 Y161.503
G1 X31.916 Y162.403
G1 X31.486 Y164.356
G1 X31.277 Y165.310
G1 X30.717 Y167.231
G1 X30.433 Y168.210
G1 X29.738 Y170.085
G1 X29.379 Y171.052
G1 X28.541 Y172.867
G1 X28.118 Y173.784
G1 X27.137 Y175.528
G1 X26.673 Y176.352
G1 X25.548 Y178.007
G1 X25.076 Y178.703
G1 X23.817 Y180.258
G1 X23.380 Y180.798
G1 X21.996 Y182.241
G1 X21.650 Y182.602
G1 X20.155 Y183.930
G1 X19.962 Y184.104
G1 X18.395 Y185.310
G1 X17.033 Y186.252
G1 X15.945 Y186.987
G1 X15.193 Y187.591
G1 X14.807 Y188.158
G1 X14.798 Y188.795
G1 X15.141 Y189.608
G1 X15.779 Y190.698
G1 X16.622 Y192.145
G1 X17.525 Y193.930
G1 X17.526 Y193.932
G1 X17.564 Y194.004
G1 X18.306 Y195.862
G1 X18.476 Y196.293
G1 X19.017 Y198.219
G1 X19.234 Y198.992
G1 X19.546 Y200.967
G1 X19.546 Y200.968
G1 X19.715 Y202.042
G1 X19.780 Y204.042
G1 X19.823 Y205.346
G1 X19.631 Y207.338
G1 X19.492 Y208.786
G1 X19.041 Y210.734
G1 X18.697 Y212.218
G1 X17.992 Y214.090
G1 X17.458 Y215.503
G1 X16.512 Y217.264
G1 X15.842 Y218.508
G1 X14.671 Y220.128
G1 X13.946 Y221.132
G1 X12.575 Y222.588
G1 X11.903 Y223.298
G1 X10.363 Y224.574
G1 X9.859 Y224.991
G1 X8.184 Y226.083
G1 X8.183 Y226.084
G1 X7.960 Y226.229
G1 X6.341 Y227.078
G1 X5.105 Y227.645
G1 X4.319 Y228.063
G1 X4.004 Y228.475
G1 X4.138 Y229.025
G1 X4.653 Y229.840
G1 X5.447 Y231.021
G1 X6.395 Y232.629
G1 X7.246 Y234.438
G1 X7.364 Y234.684
G1 X8.014 Y236.574
G1 X8.217 Y237.165
G1 X8.645 Y239.118
G1 X8.841 Y240.012
G1 X9.035 Y242.002
G1 X9.035 Y242.005
G1 X9.145 Y243.137
G1 X9.099 Y245.136
G1 X9.069 Y246.431
G1 X8.785 Y248.411
G1 X8.591 Y249.777
G1 X8.080 Y251.711
G1 X7.723 Y253.060
G1 X6.997 Y254.923
G1 X6.997 Y254.924
G1 X6.506 Y256.179
G1 X5.579 Y257.949
G1 X4.999 Y259.039
G1 X3.284 Y261.586
G1 X2.022 Y263.136
G1 X1.477 Y263.806
G1 X0.100 Y265.256
G1 X0.000 Y265.362
G1 X0.000 Y271.482
G1 X0.650 Y270.846
G1 X0.738 Y270.759
G1 X2.121 Y269.314
G1 X2.131 Y269.305
G1 X2.409 Y269.015
G1 X3.731 Y267.514
G1 X3.746 Y267.497
G1 X4.186 Y267.003
G1 X5.436 Y265.441
G1 X5.448 Y265.426
G1 X6.008 Y264.731
G1 X7.164 Y263.101
G1 X7.786 Y262.226
G1 X8.797 Y260.541
G1 X9.412 Y259.506
G1 X10.228 Y257.756
G1 X10.754 Y256.583
G1 X11.327 Y254.742
G1 X11.694 Y253.460
G1 X11.975 Y251.500
G1 X12.151 Y250.167
G1 X12.183 Y248.167
G1 X12.203 Y246.909
G1 X12.005 Y244.919
G1 X11.894 Y243.820
G1 X11.467 Y241.866
G1 X11.278 Y241.002
G1 X10.633 Y239.109
G1 X10.440 Y238.541
G1 X9.600 Y236.726
G1 X9.493 Y236.493
G1 X8.562 Y234.881
G1 X7.780 Y233.687
G1 X7.268 Y232.853
G1 X7.126 Y232.285
G1 X7.423 Y231.860
G1 X8.186 Y231.437
G1 X9.397 Y230.874
G1 X10.993 Y230.040
G1 X12.674 Y228.956
G1 X12.875 Y228.826
G1 X14.424 Y227.559
G1 X14.912 Y227.163
G1 X16.294 Y225.717
G1 X16.957 Y225.023
G1 X18.143 Y223.414
G1 X18.867 Y222.428
G1 X20.506 Y219.443
G1 X21.228 Y217.578
G1 X21.772 Y216.170
G1 X22.238 Y214.225
G1 X22.593 Y212.738
G1 X22.800 Y210.749
G1 X22.950 Y209.290
G1 X22.897 Y207.291
G1 X22.861 Y205.969
G1 X22.558 Y203.991
G1 X22.390 Y202.897
G1 X21.854 Y200.971
G1 X21.632 Y200.178
G1 X20.890 Y198.320
G1 X20.889 Y198.320
G1 X20.711 Y197.872
G1 X19.800 Y196.092
G1 X19.756 Y196.004
G1 X18.894 Y194.556
G1 X18.243 Y193.476
G1 X17.893 Y192.680
G1 X17.903 Y192.065
G1 X18.301 Y191.522
G1 X19.080 Y190.938
G1 X20.203 Y190.214
G1 X21.610 Y189.268
G1 X23.202 Y188.060
G1 X23.223 Y188.043
G1 X24.720 Y186.717
G1 X24.957 Y186.508
G1 X26.336 Y185.060
G1 X26.725 Y184.652
G1 X27.970 Y183.088
G1 X27.971 Y183.087
G1 X28.444 Y182.491
G1 X29.547 Y180.822
G1 X30.049 Y180.061
G1 X30.999 Y178.301
G1 X31.482 Y177.409
G1 X32.278 Y175.575
G1 X32.706 Y174.593
G1 X33.351 Y172.699
G1 X33.702 Y171.670
G1 X34.465 Y168.701
G1 X34.824 Y166.735
G1 X35.006 Y165.741
G1 X35.240 Y163.754
G1 X35.348 Y162.831
G1 X35.468 Y160.835
G1 X35.516 Y160.010
G1 X35.536 Y158.010
G1 X35.545 Y157.303
G1 X35.487 Y155.304
G1 X35.470 Y154.724
G1 X35.353 Y152.728
G1 X35.326 Y152.280
G1 X35.170 Y150.289
G1 X35.145 Y149.973
G1 X34.972 Y147.980
G1 X34.956 Y147.791
G1 X34.785 Y145.800
G1 X34.778 Y145.722
G1 X34.635 Y143.753
G1 X34.537 Y141.865
G1 X34.496 Y140.041
G1 X34.512 Y138.263
G1 X34.591 Y136.516
G1 X34.732 Y134.786
G1 X34.932 Y133.058
G1 X35.185 Y131.323
G1 X35.490 Y129.571
G1 X35.840 Y127.796
G1 X36.232 Y125.991
G1 X36.663 Y124.153
G1 X37.131 Y122.278
G1 X37.631 Y120.365
G1 X38.161 Y118.437
G1 X38.162 Y118.436
G1 X38.167 Y118.413
G1 X38.717 Y116.490
G1 X38.736 Y116.423
G1 X39.309 Y114.506
G1 X39.342 Y114.397
G1 X39.939 Y112.487
G1 X39.987 Y112.335
G1 X40.611 Y110.435
G1 X40.674 Y110.245
G1 X41.330 Y108.356
G1 X41.408 Y108.131
G1 X41.955 Y106.649
G1 X42.217 Y106.455
G1 X41.105 Y104.867
G1 X40.071 Y103.226
G1 X39.120 Y101.537
G1 X38.252 Y99.803
G1 X37.471 Y98.029
G1 X36.776 Y96.219
G1 X36.174 Y94.376
G1 X35.661 Y92.506
G1 X35.241 Y90.614
G1 X34.914 Y88.703
G1 X34.681 Y86.778
G1 X34.543 Y84.844
G1 X34.500 Y82.907
G1 X34.552 Y80.968
G1 X34.700 Y79.034
G1 X34.940 Y77.111
G1 X35.277 Y75.203
G1 X35.707 Y73.311
G1 X36.228 Y71.444
G1 X36.841 Y69.604
G1 X37.543 Y67.797
G1 X38.333 Y66.027
G1 X39.209 Y64.297
G1 X40.168 Y62.612
G1 X41.209 Y60.977
G1 X42.329 Y59.394
G1 X43.526 Y57.869
G1 X44.796 Y56.404
G1 X46.136 Y55.003
G1 X47.543 Y53.669
G1 X49.013 Y52.407
G1 X50.546 Y51.217
G1 X52.133 Y50.105
G1 X53.774 Y49.071
G1 X55.463 Y48.120
G1 X57.197 Y47.252
G1 X58.971 Y46.471
G1 X58.859 Y45.748
G1 X60.133 Y44.206
G1 X60.834 Y43.355
G1 X62.293 Y41.986
G1 X62.892 Y41.425
G1 X64.506 Y40.244
G1 X64.883 Y39.967
G1 X66.617 Y38.969
G1 X66.664 Y38.942
G1 X68.108 Y38.266
G1 X69.119 Y37.816
G1 X69.649 Y37.449
G1 X69.696 Y37.006
G1 X69.309 Y36.342
G1 X68.580 Y35.337
G1 X67.636 Y33.903
G1 X66.694 Y32.139
G1 X66.618 Y32.000
G1 X65.877 Y30.143
G1 X65.676 Y29.635
G1 X65.163 Y27.702
G1 X64.940 Y26.860
G1 X64.673 Y24.878
G1 X64.523 Y23.762
G1 X64.495 Y20.457
G1 X64.727 Y18.470
G1 X64.891 Y17.072
G1 X65.364 Y15.129
G1 X65.703 Y13.734
G1 X66.405 Y11.861
G1 X66.405 Y11.860
G1 X66.892 Y10.557
G1 X67.800 Y8.775
G1 X68.383 Y7.630
G1 X69.476 Y5.955
G1 X70.086 Y5.021
G1 X71.338 Y3.461
G1 X71.900 Y2.760
G1 X73.283 Y1.315
G1 X73.728 Y0.851
G1 X74.668 Y0.000
G1 X76.271 Y0.000
G1 X75.414 Y1.098
G1 X74.321 Y2.772
G1 X73.774 Y3.610
G1 X72.294 Y6.408
G1 X71.542 Y8.261
G1 X71.058 Y9.448
G1 X70.504 Y11.370
G1 X70.133 Y12.664
G1 X69.794 Y14.634
G1 X69.566 Y15.968
G1 X69.456 Y17.967
G1 X69.384 Y19.255
G1 X69.506 Y21.251
G1 X69.577 Y22.413
G1 X69.930 Y24.382
G1 X70.102 Y25.334
G1 X70.680 Y27.249
G1 X70.884 Y27.924
G1 X71.668 Y29.763
G1 X71.667 Y29.764
G1 X71.816 Y30.112
G1 X72.775 Y31.863
G1 X73.625 Y33.181
G1 X74.239 Y34.111
G1 X74.506 Y34.741
G1 X74.346 Y35.189
G1 X73.721 Y35.592
G1 X72.635 Y36.098
G1 X71.144 Y36.844
G1 X69.434 Y37.880
G1 X69.338 Y37.938
G1 X67.751 Y39.154
G1 X67.344 Y39.465
G1 X65.912 Y40.861
G1 X65.302 Y41.457
G1 X64.056 Y43.020
G1 X63.355 Y43.902
G1 X62.577 Y45.188
G1 X60.735 Y45.794
G1 X58.926 Y46.491
G1 X57.152 Y47.273
G1 X55.420 Y48.143
G1 X53.732 Y49.097
G1 X52.093 Y50.132
G1 X50.506 Y51.246
G1 X48.976 Y52.437
G1 X47.507 Y53.702
G1 X46.101 Y55.037
G1 X44.763 Y56.440
G1 X43.495 Y57.907
G1 X42.300 Y59.434
G1 X41.182 Y61.018
G1 X40.143 Y62.654
G1 X39.185 Y64.340
G1 X38.312 Y66.071
G1 X37.524 Y67.842
G1 X36.824 Y69.650
G1 X36.214 Y71.491
G1 X35.695 Y73.359
G1 X35.268 Y75.250
G1 X34.934 Y77.160
G1 X34.695 Y79.083
G1 X34.550 Y81.017
G1 X34.500 Y82.955
G1 X34.545 Y84.893
G1 X34.686 Y86.827
G1 X34.921 Y88.752
G1 X35.250 Y90.662
G1 X35.673 Y92.553
G1 X36.188 Y94.423
G1 X36.794 Y96.265
G1 X37.490 Y98.074
G1 X38.274 Y99.848
G1 X39.143 Y101.580
G1 X40.097 Y103.268
G1 X41.132 Y104.907
G1 X42.246 Y106.495
G1 X43.437 Y108.023
G1 X44.411 Y109.408
G1 X43.828 Y111.321
G1 X43.744 Y111.597
G1 X43.183 Y113.516
G1 X43.115 Y113.748
G1 X42.568 Y115.672
G1 X42.516 Y115.858
G1 X41.980 Y117.785
G1 X41.943 Y117.924
G1 X41.416 Y119.853
G1 X41.391 Y119.944
G1 X40.869 Y121.875
G1 X40.858 Y121.917
G1 X40.342 Y123.843
G1 X39.845 Y125.721
G1 X39.367 Y127.553
G1 X38.910 Y129.339
G1 X38.480 Y131.083
G1 X38.083 Y132.787
G1 X37.723 Y134.456
G1 X37.409 Y136.096
G1 X37.147 Y137.714
G1 X36.943 Y139.321
G1 X36.805 Y140.929
G1 X36.737 Y142.552
G1 X36.743 Y144.206
G1 X36.820 Y145.909
G1 X36.966 Y147.684
G1 X37.171 Y149.549
G1 X37.420 Y151.525
G1 X37.678 Y153.508
G1 X37.694 Y153.629
G1 X37.934 Y155.614
G1 X37.966 Y155.878
G1 X38.164 Y157.867
G1 X38.205 Y158.280
G1 X38.338 Y160.275
G1 X38.376 Y160.838
G1 X38.422 Y162.837
G1 X38.439 Y163.544
G1 X38.377 Y165.544
G1 X38.352 Y166.383
G1 X38.170 Y168.374
G1 X38.083 Y169.326
G1 X37.763 Y171.300
G1 X37.596 Y172.333
G1 X36.868 Y175.352
G1 X36.243 Y177.253
G1 X35.889 Y178.327
G1 X35.103 Y180.166
G1 X34.665 Y181.194
G1 X33.717 Y182.955
G1 X33.217 Y183.886
G1 X31.586 Y186.343
G1 X30.333 Y187.900
G1 X29.835 Y188.515
G1 X28.442 Y189.949
G1 X28.441 Y189.950
G1 X28.036 Y190.366
G1 X26.523 Y191.673
G1 X26.278 Y191.883
G1 X24.666 Y193.066
G1 X24.652 Y193.077
G1 X23.247 Y193.986
G1 X22.144 Y194.673
G1 X21.400 Y195.229
G1 X21.052 Y195.757
G1 X21.097 Y196.374
G1 X21.504 Y197.194
G1 X22.203 Y198.318
G1 X23.098 Y199.827
G1 X23.992 Y201.617
G1 X24.068 Y201.768
G1 X24.782 Y203.636
G1 X24.782 Y203.637
G1 X24.978 Y204.151
G1 X25.477 Y206.088
G1 X25.698 Y206.943
G1 X25.959 Y208.926
G1 X26.109 Y210.071
G1 X26.116 Y212.071
G1 X26.122 Y213.430
G1 X25.867 Y215.414
G1 X25.678 Y216.888
G1 X25.164 Y218.820
G1 X24.769 Y220.301
G1 X23.428 Y223.529
G1 X22.422 Y225.258
G1 X21.729 Y226.447
G1 X20.507 Y228.030
G1 X19.788 Y228.960
G1 X18.375 Y230.375
G1 X17.738 Y231.012
G1 X16.165 Y232.247
G1 X15.725 Y232.594
G1 X14.029 Y233.654
G1 X13.891 Y233.740
G1 X12.360 Y234.528
G1 X11.223 Y235.070
G1 X10.533 Y235.499
G1 X10.298 Y235.949
G1 X10.485 Y236.562
G1 X11.021 Y237.448
G1 X11.806 Y238.694
G1 X12.721 Y240.350
G1 X13.530 Y242.179
G1 X13.639 Y242.427
G1 X14.257 Y244.329
G1 X14.443 Y244.900
G1 X14.850 Y246.857
G1 X15.027 Y247.712
G1 X15.212 Y249.702
G1 X15.295 Y250.754
G1 X15.171 Y252.640
G1 X15.060 Y253.756
G1 X14.621 Y255.523
G1 X14.303 Y256.650
G1 X13.587 Y258.330
G1 X13.085 Y259.431
G1 X12.141 Y261.060
G1 X11.515 Y262.111
G1 X10.397 Y263.719
G1 X9.718 Y264.692
G1 X8.499 Y266.276
G1 X8.484 Y266.295
G1 X7.828 Y267.156
G1 X6.561 Y268.705
G1 X6.521 Y268.754
G1 X5.948 Y269.470
G1 X4.656 Y270.996
G1 X4.606 Y271.054
G1 X4.160 Y271.592
G1 X2.849 Y273.102
G1 X2.805 Y273.152
G1 X2.513 Y273.493
G1 X1.185 Y274.988
G1 X1.156 Y275.020
G1 X1.034 Y275.160
G1 X0.000 Y276.308
G1 X0.000 Y279.844
G1 X0.574 Y279.082
G1 X1.794 Y277.499
G1 X1.837 Y277.441
G1 X3.068 Y275.865
G1 X3.146 Y275.765
G1 X3.290 Y275.584
G1 X4.534 Y274.018
G1 X4.629 Y273.897
G1 X4.937 Y273.519
G1 X6.196 Y271.967
G1 X6.301 Y271.836
G1 X6.767 Y271.277
G1 X8.041 Y269.735
G1 X8.139 Y269.618
G1 X8.742 Y268.907
G1 X10.022 Y267.370
G1 X10.088 Y267.291
G1 X10.788 Y266.466
G1 X12.053 Y264.916
G1 X12.063 Y264.904
G1 X12.802 Y264.003
G1 X13.947 Y262.487
G1 X14.649 Y261.540
G1 X15.603 Y260.047
G1 X16.194 Y259.072
G1 X16.902 Y257.566
G1 X17.321 Y256.580
G1 X17.738 Y255.015
G1 X17.953 Y254.038
G1 X18.049 Y252.376
G1 X18.067 Y251.447
G1 X17.830 Y249.664
G1 X17.698 Y248.845
G1 X17.139 Y246.948
G1 X16.961 Y246.350
G1 X16.203 Y244.500
G1 X16.083 Y244.209
G1 X15.185 Y242.471
G1 X14.386 Y241.134
G1 X13.803 Y240.160
G1 X13.539 Y239.474
G1 X13.668 Y238.975
G1 X14.238 Y238.536
G1 X15.251 Y238.024
G1 X16.670 Y237.307
G1 X18.388 Y236.285
G1 X18.416 Y236.267
G1 X20.025 Y235.079
G1 X20.379 Y234.818
G1 X22.425 Y232.911
G1 X23.708 Y231.378
G1 X24.409 Y230.541
G1 X25.485 Y228.855
G1 X26.192 Y227.746
G1 X27.037 Y225.933
G1 X27.654 Y224.608
G1 X28.252 Y222.699
G1 X28.708 Y221.242
G1 X29.047 Y219.271
G1 X29.302 Y217.786
G1 X29.380 Y215.786
G1 X29.434 Y214.378
G1 X29.254 Y212.386
G1 X29.143 Y211.161
G1 X28.717 Y209.207
G1 X28.508 Y208.249
G1 X27.858 Y206.358
G1 X27.642 Y205.729
G1 X26.797 Y203.916
G1 X26.672 Y203.646
G1 X25.733 Y202.007
G1 X24.954 Y200.775
G1 X24.444 Y199.879
G1 X24.281 Y199.225
G1 X24.514 Y198.696
G1 X25.151 Y198.173
G1 X26.170 Y197.545
G1 X27.516 Y196.714
G1 X29.114 Y195.605
G1 X30.662 Y194.339
G1 X30.872 Y194.170
G1 X32.301 Y192.772
G1 X32.692 Y192.389
G1 X33.983 Y190.862
G1 X34.485 Y190.270
G1 X35.624 Y188.626
G1 X36.166 Y187.845
G1 X37.142 Y186.098
G1 X37.666 Y185.163
G1 X38.473 Y183.334
G1 X38.475 Y183.333
G1 X38.938 Y182.286
G1 X39.577 Y180.391
G1 X39.953 Y179.283
G1 X40.426 Y177.340
G1 X40.699 Y176.227
G1 X41.015 Y174.250
G1 X41.187 Y173.175
G1 X41.355 Y171.182
G1 X41.439 Y170.190
G1 X41.472 Y168.191
G1 X41.473 Y168.190
G1 X41.487 Y167.315
G1 X41.404 Y165.318
G1 X41.373 Y164.586
G1 X41.193 Y162.594
G1 X41.141 Y162.020
G1 X40.885 Y160.037
G1 X40.833 Y159.629
G1 X40.528 Y157.653
G1 X40.490 Y157.410
G1 X40.163 Y155.437
G1 X40.149 Y155.352
G1 X39.839 Y153.440
G1 X39.583 Y151.655
G1 X39.398 Y149.971
G1 X39.294 Y148.368
G1 X39.275 Y146.819
G1 X39.342 Y145.306
G1 X39.490 Y143.809
G1 X39.714 Y142.312
G1 X40.005 Y140.802
G1 X40.354 Y139.268
G1 X40.750 Y137.701
G1 X41.184 Y136.095
G1 X41.649 Y134.447
G1 X42.135 Y132.753
G1 X42.635 Y131.011
G1 X43.145 Y129.220
G1 X43.659 Y127.381
G1 X44.176 Y125.491
G1 X44.692 Y123.559
G1 X44.694 Y123.553
G1 X45.199 Y121.617
G1 X45.213 Y121.564
G1 X45.709 Y119.626
G1 X45.735 Y119.525
G1 X46.225 Y117.586
G1 X46.264 Y117.437
G1 X46.751 Y115.497
G1 X46.801 Y115.300
G1 X47.294 Y113.361
G1 X47.913 Y112.659
G1 X46.488 Y111.343
G1 X45.130 Y109.959
G1 X43.842 Y108.510
G1 X42.627 Y106.999
G1 X41.487 Y105.431
G1 X40.425 Y103.809
G1 X39.445 Y102.136
G1 X38.548 Y100.418
G1 X37.736 Y98.657
G1 X37.012 Y96.859
G1 X36.376 Y95.027
G1 X35.831 Y93.167
G1 X35.378 Y91.281
G1 X35.018 Y89.376
G1 X34.752 Y87.456
G1 X34.581 Y85.525
G1 X34.504 Y83.587
G1 X34.523 Y81.649
G1 X34.637 Y79.713
G1 X34.846 Y77.786
G1 X35.150 Y75.871
G1 X35.545 Y73.973
G1 X36.035 Y72.097
G1 X36.615 Y70.247
G1 X37.286 Y68.428
G1 X38.045 Y66.644
G1 X38.891 Y64.899
G1 X39.821 Y63.199
G1 X40.834 Y61.546
G1 X41.927 Y59.944
G1 X43.097 Y58.398
G1 X44.341 Y56.912
G1 X45.657 Y55.488
G1 X47.041 Y54.131
G1 X48.490 Y52.842
G1 X50.001 Y51.628
G1 X51.569 Y50.487
G1 X53.191 Y49.425
G1 X54.864 Y48.445
G1 X56.582 Y47.548
G1 X58.343 Y46.736
G1 X60.141 Y46.011
G1 X61.973 Y45.376
G1 X63.833 Y44.831
G1 X65.719 Y44.378
G1 X67.151 Y43.235
G1 X67.818 Y42.082
G1 X69.028 Y40.490
G1 X69.722 Y39.577
G1 X71.118 Y38.145
G1 X71.737 Y37.512
G1 X73.289 Y36.249
G1 X73.728 Y35.895
G1 X75.403 Y34.803
G1 X75.557 Y34.703
G1 X77.103 Y33.868
G1 X78.277 Y33.282
G1 X79.022 Y32.826
G1 X79.324 Y32.362
G1 X79.211 Y31.761
G1 X78.747 Y30.912
G1 X78.024 Y29.727
G1 X77.155 Y28.153
G1 X76.329 Y26.331
G1 X76.258 Y26.174
G1 X75.611 Y24.282
G1 X75.449 Y23.810
G1 X75.000 Y21.862
G1 X75.000 Y21.861
G1 X74.827 Y21.110
G1 X74.586 Y19.126
G1 X74.469 Y18.149
G1 X74.441 Y16.148
G1 X74.425 Y15.011
G1 X74.609 Y13.021
G1 X74.608 Y13.019
G1 X74.720 Y11.796
G1 X75.105 Y9.834
G1 X75.348 Y8.593
G1 X75.924 Y6.678
G1 X76.283 Y5.485
G1 X77.033 Y3.631
G1 X77.475 Y2.538
G1 X78.383 Y0.756
G1 X78.383 Y0.755
G1 X78.767 Y0.000
G1 X82.040 Y0.000
G1 X81.733 Y0.826
G1 X81.355 Y1.841
G1 X80.810 Y3.765
G1 X80.498 Y4.862
G1 X80.118 Y6.824
G1 X79.899 Y7.962
G1 X79.694 Y9.952
G1 X79.580 Y11.078
G1 X79.564 Y13.078
G1 X79.554 Y14.137
G1 X79.726 Y16.129
G1 X79.807 Y17.062
G1 X80.168 Y19.028
G1 X80.305 Y19.775
G1 X80.848 Y21.699
G1 X80.992 Y22.211
G1 X81.703 Y24.081
G1 X81.793 Y24.321
G1 X82.614 Y26.065
G1 X83.354 Y27.452
G1 X83.910 Y28.503
G1 X84.191 Y29.277
G1 X84.120 Y29.860
G1 X83.651 Y30.359
G1 X82.768 Y30.893
G1 X81.494 Y31.581
G1 X79.889 Y32.536
G1 X78.257 Y33.693
G1 X78.041 Y33.846
G1 X76.535 Y35.162
G1 X76.067 Y35.569
G1 X74.717 Y37.044
G1 X74.094 Y37.725
G1 X72.250 Y40.296
G1 X71.291 Y42.051
G1 X70.651 Y43.223
G1 X70.685 Y43.639
G1 X68.758 Y43.849
G1 X66.843 Y44.154
G1 X64.946 Y44.552
G1 X63.070 Y45.042
G1 X61.221 Y45.624
G1 X59.401 Y46.296
G1 X57.619 Y47.057
G1 X55.875 Y47.904
G1 X54.174 Y48.836
G1 X52.522 Y49.850
G1 X50.921 Y50.943
G1 X49.376 Y52.114
G1 X47.890 Y53.360
G1 X46.467 Y54.677
G1 X45.110 Y56.062
G1 X43.824 Y57.512
G1 X42.610 Y59.023
G1 X41.471 Y60.592
G1 X40.411 Y62.216
G1 X39.431 Y63.889
G1 X38.535 Y65.608
G1 X37.724 Y67.369
G1 X37.001 Y69.168
G1 X36.367 Y71.000
G1 X35.823 Y72.861
G1 X35.371 Y74.746
G1 X35.013 Y76.651
G1 X34.749 Y78.573
G1 X34.579 Y80.504
G1 X34.504 Y82.441
G1 X34.524 Y84.380
G1 X34.639 Y86.315
G1 X34.849 Y88.243
G1 X35.154 Y90.157
G1 X35.553 Y92.054
G1 X36.042 Y93.930
G1 X36.624 Y95.779
G1 X37.296 Y97.598
G1 X38.057 Y99.381
G1 X38.905 Y101.125
G1 X39.836 Y102.826
G1 X40.850 Y104.478
G1 X41.943 Y106.079
G1 X43.114 Y107.624
G1 X44.360 Y109.110
G1 X45.677 Y110.533
G1 X47.062 Y111.889
G1 X48.512 Y113.177
G1 X50.023 Y114.390
G1 X51.300 Y115.326
G1 X51.033 Y116.548
G1 X50.982 Y116.784
G1 X50.549 Y118.736
G1 X50.506 Y118.924
G1 X50.058 Y120.874
G1 X50.026 Y121.016
G1 X49.561 Y122.961
G1 X49.538 Y123.059
G1 X49.053 Y125.000
G1 X49.039 Y125.054
G1 X48.530 Y126.988
G1 X48.526 Y127.002
G1 X47.999 Y128.903
G1 X47.459 Y130.756
G1 X46.908 Y132.563
G1 X46.352 Y134.321
G1 X45.793 Y136.029
G1 X45.239 Y137.690
G1 X44.698 Y139.301
G1 X44.178 Y140.864
G1 X43.691 Y142.382
G1 X43.247 Y143.858
G1 X42.860 Y145.299
G1 X42.539 Y146.713
G1 X42.297 Y148.117
G1 X42.144 Y149.521
G1 X42.085 Y150.946
G1 X42.125 Y152.415
G1 X42.264 Y153.948
G1 X42.495 Y155.575
G1 X42.804 Y157.322
G1 X43.172 Y159.212
G1 X43.553 Y161.174
G1 X43.571 Y161.267
G1 X43.917 Y163.237
G1 X43.964 Y163.503
G1 X44.248 Y165.484
G1 X44.312 Y165.930
G1 X44.509 Y167.921
G1 X44.569 Y168.545
G1 X44.653 Y170.543
G1 X44.686 Y171.332
G1 X44.639 Y173.332
G1 X44.617 Y174.266
G1 X44.424 Y176.257
G1 X44.322 Y177.305
G1 X43.970 Y179.274
G1 X43.770 Y180.397
G1 X43.248 Y182.328
G1 X42.938 Y183.476
G1 X42.243 Y185.351
G1 X41.827 Y186.471
G1 X40.959 Y188.272
G1 X40.458 Y189.310
G1 X39.417 Y191.017
G1 X38.868 Y191.920
G1 X37.663 Y193.517
G1 X37.116 Y194.243
G1 X35.282 Y196.233
G1 X33.795 Y197.570
G1 X33.457 Y197.872
G1 X31.857 Y199.072
G1 X31.740 Y199.159
G1 X30.229 Y200.135
G1 X29.012 Y200.856
G1 X28.154 Y201.412
G1 X27.699 Y201.914
G1 X27.653 Y202.479
G1 X27.988 Y203.226
G1 X28.641 Y204.264
G1 X29.512 Y205.679
G1 X30.444 Y207.448
G1 X30.485 Y207.525
G1 X31.424 Y209.818
G1 X31.972 Y211.742
G1 X32.196 Y212.532
G1 X32.506 Y214.508
G1 X32.679 Y215.600
G1 X32.738 Y217.599
G1 X32.777 Y218.919
G1 X32.577 Y220.912
G1 X32.431 Y222.364
G1 X31.971 Y224.310
G1 X31.621 Y225.791
G1 X30.908 Y227.659
G1 X30.373 Y229.061
G1 X29.422 Y230.820
G1 X28.757 Y232.049
G1 X26.876 Y234.655
G1 X25.514 Y236.120
G1 X25.513 Y236.122
G1 X24.859 Y236.822
G1 X23.333 Y238.114
G1 X22.846 Y238.529
G1 X21.191 Y239.653
G1 X20.973 Y239.802
G1 X19.363 Y240.707
G1 X18.109 Y241.344
G1 X17.271 Y241.830
G1 X16.868 Y242.299
G1 X16.877 Y242.874
G1 X17.244 Y243.668
G1 X17.888 Y244.769
G1 X18.703 Y246.235
G1 X19.531 Y248.009
G1 X19.553 Y248.052
G1 X20.129 Y249.754
G1 X20.229 Y250.064
G1 X20.512 Y251.670
G1 X20.584 Y252.177
G1 X20.556 Y253.679
G1 X20.514 Y254.316
G1 X20.165 Y255.727
G1 X19.945 Y256.445
G1 X19.294 Y257.792
G1 X18.870 Y258.562
G1 X17.939 Y259.887
G1 X17.328 Y260.699
G1 X16.163 Y262.050
G1 X15.409 Y262.900
G1 X14.073 Y264.325
G1 X11.918 Y266.694
G1 X11.849 Y266.770
G1 X11.059 Y267.670
G1 X9.606 Y269.329
G1 X8.889 Y270.179
G1 X7.606 Y271.713
G1 X7.433 Y271.919
G1 X6.832 Y272.662
G1 X5.583 Y274.224
G1 X5.402 Y274.451
G1 X4.944 Y275.044
G1 X3.731 Y276.634
G1 X3.560 Y276.856
G1 X3.256 Y277.266
G1 X2.076 Y278.882
G1 X1.928 Y279.085
G1 X1.777 Y279.297
G1 X0.633 Y280.937
G1 X0.509 Y281.114
G1 X0.503 Y281.124
G1 X0.000 Y281.877
G1 X0.000 Y283.735
G1 X0.213 Y283.400
G1 X0.278 Y283.297
G1 X1.385 Y281.632
G1 X1.581 Y281.339
G1 X1.598 Y281.313
G1 X2.741 Y279.671
G1 X2.962 Y279.355
G1 X3.123 Y279.130
G1 X4.298 Y277.514
G1 X4.543 Y277.175
G1 X4.855 Y276.759
G1 X6.067 Y275.166
G1 X6.327 Y274.825
G1 X6.793 Y274.234
G1 X8.039 Y272.669
G1 X8.297 Y272.345
G1 X8.905 Y271.609
G1 X10.185 Y270.072
G1 X10.417 Y269.794
G1 X11.140 Y268.957
G1 X12.452 Y267.447
G1 X12.626 Y267.248
G1 X14.763 Y264.878
G1 X14.846 Y264.787
G1 X15.668 Y263.906
G1 X16.985 Y262.484
G1 X17.775 Y261.659
G1 X18.955 Y260.402
G1 X19.660 Y259.671
G1 X20.667 Y258.570
G1 X21.219 Y257.917
G1 X21.939 Y256.829
G1 X22.287 Y256.216
G1 X22.693 Y255.080
G1 X22.848 Y254.521
G1 X22.937 Y253.301
G1 X22.945 Y252.829
G1 X22.727 Y251.510
G1 X22.662 Y251.178
G1 X22.165 Y249.756
G1 X22.118 Y249.627
G1 X21.454 Y248.247
G1 X20.819 Y247.091
G1 X20.353 Y246.176
G1 X20.178 Y245.486
G1 X20.379 Y244.956
G1 X20.995 Y244.471
G1 X22.028 Y243.908
G1 X23.443 Y243.145
G1 X25.141 Y242.090
G1 X25.142 Y242.090
G1 X25.167 Y242.074
G1 X26.763 Y240.869
G1 X27.101 Y240.613
G1 X29.117 Y238.712
G1 X30.399 Y237.178
G1 X31.080 Y236.363
G1 X32.857 Y233.600
G1 X33.715 Y231.793
G1 X34.331 Y230.496
G1 X35.411 Y227.158
G1 X35.774 Y225.191
G1 X36.044 Y223.716
G1 X36.147 Y221.719
G1 X36.219 Y220.310
G1 X36.067 Y218.315
G1 X35.972 Y217.077
G1 X35.572 Y215.115
G1 X35.372 Y214.131
G1 X34.746 Y212.231
G1 X34.527 Y211.567
G1 X33.701 Y209.747
G1 X33.561 Y209.437
G1 X32.612 Y207.751
G1 X31.804 Y206.482
G1 X31.259 Y205.563
G1 X31.056 Y204.900
G1 X31.252 Y204.377
G1 X31.859 Y203.874
G1 X32.862 Y203.272
G1 X34.208 Y202.471
G1 X35.818 Y201.386
G1 X37.382 Y200.140
G1 X37.601 Y199.965
G1 X39.454 Y198.184
G1 X41.279 Y196.047
G1 X42.417 Y194.404
G1 X42.985 Y193.586
G1 X43.954 Y191.837
G1 X44.499 Y190.855
G1 X45.289 Y189.018
G1 X45.763 Y187.919
G1 X46.376 Y186.015
G1 X46.749 Y184.854
G1 X47.184 Y182.902
G1 X47.444 Y181.736
G1 X47.710 Y179.754
G1 X47.858 Y178.638
G1 X47.961 Y176.641
G1 X48.015 Y175.622
G1 X47.974 Y173.625
G1 X47.956 Y172.743
G1 X47.786 Y170.748
G1 X47.725 Y170.031
G1 X47.448 Y168.050
G1 X47.373 Y167.515
G1 X47.014 Y165.548
G1 X46.951 Y165.203
G1 X46.540 Y163.246
G1 X46.507 Y163.090
G1 X46.082 Y161.165
G1 X45.710 Y159.406
G1 X45.417 Y157.788
G1 X45.222 Y156.283
G1 X45.136 Y154.863
G1 X45.162 Y153.497
G1 X45.298 Y152.165
G1 X45.536 Y150.840
G1 X45.870 Y149.505
G1 X46.282 Y148.147
G1 X46.765 Y146.752
G1 X47.299 Y145.314
G1 X47.875 Y143.827
G1 X48.479 Y142.289
G1 X49.099 Y140.700
G1 X49.726 Y139.059
G1 X50.350 Y137.369
G1 X50.965 Y135.633
G1 X51.564 Y133.847
G1 X52.144 Y132.021
G1 X52.700 Y130.152
G1 X53.232 Y128.243
G1 X53.734 Y126.306
G1 X53.737 Y126.294
G1 X54.207 Y124.348
G1 X54.218 Y124.300
G1 X54.657 Y122.349
G1 X54.675 Y122.266
G1 X55.086 Y120.309
G1 X55.112 Y120.187
G1 X55.419 Y118.637
G1 X55.738 Y118.025
G1 X54.042 Y117.087
G1 X52.394 Y116.067
G1 X50.797 Y114.967
G1 X49.256 Y113.790
G1 X47.775 Y112.538
G1 X46.358 Y111.216
G1 X45.006 Y109.826
G1 X43.725 Y108.370
G1 X42.517 Y106.855
G1 X41.384 Y105.281
G1 X40.330 Y103.654
G1 X39.357 Y101.977
G1 X38.468 Y100.254
G1 X37.664 Y98.490
G1 X36.948 Y96.688
G1 X36.321 Y94.854
G1 X35.784 Y92.991
G1 X35.340 Y91.103
G1 X34.988 Y89.197
G1 X34.732 Y87.275
G1 X34.570 Y85.343
G1 X34.502 Y83.406
G1 X34.530 Y81.467
G1 X34.653 Y79.532
G1 X34.870 Y77.606
G1 X35.182 Y75.692
G1 X35.587 Y73.796
G1 X36.085 Y71.922
G1 X36.674 Y70.075
G1 X37.353 Y68.261
G1 X38.121 Y66.479
G1 X38.975 Y64.738
G1 X39.913 Y63.042
G1 X40.933 Y61.393
G1 X42.033 Y59.797
G1 X43.210 Y58.256
G1 X44.462 Y56.776
G1 X45.784 Y55.358
G1 X47.174 Y54.006
G1 X48.629 Y52.725
G1 X50.145 Y51.517
G1 X51.719 Y50.384
G1 X53.346 Y49.330
G1 X55.023 Y48.357
G1 X56.746 Y47.468
G1 X58.510 Y46.664
G1 X60.312 Y45.948
G1 X62.146 Y45.322
G1 X64.009 Y44.784
G1 X65.897 Y44.340
G1 X67.803 Y43.989
G1 X69.725 Y43.732
G1 X71.657 Y43.570
G1 X73.594 Y43.502
G1 X74.647 Y42.849
G1 X75.135 Y41.518
G1 X76.045 Y39.737
G1 X76.650 Y38.551
G1 X77.763 Y36.889
G1 X78.417 Y35.910
G1 X79.713 Y34.387
G1 X80.333 Y33.654
G1 X81.783 Y32.277
G1 X82.277 Y31.808
G1 X83.852 Y30.577
G1 X84.133 Y30.358
G1 X85.793 Y29.260
G1 X87.169 Y28.438
G1 X88.199 Y27.800
G1 X88.854 Y27.239
G1 X89.134 Y26.648
G1 X89.071 Y25.928
G1 X88.721 Y24.998
G1 X88.156 Y23.795
G1 X87.461 Y22.282
G1 X86.724 Y20.449
G1 X86.104 Y18.548
G1 X86.024 Y18.306
G1 X85.553 Y16.363
G1 X85.436 Y15.885
G1 X85.126 Y13.910
G1 X85.019 Y13.233
G1 X84.812 Y10.406
G1 X84.829 Y8.405
G1 X84.838 Y7.465
G1 X85.016 Y5.471
G1 X85.106 Y4.469
G1 X85.436 Y2.497
G1 X85.607 Y1.476
G1 X85.967 Y0.000
G1 X88.320 Y0.000
G1 X89.802 Y0.926
G1 X90.252 Y1.208
G1 X90.417 Y1.300
G1 X90.298 Y3.296
G1 X90.297 Y3.297
G1 X90.246 Y4.149
G1 X90.261 Y6.149
G1 X90.267 Y6.938
G1 X90.420 Y8.932
G1 X90.473 Y9.621
G1 X90.764 Y11.600
G1 X90.847 Y12.152
G1 X91.272 Y14.106
G1 X91.357 Y14.487
G1 X91.907 Y16.410
G1 X91.958 Y16.588
G1 X92.596 Y18.427
G1 X93.207 Y19.992
G1 X93.717 Y21.286
G1 X94.059 Y22.332
G1 X94.166 Y23.174
G1 X93.986 Y23.874
G1 X93.478 Y24.509
G1 X92.632 Y25.167
G1 X91.455 Y25.945
G1 X89.983 Y26.925
G1 X88.379 Y28.118
G1 X88.281 Y28.190
G1 X86.773 Y29.503
G1 X86.431 Y29.799
G1 X85.049 Y31.244
G1 X84.535 Y31.782
G1 X83.307 Y33.360
G1 X83.307 Y33.363
G1 X82.698 Y34.145
G1 X81.025 Y36.859
G1 X80.173 Y38.667
G1 X79.611 Y39.861
G1 X78.971 Y41.756
G1 X78.528 Y43.074
G1 X78.451 Y43.752
G1 X76.520 Y43.580
G1 X74.583 Y43.504
G1 X72.643 Y43.523
G1 X70.709 Y43.637
G1 X68.781 Y43.846
G1 X66.866 Y44.151
G1 X64.969 Y44.546
G1 X63.093 Y45.036
G1 X61.243 Y45.617
G1 X59.424 Y46.288
G1 X57.640 Y47.046
G1 X55.896 Y47.893
G1 X54.195 Y48.824
G1 X52.542 Y49.837
G1 X50.940 Y50.930
G1 X49.395 Y52.100
G1 X47.908 Y53.344
G1 X46.484 Y54.660
G1 X45.127 Y56.045
G1 X43.839 Y57.494
G1 X42.624 Y59.004
G1 X41.484 Y60.573
G1 X40.423 Y62.195
G1 X39.443 Y63.868
G1 X38.545 Y65.587
G1 X37.734 Y67.347
G1 X37.009 Y69.146
G1 X36.374 Y70.977
G1 X35.830 Y72.838
G1 X35.377 Y74.723
G1 X35.017 Y76.628
G1 X34.752 Y78.549
G1 X34.580 Y80.480
G1 X34.504 Y82.417
G1 X34.523 Y84.356
G1 X34.638 Y86.291
G1 X34.846 Y88.219
G1 X35.150 Y90.134
G1 X35.546 Y92.031
G1 X36.036 Y93.907
G1 X36.618 Y95.757
G1 X37.288 Y97.577
G1 X38.047 Y99.360
G1 X38.893 Y101.104
G1 X39.824 Y102.806
G1 X40.837 Y104.458
G1 X41.930 Y106.060
G1 X43.100 Y107.605
G1 X44.344 Y109.092
G1 X45.660 Y110.516
G1 X47.045 Y111.873
G1 X48.494 Y113.161
G1 X50.004 Y114.376
G1 X51.573 Y115.516
G1 X53.195 Y116.577
G1 X54.868 Y117.557
G1 X56.587 Y118.455
G1 X58.347 Y119.266
G1 X60.146 Y119.991
G1 X59.957 Y121.039
G1 X59.934 Y121.166
G1 X59.547 Y123.128
G1 X59.529 Y123.221
G1 X59.107 Y125.176
G1 X59.094 Y125.238
G1 X58.635 Y127.184
G1 X58.627 Y127.220
G1 X58.129 Y129.157
G1 X58.127 Y129.170
G1 X57.593 Y131.083
G1 X57.024 Y132.965
G1 X56.425 Y134.813
G1 X55.794 Y136.623
G1 X55.139 Y138.394
G1 X54.464 Y140.124
G1 X53.773 Y141.803
G1 X53.078 Y143.434
G1 X52.382 Y145.013
G1 X51.567 Y146.839
G1 X51.047 Y148.003
G1 X50.433 Y149.416
G1 X49.871 Y150.778
G1 X49.379 Y152.097
G1 X48.972 Y153.382
G1 X48.664 Y154.649
G1 X48.466 Y155.918
G1 X48.387 Y157.207
G1 X48.432 Y158.547
G1 X48.598 Y159.966
G1 X48.875 Y161.495
G1 X49.248 Y163.165
G1 X49.689 Y165.003
G1 X50.145 Y166.949
G1 X50.165 Y167.033
G1 X50.573 Y168.991
G1 X50.630 Y169.272
G1 X50.960 Y171.245
G1 X51.040 Y171.724
G1 X51.264 Y173.713
G1 X51.340 Y174.386
G1 X51.436 Y176.384
G1 X51.476 Y177.234
G1 X51.424 Y179.233
G1 X51.399 Y180.233
G1 X51.185 Y182.221
G1 X51.067 Y183.333
G1 X50.680 Y185.295
G1 X50.448 Y186.471
G1 X49.881 Y188.389
G1 X49.533 Y189.573
G1 X48.784 Y191.427
G1 X48.326 Y192.560
G1 X46.858 Y195.356
G1 X45.753 Y197.023
G1 X45.180 Y197.888
G1 X43.363 Y200.101
G1 X41.947 Y201.513
G1 X41.499 Y201.958
G1 X39.955 Y203.229
G1 X39.687 Y203.450
G1 X38.042 Y204.586
G1 X38.029 Y204.594
G1 X36.622 Y205.443
G1 X35.547 Y206.072
G1 X34.861 Y206.583
G1 X34.586 Y207.093
G1 X34.717 Y207.719
G1 X35.203 Y208.582
G1 X35.965 Y209.779
G1 X36.894 Y211.382
G1 X37.751 Y213.188
G1 X37.864 Y213.424
G1 X38.528 Y215.310
G1 X38.737 Y215.902
G1 X39.181 Y217.853
G1 X39.391 Y218.771
G1 X39.593 Y220.760
G1 X39.714 Y221.947
G1 X39.631 Y225.318
G1 X39.327 Y227.294
G1 X39.100 Y228.753
G1 X38.125 Y232.114
G1 X36.748 Y235.273
G1 X35.047 Y238.120
G1 X33.815 Y239.692
G1 X33.124 Y240.547
G1 X31.697 Y241.923
G1 X31.093 Y242.499
G1 X29.517 Y243.717
G1 X29.110 Y244.028
G1 X27.431 Y245.114
G1 X27.310 Y245.193
G1 X25.797 Y246.056
G1 X24.640 Y246.697
G1 X23.876 Y247.212
G1 X23.500 Y247.705
G1 X23.477 Y248.265
G1 X23.733 Y248.965
G1 X24.164 Y249.832
G1 X24.645 Y250.863
G1 X25.039 Y252.024
G1 X25.196 Y253.109
G1 X25.213 Y253.265
G1 X25.097 Y254.269
G1 X25.046 Y254.535
G1 X24.631 Y255.465
G1 X24.439 Y255.805
G1 X23.720 Y256.689
G1 X23.356 Y257.114
G1 X22.425 Y258.119
G1 X21.913 Y258.682
G1 X20.799 Y259.853
G1 X20.148 Y260.553
G1 X18.870 Y261.896
G1 X18.112 Y262.712
G1 X16.744 Y264.171
G1 X16.695 Y264.225
G1 X14.353 Y266.803
G1 X13.523 Y267.750
G1 X12.210 Y269.259
G1 X11.941 Y269.568
G1 X11.155 Y270.504
G1 X9.880 Y272.044
G1 X9.554 Y272.437
G1 X8.858 Y273.308
G1 X7.272 Y275.327
G1 X6.701 Y276.082
G1 X5.507 Y277.686
G1 X5.158 Y278.155
G1 X4.728 Y278.754
G1 X3.576 Y280.389
G1 X3.247 Y280.856
G1 X2.963 Y281.274
G1 X1.853 Y282.937
G1 X1.554 Y283.386
G1 X1.409 Y283.610
G1 X0.342 Y285.302
G1 X0.076 Y285.724
G1 X0.058 Y285.753
G1 X0.000 Y285.851
G1 X0.000 Y367.797
G1 X0.637 Y369.308
G1 X0.662 Y369.366
G1 X1.333 Y371.042
G1 X1.355 Y371.103
G1 X1.831 Y372.361
G1 X1.454 Y370.865
G1 X1.397 Y370.664
G1 X0.917 Y369.174
G1 X0.848 Y368.979
G1 X0.270 Y367.484
G1 X0.191 Y367.290
G1 X0.000 Y366.846
G1 X0.000 Y288.299
G1 X0.873 Y286.827
G1 X1.209 Y286.260
G1 X1.218 Y286.243
G1 X2.280 Y284.548
G1 X2.652 Y283.957
G1 X2.784 Y283.752
G1 X3.887 Y282.085
G1 X4.294 Y281.473
G1 X4.563 Y281.080
G1 X6.146 Y278.825
G1 X6.558 Y278.256
G1 X7.747 Y276.649
G1 X8.194 Y276.046
G1 X8.751 Y275.327
G1 X9.984 Y273.751
G1 X10.420 Y273.193
G1 X11.103 Y272.357
G1 X12.376 Y270.814
G1 X12.772 Y270.335
G1 X13.551 Y269.427
G1 X14.861 Y267.916
G1 X15.180 Y267.547
G1 X17.355 Y265.135
G1 X17.561 Y264.903
G1 X18.400 Y264.007
G1 X19.759 Y262.540
G1 X19.823 Y262.473
G1 X20.614 Y261.646
G1 X21.879 Y260.297
G1 X22.577 Y259.574
G1 X23.660 Y258.408
G1 X24.232 Y257.806
G1 X25.118 Y256.812
G1 X25.548 Y256.339
G1 X26.236 Y255.506
G1 X26.523 Y255.161
G1 X27.017 Y254.470
G1 X27.176 Y254.231
G1 X27.408 Y253.527
G1 X27.447 Y253.348
G1 X27.410 Y252.551
G1 X27.401 Y252.468
G1 X27.154 Y251.628
G1 X26.834 Y250.870
G1 X26.565 Y250.215
G1 X26.463 Y249.660
G1 X26.621 Y249.174
G1 X27.110 Y248.698
G1 X27.966 Y248.154
G1 X29.197 Y247.466
G1 X30.772 Y246.564
G1 X32.464 Y245.495
G1 X32.470 Y245.491
G1 X32.629 Y245.390
G1 X34.233 Y244.226
G1 X34.670 Y243.907
G1 X36.134 Y242.626
G1 X36.758 Y242.070
G1 X38.033 Y240.642
G1 X38.737 Y239.826
G1 X39.782 Y238.209
G1 X40.452 Y237.108
G1 X41.234 Y235.273
G1 X41.795 Y233.950
G1 X42.336 Y232.025
G1 X42.738 Y230.594
G1 X43.030 Y228.615
G1 X43.243 Y227.173
G1 X43.283 Y225.174
G1 X43.310 Y223.820
G1 X43.101 Y221.831
G1 X42.978 Y220.664
G1 X42.532 Y218.715
G1 X42.324 Y217.813
G1 X41.658 Y215.927
G1 X41.454 Y215.350
G1 X40.598 Y213.541
G1 X40.493 Y213.315
G1 X39.572 Y211.720
G1 X38.817 Y210.522
G1 X38.336 Y209.657
G1 X38.208 Y209.027
G1 X38.483 Y208.517
G1 X39.170 Y208.004
G1 X40.245 Y207.376
G1 X41.654 Y206.530
G1 X43.300 Y205.393
G1 X43.314 Y205.384
G1 X44.859 Y204.114
G1 X45.130 Y203.891
G1 X46.548 Y202.481
G1 X46.997 Y202.032
G1 X48.267 Y200.486
G1 X48.818 Y199.814
G1 X49.923 Y198.149
G1 X50.500 Y197.276
G1 X51.428 Y195.502
G1 X51.428 Y195.501
G1 X51.971 Y194.468
G1 X52.715 Y192.612
G1 X53.174 Y191.468
G1 X53.733 Y189.548
G1 X54.082 Y188.353
G1 X54.459 Y186.389
G1 X54.687 Y185.203
G1 X54.888 Y183.214
G1 X55.001 Y182.094
G1 X55.038 Y180.094
G1 X55.056 Y179.089
G1 X54.942 Y177.093
G1 X54.894 Y176.242
G1 X54.648 Y174.259
G1 X54.566 Y173.589
G1 X54.212 Y171.621
G1 X54.128 Y171.152
G1 X53.693 Y169.200
G1 X53.635 Y168.937
G1 X53.151 Y166.997
G1 X53.152 Y166.996
G1 X53.136 Y166.938
G1 X52.679 Y165.138
G1 X52.297 Y163.515
G1 X52.018 Y162.032
G1 X51.860 Y160.664
G1 X51.832 Y159.377
G1 X51.937 Y158.135
G1 X52.170 Y156.915
G1 X52.519 Y155.691
G1 X52.977 Y154.443
G1 X53.523 Y153.159
G1 X54.142 Y151.824
G1 X54.819 Y150.434
G1 X55.539 Y148.983
G1 X56.283 Y147.472
G1 X57.041 Y145.903
G1 X57.801 Y144.278
G1 X58.553 Y142.603
G1 X59.288 Y140.877
G1 X60.000 Y139.113
G1 X60.684 Y137.309
G1 X61.335 Y135.473
G1 X61.952 Y133.607
G1 X62.530 Y131.715
G1 X63.067 Y129.797
G1 X63.565 Y127.859
G1 X63.566 Y127.853
G1 X64.022 Y125.905
G1 X64.027 Y125.884
G1 X64.440 Y123.927
G1 X64.449 Y123.886
G1 X64.744 Y122.335
G1 X64.952 Y121.450
G1 X63.076 Y120.959
G1 X61.227 Y120.378
G1 X59.408 Y119.706
G1 X57.625 Y118.946
G1 X55.881 Y118.099
G1 X54.180 Y117.168
G1 X52.528 Y116.154
G1 X50.927 Y115.060
G1 X49.381 Y113.890
G1 X47.895 Y112.643
G1 X46.472 Y111.328
G1 X45.115 Y109.943
G1 X43.828 Y108.493
G1 X42.613 Y106.982
G1 X41.475 Y105.413
G1 X40.414 Y103.790
G1 X39.434 Y102.117
G1 X38.538 Y100.398
G1 X37.727 Y98.637
G1 X37.003 Y96.838
G1 X36.369 Y95.006
G1 X35.825 Y93.145
G1 X35.373 Y91.260
G1 X35.016 Y89.355
G1 X34.750 Y87.434
G1 X34.579 Y85.503
G1 X34.504 Y83.566
G1 X34.524 Y81.627
G1 X34.639 Y79.692
G1 X34.849 Y77.764
G1 X35.153 Y75.849
G1 X35.550 Y73.952
G1 X36.041 Y72.076
G1 X36.622 Y70.227
G1 X37.295 Y68.408
G1 X38.054 Y66.625
G1 X38.901 Y64.881
G1 X39.832 Y63.180
G1 X40.846 Y61.528
G1 X41.940 Y59.927
G1 X43.110 Y58.381
G1 X44.356 Y56.895
G1 X45.672 Y55.472
G1 X47.057 Y54.115
G1 X48.507 Y52.828
G1 X50.018 Y51.613
G1 X51.587 Y50.475
G1 X53.210 Y49.414
G1 X54.883 Y48.434
G1 X56.602 Y47.538
G1 X58.363 Y46.726
G1 X60.162 Y46.003
G1 X61.994 Y45.369
G1 X63.855 Y44.825
G1 X65.740 Y44.373
G1 X67.645 Y44.015
G1 X69.566 Y43.750
G1 X71.498 Y43.579
G1 X73.434 Y43.503
G1 X75.373 Y43.523
G1 X77.308 Y43.639
G1 X79.236 Y43.849
G1 X81.150 Y44.153
G1 X82.550 Y44.436
G1 X82.860 Y42.783
G1 X83.107 Y41.463
G1 X83.689 Y39.550
G1 X83.690 Y39.549
G1 X84.084 Y38.257
G1 X84.871 Y36.417
G1 X85.382 Y35.222
G1 X86.941 Y32.441
G1 X88.093 Y30.805
G1 X88.679 Y29.970
G1 X89.983 Y28.453
G1 X90.507 Y27.842
G1 X91.938 Y26.445
G1 X92.330 Y26.062
G1 X93.858 Y24.773
G1 X94.052 Y24.609
G1 X95.603 Y23.440
G1 X96.916 Y22.493
G1 X97.949 Y21.698
G1 X98.685 Y20.974
G1 X99.123 Y20.247
G1 X99.285 Y19.444
G1 X99.206 Y18.507
G1 X98.933 Y17.389
G1 X98.520 Y16.062
G1 X98.024 Y14.507
G1 X97.499 Y12.724
G1 X97.010 Y10.785
G1 X96.995 Y10.725
G1 X96.600 Y8.766
G1 X96.553 Y8.529
G1 X96.266 Y6.550
G1 X96.210 Y6.166
G1 X96.033 Y4.174
G1 X95.988 Y3.667
G1 X99.087 Y4.439
G1 X102.347 Y4.891
G1 X102.581 Y4.910
G1 X102.932 Y6.878
G1 X102.942 Y6.930
G1 X103.337 Y8.793
G1 X103.730 Y10.478
G1 X104.086 Y11.982
G1 X104.365 Y13.302
G1 X104.521 Y14.454
G1 X104.514 Y15.459
G1 X104.305 Y16.353
G1 X103.865 Y17.178
G1 X103.172 Y17.992
G1 X102.221 Y18.852
G1 X101.021 Y19.825
G1 X99.599 Y20.972
G1 X98.084 Y22.278
G1 X97.999 Y22.351
G1 X96.558 Y23.736
G1 X96.280 Y24.005
G1 X94.941 Y25.489
G1 X94.514 Y25.963
G1 X93.302 Y27.553
G1 X92.780 Y28.235
G1 X91.715 Y29.928
G1 X91.159 Y30.811
G1 X89.732 Y33.654
G1 X88.563 Y36.706
G1 X88.042 Y38.636
G1 X87.703 Y39.895
G1 X87.385 Y41.870
G1 X87.180 Y43.138
G1 X87.091 Y44.716
G1 X86.781 Y45.625
G1 X88.599 Y46.297
G1 X90.383 Y47.057
G1 X92.126 Y47.905
G1 X93.827 Y48.836
G1 X95.479 Y49.850
G1 X97.080 Y50.943
G1 X98.625 Y52.115
G1 X100.111 Y53.361
G1 X101.533 Y54.679
G1 X102.890 Y56.063
G1 X104.177 Y57.513
G1 X105.391 Y59.024
G1 X106.530 Y60.593
G1 X107.590 Y62.216
G1 X108.569 Y63.890
G1 X109.465 Y65.609
G1 X110.276 Y67.371
G1 X110.999 Y69.169
G1 X111.633 Y71.001
G1 X112.177 Y72.862
G1 X112.628 Y74.748
G1 X112.987 Y76.653
G1 X113.252 Y78.574
G1 X113.421 Y80.505
G1 X113.496 Y82.442
G1 X113.476 Y84.381
G1 X113.361 Y86.316
G1 X113.151 Y88.243
G1 X112.846 Y90.158
G1 X112.449 Y92.056
G1 X111.957 Y93.931
G1 X111.375 Y95.781
G1 X110.703 Y97.598
G1 X109.943 Y99.382
G1 X109.095 Y101.126
G1 X108.165 Y102.827
G1 X107.150 Y104.479
G1 X106.056 Y106.080
G1 X104.885 Y107.625
G1 X103.639 Y109.111
G1 X102.322 Y110.533
G1 X100.937 Y111.890
G1 X99.487 Y113.177
G1 X97.976 Y114.391
G1 X96.407 Y115.530
G1 X94.783 Y116.590
G1 X93.111 Y117.569
G1 X91.391 Y118.465
G1 X89.630 Y119.276
G1 X87.831 Y120.000
G1 X85.999 Y120.633
G1 X84.138 Y121.177
G1 X82.252 Y121.628
G1 X80.347 Y121.987
G1 X78.426 Y122.251
G1 X76.495 Y122.421
G1 X74.558 Y122.496
G1 X72.619 Y122.476
G1 X70.684 Y122.361
G1 X69.707 Y122.310
G1 X69.335 Y124.275
G1 X69.328 Y124.310
G1 X68.915 Y126.267
G1 X68.910 Y126.287
G1 X68.452 Y128.234
G1 X68.450 Y128.243
G1 X67.948 Y130.179
G1 X67.948 Y130.181
G1 X67.403 Y132.102
G1 X66.815 Y134.003
G1 X66.188 Y135.884
G1 X65.519 Y137.742
G1 X64.814 Y139.571
G1 X64.076 Y141.371
G1 X63.309 Y143.132
G1 X62.519 Y144.849
G1 X61.713 Y146.519
G1 X60.900 Y148.135
G1 X60.091 Y149.688
G1 X59.298 Y151.180
G1 X58.537 Y152.608
G1 X57.821 Y153.971
G1 X57.169 Y155.275
G1 X56.600 Y156.527
G1 X56.127 Y157.738
G1 X55.768 Y158.927
G1 X55.537 Y160.115
G1 X55.442 Y161.326
G1 X55.486 Y162.593
G1 X55.666 Y163.947
G1 X55.971 Y165.421
G1 X56.380 Y167.054
G1 X56.863 Y168.867
G1 X57.358 Y170.804
G1 X57.358 Y170.805
G1 X57.380 Y170.890
G1 X57.884 Y173.139
G1 X58.233 Y175.109
G1 X58.322 Y175.614
G1 X58.554 Y177.600
G1 X58.637 Y178.307
G1 X58.731 Y180.304
G1 X58.773 Y181.191
G1 X58.712 Y183.190
G1 X58.681 Y184.227
G1 X58.450 Y186.213
G1 X58.317 Y187.357
G1 X57.906 Y189.314
G1 X57.655 Y190.514
G1 X57.060 Y192.423
G1 X56.687 Y193.617
G1 X55.906 Y195.459
G1 X55.427 Y196.590
G1 X54.463 Y198.342
G1 X53.907 Y199.352
G1 X52.769 Y200.994
G1 X52.187 Y201.831
G1 X50.887 Y203.350
G1 X50.349 Y203.978
G1 X48.904 Y205.361
G1 X48.483 Y205.764
G1 X46.915 Y207.006
G1 X46.691 Y207.183
G1 X45.075 Y208.264
G1 X43.730 Y209.063
G1 X42.729 Y209.664
G1 X42.122 Y210.171
G1 X41.925 Y210.700
G1 X42.119 Y211.371
G1 X42.652 Y212.295
G1 X43.438 Y213.561
G1 X44.364 Y215.233
G1 X45.183 Y217.058
G1 X45.309 Y217.337
G1 X45.936 Y219.236
G1 X45.935 Y219.237
G1 X46.142 Y219.861
G1 X46.550 Y221.819
G1 X46.745 Y222.755
G1 X46.916 Y224.747
G1 X47.018 Y225.933
G1 X46.943 Y227.931
G1 X46.943 Y227.934
G1 X46.892 Y229.287
G1 X46.569 Y231.261
G1 X46.335 Y232.691
G1 X45.768 Y234.609
G1 X45.348 Y235.999
G1 X44.517 Y237.720
G1 X43.910 Y238.874
G1 X42.813 Y240.353
G1 X42.094 Y241.265
G1 X40.765 Y242.560
G1 X40.032 Y243.249
G1 X38.515 Y244.415
G1 X37.881 Y244.894
G1 X36.225 Y245.972
G1 X35.793 Y246.256
G1 X34.067 Y247.264
G1 X34.048 Y247.275
G1 X33.900 Y247.363
G1 X32.295 Y248.245
G1 X31.035 Y248.936
G1 X30.141 Y249.482
G1 X29.595 Y249.942
G1 X29.357 Y250.372
G1 X29.357 Y250.820
G1 X29.504 Y251.310
G1 X29.690 Y251.847
G1 X29.799 Y252.410
G1 X29.719 Y252.942
G1 X29.712 Y252.969
G1 X29.441 Y253.518
G1 X29.388 Y253.626
G1 X28.945 Y254.290
G1 X28.808 Y254.497
G1 X28.176 Y255.293
G1 X27.922 Y255.615
G1 X27.090 Y256.556
G1 X26.697 Y257.008
G1 X25.663 Y258.115
G1 X25.125 Y258.701
G1 X23.892 Y259.983
G1 X23.221 Y260.702
G1 X21.835 Y262.144
G1 X21.808 Y262.174
G1 X21.030 Y263.009
G1 X19.658 Y264.465
G1 X19.461 Y264.675
G1 X18.619 Y265.601
G1 X17.274 Y267.082
G1 X16.934 Y267.458
G1 X16.078 Y268.437
G1 X14.769 Y269.948
G1 X14.318 Y270.469
G1 X13.500 Y271.455
G1 X12.233 Y273.001
G1 X11.713 Y273.636
G1 X10.977 Y274.573
G1 X9.757 Y276.159
G1 X9.204 Y276.878
G1 X8.584 Y277.718
G1 X7.414 Y279.341
G1 X6.861 Y280.107
G1 X6.373 Y280.813
G1 X5.255 Y282.471
G1 X4.726 Y283.256
G1 X4.375 Y283.795
G1 X2.816 Y286.265
G1 X2.599 Y286.623
G1 X1.585 Y288.346
G1 X1.139 Y289.102
G1 X1.041 Y289.273
G1 X0.000 Y291.165
G1 X0.000 Y365.082
G1 X0.151 Y365.440
G1 X0.212 Y365.581
G1 X0.933 Y367.210
G1 X0.998 Y367.354
G1 X1.717 Y368.905
G1 X1.787 Y369.052
G1 X2.500 Y370.525
G1 X2.573 Y370.674
G1 X3.244 Y372.099
G1 X3.312 Y372.254
G1 X3.883 Y373.679
G1 X3.943 Y373.843
G1 X4.410 Y375.279
G1 X4.461 Y375.454
G1 X4.818 Y376.915
G1 X4.857 Y377.103
G1 X5.103 Y378.601
G1 X5.128 Y378.802
G1 X5.260 Y380.349
G1 X5.270 Y380.567
G1 X5.285 Y382.174
G1 X5.279 Y382.409
G1 X5.174 Y384.088
G1 X5.150 Y384.344
G1 X4.925 Y386.104
G1 X4.881 Y386.382
G1 X4.973 Y388.294
G1 X4.976 Y388.404
G1 X4.994 Y390.000
G1 X5.261 Y390.000
G1 X6.785 Y389.372
G1 X6.888 Y389.331
G1 X7.778 Y388.973
G1 X7.952 Y387.211
G1 X7.971 Y386.958
G1 X8.027 Y385.282
G1 X8.027 Y385.053
G1 X7.967 Y383.458
G1 X7.952 Y383.252
G1 X7.777 Y381.725
G1 X7.749 Y381.540
G1 X7.461 Y380.071
G1 X7.421 Y379.902
G1 X7.023 Y378.481
G1 X6.974 Y378.329
G1 X6.467 Y376.941
G1 X6.411 Y376.802
G1 X5.800 Y375.436
G1 X5.739 Y375.310
G1 X5.026 Y373.952
G1 X4.963 Y373.836
G1 X4.210 Y372.433
G1 X4.152 Y372.323
G1 X3.391 Y370.846
G1 X3.339 Y370.744
G1 X2.572 Y369.190
G1 X2.525 Y369.093
G1 X1.756 Y367.464
G1 X1.715 Y367.376
G1 X0.946 Y365.668
G1 X0.912 Y365.589
G1 X0.147 Y363.800
G1 X0.118 Y363.733
G1 X0.000 Y363.441
G1 X0.000 Y294.488
G1 X0.573 Y293.359
G1 X1.013 Y292.489
G1 X2.484 Y289.798
G1 X2.560 Y289.664
G1 X3.572 Y287.939
G1 X4.135 Y286.978
G1 X4.326 Y286.666
G1 X5.391 Y284.973
G1 X6.003 Y284.000
G1 X6.322 Y283.514
G1 X8.090 Y280.892
G1 X8.547 Y280.245
G1 X9.716 Y278.623
G1 X10.385 Y277.697
G1 X10.976 Y276.914
G1 X12.197 Y275.330
G1 X12.855 Y274.477
G1 X13.567 Y273.594
G1 X14.836 Y272.048
G1 X15.447 Y271.303
G1 X16.251 Y270.364
G1 X17.562 Y268.854
G1 X18.086 Y268.250
G1 X18.943 Y267.302
G1 X20.288 Y265.822
G1 X20.685 Y265.386
G1 X21.547 Y264.475
G1 X23.151 Y262.767
G1 X23.968 Y261.927
G1 X25.349 Y260.480
G1 X25.398 Y260.430
G1 X26.128 Y259.687
G1 X27.360 Y258.390
G1 X27.970 Y257.764
G1 X28.989 Y256.652
G1 X29.464 Y256.147
G1 X30.269 Y255.205
G1 X30.604 Y254.817
G1 X31.202 Y254.024
G1 X31.411 Y253.750
G1 X31.816 Y253.088
G1 X31.922 Y252.916
G1 X32.156 Y252.369
G1 X32.192 Y252.282
G1 X32.281 Y251.828
G1 X32.285 Y251.812
G1 X32.269 Y251.462
G1 X32.187 Y251.123
G1 X32.132 Y250.773
G1 X32.208 Y250.423
G1 X32.501 Y250.050
G1 X33.084 Y249.620
G1 X34.002 Y249.094
G1 X35.278 Y248.431
G1 X36.898 Y247.602
G1 X38.668 Y246.669
G1 X38.818 Y246.590
G1 X40.541 Y245.608
G1 X40.945 Y245.379
G1 X42.540 Y244.347
G1 X43.151 Y243.943
G1 X44.570 Y242.824
G1 X45.291 Y242.231
G1 X46.486 Y240.977
G1 X47.208 Y240.167
G1 X48.147 Y238.720
G1 X48.773 Y237.667
G1 X49.431 Y235.970
G1 X49.887 Y234.665
G1 X50.261 Y232.709
G1 X50.530 Y231.294
G1 X50.659 Y229.298
G1 X50.747 Y227.935
G1 X50.634 Y225.939
G1 X50.564 Y224.722
G1 X50.215 Y222.753
G1 X50.040 Y221.766
G1 X49.471 Y219.849
G1 X49.265 Y219.155
G1 X48.498 Y217.308
G1 X48.349 Y216.947
G1 X47.424 Y215.174
G1 X47.417 Y215.164
G1 X46.593 Y213.791
G1 X45.992 Y212.776
G1 X45.703 Y212.038
G1 X45.788 Y211.474
G1 X46.277 Y210.964
G1 X47.165 Y210.397
G1 X48.412 Y209.663
G1 X49.952 Y208.670
G1 X51.550 Y207.468
G1 X51.697 Y207.357
G1 X53.182 Y206.017
G1 X53.549 Y205.685
G1 X54.896 Y204.208
G1 X55.405 Y203.649
G1 X57.169 Y201.268
G1 X58.191 Y199.548
G1 X58.758 Y198.589
G1 X59.598 Y196.774
G1 X60.106 Y195.675
G1 X60.760 Y193.784
G1 X61.169 Y192.603
G1 X61.637 Y190.659
G1 X61.637 Y190.658
G1 X61.927 Y189.452
G1 X62.213 Y187.473
G1 X62.382 Y186.303
G1 X62.493 Y184.308
G1 X62.493 Y184.306
G1 X62.554 Y183.228
G1 X62.503 Y181.229
G1 X62.480 Y180.289
G1 X62.284 Y178.299
G1 X62.208 Y177.531
G1 X61.887 Y175.557
G1 X61.795 Y174.987
G1 X61.374 Y173.032
G1 X61.296 Y172.671
G1 X60.807 Y170.732
G1 X60.768 Y170.585
G1 X60.261 Y168.718
G1 X59.819 Y167.047
G1 X59.475 Y165.544
G1 X59.253 Y164.176
G1 X59.169 Y162.907
G1 X59.229 Y161.706
G1 X59.432 Y160.540
G1 X59.769 Y159.375
G1 X60.231 Y158.193
G1 X60.801 Y156.974
G1 X61.459 Y155.703
G1 X62.189 Y154.371
G1 X62.976 Y152.973
G1 X63.799 Y151.506
G1 X64.644 Y149.973
G1 X65.497 Y148.375
G1 X66.347 Y146.720
G1 X67.182 Y145.012
G1 X67.998 Y143.256
G1 X68.784 Y141.465
G1 X69.537 Y139.636
G1 X70.255 Y137.780
G1 X70.932 Y135.905
G1 X71.568 Y134.010
G1 X72.161 Y132.100
G1 X72.712 Y130.177
G1 X73.216 Y128.242
G1 X73.679 Y126.296
G1 X73.677 Y126.294
G1 X74.094 Y124.337
G1 X74.095 Y124.332
G1 X74.388 Y122.779
G1 X74.385 Y122.498
G1 X76.323 Y122.432
G1 X78.255 Y122.270
G1 X80.177 Y122.014
G1 X82.083 Y121.664
G1 X83.970 Y121.221
G1 X85.834 Y120.686
G1 X87.669 Y120.059
G1 X89.471 Y119.344
G1 X91.236 Y118.541
G1 X92.959 Y117.653
G1 X94.636 Y116.681
G1 X96.264 Y115.627
G1 X97.838 Y114.496
G1 X99.355 Y113.288
G1 X100.811 Y112.008
G1 X102.202 Y110.657
G1 X103.525 Y109.240
G1 X104.777 Y107.760
G1 X105.955 Y106.220
G1 X107.055 Y104.625
G1 X108.077 Y102.976
G1 X109.016 Y101.280
G1 X109.871 Y99.539
G1 X110.639 Y97.759
G1 X111.319 Y95.944
G1 X111.909 Y94.097
G1 X112.408 Y92.224
G1 X112.814 Y90.328
G1 X113.127 Y88.415
G1 X113.346 Y86.488
G1 X113.469 Y84.553
G1 X113.498 Y82.615
G1 X113.432 Y80.677
G1 X113.270 Y78.745
G1 X113.014 Y76.823
G1 X112.664 Y74.917
G1 X112.221 Y73.029
G1 X111.686 Y71.166
G1 X111.059 Y69.331
G1 X110.344 Y67.529
G1 X109.541 Y65.764
G1 X108.653 Y64.041
G1 X107.680 Y62.364
G1 X106.627 Y60.736
G1 X105.496 Y59.162
G1 X104.288 Y57.645
G1 X103.008 Y56.189
G1 X101.657 Y54.798
G1 X100.239 Y53.475
G1 X98.760 Y52.223
G1 X97.219 Y51.045
G1 X95.624 Y49.945
G1 X93.976 Y48.923
G1 X92.280 Y47.984
G1 X91.911 Y47.362
G1 X91.815 Y45.364
G1 X91.766 Y44.351
G1 X91.861 Y42.354
G1 X91.861 Y42.353
G1 X91.914 Y41.213
G1 X92.201 Y39.234
G1 X92.376 Y38.028
G1 X93.148 Y34.878
G1 X94.207 Y31.835
G1 X95.516 Y28.968
G1 X97.015 Y26.328
G1 X98.143 Y24.675
G1 X98.641 Y23.946
G1 X99.891 Y22.385
G1 X100.326 Y21.842
G1 X101.676 Y20.366
G1 X102.000 Y20.011
G1 X103.427 Y18.611
G1 X103.603 Y18.439
G1 X105.079 Y17.089
G1 X105.080 Y17.088
G1 X106.389 Y15.921
G1 X107.502 Y14.888
G1 X108.402 Y13.937
G1 X109.087 Y13.021
G1 X109.564 Y12.090
G1 X109.851 Y11.107
G1 X109.973 Y10.037
G1 X109.957 Y8.853
G1 X109.836 Y7.543
G1 X109.642 Y6.095
G1 X109.429 Y4.681
G1 X112.582 Y4.063
G1 X115.530 Y3.178
G1 X115.728 Y3.108
G1 X115.647 Y4.387
G1 X115.470 Y5.578
G1 X115.174 Y6.695
G1 X114.737 Y7.759
G1 X114.143 Y8.793
G1 X113.380 Y9.831
G1 X112.443 Y10.907
G1 X111.335 Y12.058
G1 X110.066 Y13.328
G1 X108.658 Y14.746
G1 X107.287 Y16.202
G1 X107.142 Y16.357
G1 X105.560 Y18.181
G1 X104.331 Y19.759
G1 X103.959 Y20.238
G1 X102.832 Y21.890
G1 X102.394 Y22.535
G1 X101.387 Y24.264
G1 X100.920 Y25.066
G1 X100.049 Y26.867
G1 X99.595 Y27.808
G1 X98.875 Y29.674
G1 X98.470 Y30.726
G1 X97.910 Y32.646
G1 X97.584 Y33.771
G1 X97.195 Y35.733
G1 X96.967 Y36.883
G1 X96.755 Y38.871
G1 X96.636 Y39.996
G1 X96.600 Y41.995
G1 X96.583 Y43.038
G1 X96.722 Y45.033
G1 X96.786 Y45.942
G1 X97.095 Y47.919
G1 X97.208 Y48.648
G1 X97.575 Y50.185
G1 X97.046 Y50.920
G1 X98.593 Y52.090
G1 X100.080 Y53.334
G1 X101.504 Y54.649
G1 X102.862 Y56.033
G1 X104.150 Y57.481
G1 X105.367 Y58.992
G1 X106.507 Y60.560
G1 X107.568 Y62.182
G1 X108.550 Y63.854
G1 X109.447 Y65.572
G1 X110.260 Y67.331
G1 X110.984 Y69.130
G1 X111.621 Y70.962
G1 X112.166 Y72.822
G1 X112.620 Y74.707
G1 X112.980 Y76.612
G1 X113.247 Y78.533
G1 X113.418 Y80.464
G1 X113.495 Y82.401
G1 X113.477 Y84.340
G1 X113.364 Y86.275
G1 X113.156 Y88.203
G1 X112.853 Y90.118
G1 X112.457 Y92.016
G1 X111.969 Y93.892
G1 X111.388 Y95.742
G1 X110.718 Y97.561
G1 X109.960 Y99.345
G1 X109.114 Y101.090
G1 X108.184 Y102.791
G1 X107.172 Y104.445
G1 X106.080 Y106.046
G1 X104.910 Y107.593
G1 X103.665 Y109.080
G1 X102.351 Y110.505
G1 X100.968 Y111.862
G1 X99.519 Y113.150
G1 X98.008 Y114.366
G1 X96.440 Y115.507
G1 X94.818 Y116.568
G1 X93.146 Y117.550
G1 X91.428 Y118.447
G1 X89.668 Y119.260
G1 X87.870 Y119.985
G1 X86.038 Y120.621
G1 X84.178 Y121.166
G1 X82.293 Y121.620
G1 X80.388 Y121.979
G1 X79.045 Y122.700
G1 X78.661 Y124.660
G1 X78.231 Y126.608
G1 X77.755 Y128.549
G1 X77.236 Y130.480
G1 X76.672 Y132.399
G1 X76.670 Y132.403
G1 X76.063 Y134.309
G1 X76.061 Y134.317
G1 X75.410 Y136.208
G1 X75.408 Y136.218
G1 X74.716 Y138.095
G1 X74.713 Y138.104
G1 X73.981 Y139.965
G1 X73.978 Y139.970
G1 X73.205 Y141.811
G1 X72.398 Y143.619
G1 X71.561 Y145.390
G1 X70.702 Y147.116
G1 X69.827 Y148.786
G1 X68.946 Y150.398
G1 X68.072 Y151.947
G1 X67.217 Y153.429
G1 X66.397 Y154.835
G1 X65.630 Y156.175
G1 X64.933 Y157.449
G1 X64.325 Y158.668
G1 X63.823 Y159.844
G1 X63.443 Y160.995
G1 X63.202 Y162.146
G1 X63.102 Y163.324
G1 X63.152 Y164.561
G1 X63.344 Y165.892
G1 X63.664 Y167.350
G1 X64.090 Y168.972
G1 X64.589 Y170.785
G1 X65.096 Y172.720
G1 X65.121 Y172.815
G1 X65.565 Y174.766
G1 X65.635 Y175.073
G1 X65.984 Y177.042
G1 X66.077 Y177.563
G1 X66.306 Y179.550
G1 X66.389 Y180.272
G1 X66.477 Y182.270
G1 X66.517 Y183.172
G1 X66.446 Y185.170
G1 X66.409 Y186.219
G1 X66.166 Y188.204
G1 X66.026 Y189.355
G1 X65.604 Y191.310
G1 X65.343 Y192.510
G1 X64.736 Y194.416
G1 X64.356 Y195.606
G1 X63.563 Y197.443
G1 X63.078 Y198.565
G1 X62.103 Y200.311
G1 X61.548 Y201.308
G1 X60.401 Y202.946
G1 X59.825 Y203.768
G1 X58.519 Y205.282
G1 X57.991 Y205.896
G1 X56.543 Y207.276
G1 X56.133 Y207.666
G1 X54.567 Y208.909
G1 X54.355 Y209.076
G1 X52.756 Y210.155
G1 X51.424 Y210.960
G1 X50.431 Y211.574
G1 X49.823 Y212.097
G1 X49.615 Y212.643
G1 X49.789 Y213.327
G1 X50.292 Y214.253
G1 X51.045 Y215.507
G1 X51.940 Y217.154
G1 X52.756 Y218.979
G1 X52.861 Y219.214
G1 X53.494 Y221.111
G1 X53.686 Y221.682
G1 X54.111 Y223.636
G1 X54.301 Y224.512
G1 X54.610 Y227.626
G1 X54.574 Y229.626
G1 X54.573 Y229.626
G1 X54.548 Y230.926
G1 X54.271 Y232.906
G1 X54.072 Y234.269
G1 X53.531 Y236.043
G1 X53.126 Y237.225
G1 X52.309 Y238.711
G1 X51.720 Y239.675
G1 X50.637 Y240.918
G1 X49.921 Y241.671
G1 X48.594 Y242.731
G1 X47.837 Y243.298
G1 X46.299 Y244.243
G1 X45.605 Y244.655
G1 X43.900 Y245.538
G1 X43.374 Y245.808
G1 X41.568 Y246.666
G1 X41.554 Y246.672
G1 X41.287 Y246.800
G1 X39.469 Y247.634
G1 X39.450 Y247.643
G1 X37.938 Y248.344
G1 X36.776 Y248.906
G1 X35.959 Y249.353
G1 X35.452 Y249.706
G1 X35.196 Y249.993
G1 X35.117 Y250.230
G1 X35.144 Y250.464
G1 X35.203 Y250.752
G1 X35.222 Y251.131
G1 X35.132 Y251.610
G1 X35.126 Y251.640
G1 X34.889 Y252.208
G1 X34.845 Y252.311
G1 X34.434 Y252.987
G1 X34.318 Y253.179
G1 X33.713 Y253.977
G1 X33.491 Y254.273
G1 X32.677 Y255.211
G1 X32.326 Y255.622
G1 X31.294 Y256.722
G1 X30.801 Y257.254
G1 X29.546 Y258.532
G1 X28.918 Y259.189
G1 X27.509 Y260.608
G1 X27.450 Y260.667
G1 X26.702 Y261.444
G1 X25.300 Y262.870
G1 X25.039 Y263.136
G1 X24.203 Y264.017
G1 X22.824 Y265.465
G1 X22.378 Y265.934
G1 X21.499 Y266.894
G1 X20.153 Y268.374
G1 X19.552 Y269.034
G1 X18.679 Y270.036
G1 X17.377 Y271.554
G1 X16.664 Y272.386
G1 X15.843 Y273.387
G1 X14.592 Y274.947
G1 X13.810 Y275.923
G1 X13.082 Y276.873
G1 X11.887 Y278.477
G1 X11.081 Y279.560
G1 X10.473 Y280.416
G1 X9.338 Y282.063
G1 X8.544 Y283.216
G1 X8.070 Y283.939
G1 X6.995 Y285.627
G1 X6.242 Y286.813
G1 X5.900 Y287.378
G1 X4.890 Y289.104
G1 X4.194 Y290.294
G1 X3.974 Y290.687
G1 X3.027 Y292.448
G1 X2.397 Y293.620
G1 X2.284 Y293.838
G1 X1.400 Y295.632
G1 X0.837 Y296.772
G1 X0.815 Y296.821
G1 X0.000 Y298.626
G1 X0.000 Y361.621
G1 X0.437 Y362.740
G1 X0.459 Y362.795
G1 X1.224 Y364.644
G1 X1.228 Y364.652
G1 X2.015 Y366.447
G1 X2.813 Y368.179
G1 X3.617 Y369.843
G1 X3.621 Y369.849
G1 X4.427 Y371.438
G1 X4.436 Y371.458
G1 X5.237 Y372.974
G1 X5.253 Y373.004
G1 X6.049 Y374.452
G1 X6.073 Y374.494
G1 X6.859 Y375.872
G1 X6.888 Y375.924
G1 X7.666 Y377.237
G1 X7.702 Y377.298
G1 X8.418 Y378.592
G1 X8.455 Y378.667
G1 X9.071 Y379.984
G1 X9.108 Y380.071
G1 X9.621 Y381.423
G1 X9.656 Y381.527
G1 X10.064 Y382.924
G1 X10.096 Y383.047
G1 X10.400 Y384.497
G1 X10.424 Y384.639
G1 X10.619 Y386.157
G1 X10.634 Y386.322
G1 X10.722 Y387.914
G1 X11.877 Y387.607
G1 X12.908 Y387.429
G1 X12.976 Y387.421
G1 X12.683 Y385.966
G1 X12.660 Y385.872
G1 X12.267 Y384.484
G1 X12.242 Y384.410
G1 X11.750 Y383.079
G1 X11.726 Y383.023
G1 X11.137 Y381.742
G1 X11.116 Y381.699
G1 X10.427 Y380.457
G1 X10.410 Y380.428
G1 X9.636 Y379.203
G1 X9.626 Y379.186
G1 X8.832 Y377.913
G1 X8.829 Y377.907
G1 X8.030 Y376.580
G1 X7.230 Y375.202
G1 X6.432 Y373.773
G1 X5.638 Y372.290
G1 X4.848 Y370.752
G1 X4.066 Y369.157
G1 X3.293 Y367.508
G1 X2.532 Y365.797
G1 X1.789 Y364.029
G1 X1.062 Y362.204
G1 X0.363 Y360.331
G1 X0.359 Y360.320
G1 X0.000 Y359.296
G1 X0.000 Y303.850
G1 X0.593 Y302.356
G1 X1.058 Y301.186
G1 X2.462 Y297.998
G1 X4.020 Y294.791
G1 X4.092 Y294.648
G1 X5.031 Y292.882
G1 X5.796 Y291.445
G1 X5.966 Y291.139
G1 X7.813 Y287.966
G1 X8.098 Y287.497
G1 X9.168 Y285.808
G1 X10.073 Y284.383
G1 X10.488 Y283.760
G1 X11.623 Y282.114
G1 X12.569 Y280.743
G1 X13.118 Y279.987
G1 X14.316 Y278.384
G1 X15.270 Y277.109
G1 X15.944 Y276.251
G1 X17.199 Y274.694
G1 X18.123 Y273.552
G1 X18.902 Y272.630
G1 X20.209 Y271.117
G1 X21.051 Y270.143
G1 X21.905 Y269.200
G1 X23.256 Y267.726
G1 X23.969 Y266.950
G1 X24.852 Y266.028
G1 X26.238 Y264.584
G1 X26.778 Y264.022
G1 X27.647 Y263.153
G1 X29.054 Y261.731
G1 X29.390 Y261.392
G1 X30.199 Y260.602
G1 X31.614 Y259.188
G1 X31.730 Y259.072
G1 X32.443 Y258.379
G1 X33.741 Y257.060
G1 X34.333 Y256.473
G1 X35.396 Y255.344
G1 X35.855 Y254.863
G1 X36.684 Y253.898
G1 X37.011 Y253.522
G1 X37.619 Y252.702
G1 X37.826 Y252.427
G1 X38.232 Y251.733
G1 X38.341 Y251.546
G1 X38.567 Y250.959
G1 X38.608 Y250.852
G1 X38.681 Y250.355
G1 X38.687 Y250.316
G1 X38.646 Y249.907
G1 X38.555 Y249.594
G1 X38.487 Y249.343
G1 X38.516 Y249.116
G1 X38.715 Y248.879
G1 X39.149 Y248.595
G1 X39.872 Y248.235
G1 X40.929 Y247.775
G1 X42.334 Y247.200
G1 X44.073 Y246.514
G1 X45.933 Y245.779
G1 X45.980 Y245.760
G1 X46.094 Y245.717
G1 X47.903 Y244.967
G1 X48.300 Y244.801
G1 X49.964 Y244.030
G1 X50.568 Y243.741
G1 X52.040 Y242.903
G1 X52.748 Y242.473
G1 X53.994 Y241.509
G1 X54.709 Y240.903
G1 X55.699 Y239.749
G1 X56.333 Y238.925
G1 X57.056 Y237.525
G1 X57.543 Y236.463
G1 X57.996 Y234.772
G1 X58.301 Y233.486
G1 X58.488 Y231.511
G1 X58.610 Y230.166
G1 X58.561 Y228.169
G1 X58.530 Y226.942
G1 X58.251 Y224.961
G1 X58.107 Y223.939
G1 X57.417 Y221.241
G1 X56.725 Y219.364
G1 X56.560 Y218.918
G1 X55.701 Y217.112
G1 X55.649 Y217.000
G1 X54.803 Y215.486
G1 X54.132 Y214.337
G1 X53.733 Y213.487
G1 X53.676 Y212.847
G1 X54.003 Y212.307
G1 X54.723 Y211.757
G1 X55.812 Y211.089
G1 X57.218 Y210.209
G1 X58.850 Y209.053
G1 X58.865 Y209.042
G1 X60.400 Y207.759
G1 X60.665 Y207.537
G1 X62.076 Y206.119
G1 X62.517 Y205.677
G1 X63.783 Y204.129
G1 X64.325 Y203.466
G1 X65.430 Y201.799
G1 X66.000 Y200.936
G1 X66.933 Y199.167
G1 X67.472 Y198.142
G1 X68.223 Y196.288
G1 X68.684 Y195.151
G1 X69.249 Y193.232
G1 X69.602 Y192.039
G1 X69.985 Y190.075
G1 X70.218 Y188.888
G1 X70.422 Y186.898
G1 X70.539 Y185.768
G1 X70.577 Y183.769
G1 X70.596 Y182.752
G1 X70.478 Y180.756
G1 X70.427 Y179.892
G1 X70.173 Y177.908
G1 X70.085 Y177.228
G1 X69.716 Y175.263
G1 X69.626 Y174.787
G1 X69.168 Y172.838
G1 X69.106 Y172.574
G1 X68.591 Y170.641
G1 X68.578 Y170.589
G1 X68.090 Y168.816
G1 X67.682 Y167.230
G1 X67.385 Y165.801
G1 X67.220 Y164.494
G1 X67.199 Y163.275
G1 X67.325 Y162.109
G1 X67.598 Y160.966
G1 X68.004 Y159.817
G1 X68.533 Y158.641
G1 X69.166 Y157.418
G1 X69.886 Y156.138
G1 X70.676 Y154.789
G1 X71.515 Y153.373
G1 X72.387 Y151.882
G1 X73.278 Y150.323
G1 X74.172 Y148.699
G1 X75.063 Y147.015
G1 X75.934 Y145.280
G1 X76.781 Y143.499
G1 X77.599 Y141.679
G1 X78.378 Y139.838
G1 X78.381 Y139.830
G1 X79.119 Y137.970
G1 X79.126 Y137.956
G1 X79.822 Y136.081
G1 X79.822 Y136.080
G1 X79.829 Y136.063
G1 X80.484 Y134.174
G1 X80.490 Y134.157
G1 X81.103 Y132.254
G1 X81.107 Y132.239
G1 X81.677 Y130.324
G1 X81.678 Y130.323
G1 X81.679 Y130.316
G1 X82.207 Y128.386
G1 X82.689 Y126.449
G1 X83.125 Y124.505
G1 X83.515 Y122.552
G1 X83.738 Y121.281
G1 X85.606 Y120.757
G1 X87.444 Y120.142
G1 X89.250 Y119.437
G1 X91.020 Y118.645
G1 X92.748 Y117.767
G1 X94.432 Y116.805
G1 X96.066 Y115.762
G1 X97.647 Y114.640
G1 X99.171 Y113.442
G1 X100.634 Y112.170
G1 X102.033 Y110.828
G1 X103.366 Y109.419
G1 X104.625 Y107.946
G1 X105.813 Y106.413
G1 X106.924 Y104.824
G1 X107.955 Y103.182
G1 X108.904 Y101.492
G1 X109.770 Y99.757
G1 X110.549 Y97.981
G1 X111.240 Y96.170
G1 X111.841 Y94.327
G1 X112.351 Y92.456
G1 X112.769 Y90.563
G1 X113.094 Y88.652
G1 X113.324 Y86.726
G1 X113.459 Y84.793
G1 X113.499 Y82.854
G1 X113.445 Y80.916
G1 X113.295 Y78.983
G1 X113.051 Y77.060
G1 X112.712 Y75.150
G1 X112.281 Y73.261
G1 X111.757 Y71.394
G1 X111.142 Y69.556
G1 X110.437 Y67.750
G1 X109.645 Y65.980
G1 X108.767 Y64.252
G1 X107.805 Y62.568
G1 X106.762 Y60.933
G1 X105.640 Y59.353
G1 X105.439 Y58.073
G1 X105.310 Y57.117
G1 X104.969 Y55.985
G1 X104.464 Y54.632
G1 X103.853 Y53.024
G1 X103.197 Y51.143
G1 X102.635 Y49.224
G1 X102.566 Y48.989
G1 X102.127 Y47.038
G1 X102.023 Y46.576
G1 X101.726 Y44.598
G1 X101.624 Y43.935
G1 X101.480 Y41.940
G1 X101.419 Y41.109
G1 X101.434 Y39.109
G1 X101.439 Y38.151
G1 X101.616 Y36.159
G1 X101.708 Y35.118
G1 X102.045 Y33.146
G1 X102.229 Y32.070
G1 X102.720 Y30.131
G1 X102.990 Y29.063
G1 X103.631 Y27.168
G1 X103.975 Y26.150
G1 X104.752 Y24.308
G1 X105.149 Y23.372
G1 X106.053 Y21.589
G1 X106.473 Y20.764
G1 X107.491 Y19.041
G1 X107.902 Y18.346
G1 X109.018 Y16.686
G1 X109.392 Y16.129
G1 X110.589 Y14.529
G1 X110.898 Y14.114
G1 X112.160 Y12.563
G1 X112.379 Y12.291
G1 X113.685 Y10.776
G1 X113.800 Y10.642
G1 X115.130 Y9.148
G1 X115.132 Y9.145
G1 X116.350 Y7.772
G1 X117.444 Y6.495
G1 X118.404 Y5.285
G1 X119.227 Y4.112
G1 X119.919 Y2.953
G1 X120.487 Y1.784
G1 X120.900 Y0.714
G1 X122.058 Y0.000
G1 X123.602 Y0.000
G1 X123.032 Y0.832
G1 X122.020 Y2.208
G1 X120.909 Y3.646
G1 X119.706 Y5.171
G1 X118.470 Y6.742
G1 X118.424 Y6.802
G1 X117.207 Y8.389
G1 X117.078 Y8.560
G1 X115.898 Y10.175
G1 X115.689 Y10.460
G1 X114.563 Y12.113
G1 X114.286 Y12.516
G1 X113.227 Y14.214
G1 X112.899 Y14.739
G1 X111.921 Y16.484
G1 X111.560 Y17.127
G1 X110.308 Y19.675
G1 X109.533 Y21.519
G1 X109.175 Y22.368
G1 X108.518 Y24.257
G1 X108.196 Y25.184
G1 X107.666 Y27.113
G1 X107.397 Y28.093
G1 X107.004 Y30.053
G1 X106.803 Y31.053
G1 X106.550 Y33.038
G1 X106.425 Y34.023
G1 X106.317 Y36.020
G1 X106.266 Y36.955
G1 X106.303 Y38.954
G1 X106.318 Y39.796
G1 X106.497 Y41.788
G1 X106.561 Y42.503
G1 X106.874 Y44.478
G1 X106.962 Y45.032
G1 X107.398 Y46.983
G1 X107.480 Y47.348
G1 X108.020 Y49.274
G1 X108.064 Y49.428
G1 X108.659 Y51.259
G1 X109.207 Y52.844
G1 X109.653 Y54.198
G1 X109.947 Y55.351
G1 X110.045 Y56.345
G1 X109.917 Y57.224
G1 X109.545 Y58.048
G1 X108.925 Y58.874
G1 X108.067 Y59.757
G1 X106.993 Y60.748
G1 X106.748 Y60.913
G1 X107.792 Y62.547
G1 X108.755 Y64.229
G1 X109.634 Y65.957
G1 X110.428 Y67.726
G1 X111.133 Y69.532
G1 X111.749 Y71.371
G1 X112.274 Y73.238
G1 X112.707 Y75.127
G1 X113.047 Y77.036
G1 X113.293 Y78.959
G1 X113.444 Y80.891
G1 X113.500 Y82.829
G1 X113.460 Y84.768
G1 X113.326 Y86.702
G1 X113.097 Y88.627
G1 X112.774 Y90.539
G1 X112.357 Y92.432
G1 X111.848 Y94.303
G1 X111.248 Y96.146
G1 X110.558 Y97.959
G1 X109.780 Y99.734
G1 X108.916 Y101.469
G1 X107.968 Y103.160
G1 X106.938 Y104.804
G1 X105.828 Y106.392
G1 X104.642 Y107.926
G1 X103.381 Y109.400
G1 X102.051 Y110.810
G1 X100.653 Y112.154
G1 X99.190 Y113.425
G1 X97.667 Y114.625
G1 X96.087 Y115.748
G1 X94.453 Y116.792
G1 X92.771 Y117.755
G1 X91.043 Y118.634
G1 X89.275 Y119.428
G1 X88.075 Y120.816
G1 X87.711 Y122.774
G1 X87.303 Y124.722
G1 X86.849 Y126.661
G1 X86.349 Y128.597
G1 X85.804 Y130.519
G1 X85.805 Y130.520
G1 X85.802 Y130.524
G1 X85.216 Y132.435
G1 X85.212 Y132.446
G1 X84.582 Y134.344
G1 X84.577 Y134.360
G1 X83.905 Y136.244
G1 X83.898 Y136.263
G1 X83.185 Y138.133
G1 X83.178 Y138.151
G1 X82.423 Y140.003
G1 X82.417 Y140.021
G1 X81.620 Y141.854
G1 X81.619 Y141.860
G1 X80.787 Y143.668
G1 X79.928 Y145.435
G1 X79.046 Y147.156
G1 X78.152 Y148.820
G1 X77.255 Y150.425
G1 X76.365 Y151.961
G1 X75.500 Y153.428
G1 X74.673 Y154.822
G1 X73.903 Y156.151
G1 X73.208 Y157.411
G1 X72.604 Y158.620
G1 X72.111 Y159.784
G1 X71.745 Y160.930
G1 X71.514 Y162.079
G1 X71.430 Y163.260
G1 X71.492 Y164.504
G1 X71.694 Y165.845
G1 X72.022 Y167.317
G1 X72.452 Y168.953
G1 X72.950 Y170.785
G1 X73.448 Y172.722
G1 X73.476 Y172.830
G1 X73.909 Y174.782
G1 X73.980 Y175.102
G1 X74.317 Y177.073
G1 X74.409 Y177.601
G1 X74.627 Y179.591
G1 X74.706 Y180.313
G1 X74.784 Y182.311
G1 X74.819 Y183.211
G1 X74.741 Y185.209
G1 X74.698 Y186.251
G1 X74.450 Y188.235
G1 X74.308 Y189.375
G1 X73.882 Y191.329
G1 X73.624 Y192.517
G1 X73.017 Y194.422
G1 X72.642 Y195.600
G1 X71.852 Y197.438
G1 X71.377 Y198.548
G1 X70.410 Y200.299
G1 X69.865 Y201.286
G1 X68.729 Y202.932
G1 X68.166 Y203.751
G1 X66.873 Y205.278
G1 X66.351 Y205.895
G1 X64.920 Y207.291
G1 X64.513 Y207.690
G1 X62.964 Y208.958
G1 X62.743 Y209.137
G1 X61.139 Y210.258
G1 X59.787 Y211.108
G1 X58.756 Y211.763
G1 X58.093 Y212.317
G1 X57.816 Y212.876
G1 X57.911 Y213.550
G1 X58.335 Y214.440
G1 X59.016 Y215.632
G1 X59.859 Y217.189
G1 X60.692 Y219.005
G1 X60.694 Y219.006
G1 X60.753 Y219.139
G1 X61.423 Y221.021
G1 X61.587 Y221.483
G1 X62.063 Y223.425
G1 X62.250 Y224.189
G1 X62.513 Y226.172
G1 X62.648 Y227.193
G1 X62.686 Y229.192
G1 X62.685 Y229.193
G1 X62.709 Y230.407
G1 X62.517 Y232.397
G1 X62.386 Y233.677
G1 X61.950 Y235.423
G1 X61.637 Y236.542
G1 X60.948 Y237.973
G1 X60.460 Y238.876
G1 X59.519 Y240.027
G1 X58.888 Y240.711
G1 X57.696 Y241.631
G1 X56.982 Y242.126
G1 X55.558 Y242.881
G1 X54.845 Y243.229
G1 X53.212 Y243.888
G1 X52.599 Y244.124
G1 X50.797 Y244.744
G1 X50.381 Y244.885
G1 X48.480 Y245.505
G1 X48.460 Y245.512
G1 X48.322 Y245.559
G1 X46.526 Y246.167
G1 X45.049 Y246.694
G1 X43.918 Y247.131
G1 X43.123 Y247.484
G1 X42.633 Y247.767
G1 X42.395 Y248.006
G1 X42.351 Y248.231
G1 X42.433 Y248.476
G1 X42.571 Y248.766
G1 X42.695 Y249.138
G1 X42.734 Y249.601
G1 X42.734 Y249.618
G1 X42.638 Y250.153
G1 X42.624 Y250.232
G1 X42.364 Y250.853
G1 X42.301 Y251.006
G1 X41.853 Y251.730
G1 X41.709 Y251.964
G1 X41.053 Y252.807
G1 X40.801 Y253.132
G1 X39.918 Y254.113
G1 X39.540 Y254.538
G1 X38.416 Y255.677
G1 X37.903 Y256.208
G1 X36.531 Y257.531
G1 X35.887 Y258.170
G1 X34.435 Y259.546
G1 X34.269 Y259.704
G1 X33.506 Y260.448
G1 X32.061 Y261.831
G1 X31.656 Y262.218
G1 X30.807 Y263.060
G1 X29.383 Y264.464
G1 X28.752 Y265.087
G1 X27.853 Y266.008
G1 X26.464 Y267.446
G1 X25.634 Y268.305
G1 X24.735 Y269.278
G1 X22.406 Y271.845
G1 X21.552 Y272.833
G1 X20.264 Y274.363
G1 X19.176 Y275.655
G1 X18.408 Y276.617
G1 X16.048 Y279.665
G1 X15.393 Y280.556
G1 X14.239 Y282.190
G1 X13.108 Y283.789
G1 X12.584 Y284.572
G1 X11.504 Y286.255
G1 X10.423 Y287.940
G1 X10.421 Y287.941
G1 X10.027 Y288.587
G1 X8.019 Y292.046
G1 X7.749 Y292.538
G1 X6.821 Y294.308
G1 X5.913 Y296.043
G1 X5.751 Y296.371
G1 X4.900 Y298.181
G1 X4.095 Y299.893
G1 X4.021 Y300.062
G1 X2.547 Y303.575
G1 X2.539 Y303.593
G1 X1.840 Y305.468
G1 X1.282 Y306.967
G1 X0.658 Y308.867
G1 X0.225 Y310.188
G1 X0.000 Y310.975
G1 X0.000 Y355.588
G1 X0.418 Y357.031
G1 X0.442 Y357.119
G1 X1.042 Y359.027
G1 X1.056 Y359.073
G1 X1.697 Y360.963
G1 X2.361 Y362.794
G1 X3.045 Y364.565
G1 X3.747 Y366.276
G1 X4.462 Y367.928
G1 X5.189 Y369.522
G1 X5.925 Y371.059
G1 X6.668 Y372.540
G1 X7.416 Y373.968
G1 X8.166 Y375.345
G1 X8.923 Y376.672
G1 X9.677 Y377.952
G1 X10.433 Y379.186
G1 X11.189 Y380.378
G1 X11.943 Y381.529
G1 X12.692 Y382.645
G1 X13.376 Y383.793
G1 X13.975 Y385.001
G1 X14.488 Y386.276
G1 X14.876 Y387.485
G1 X15.764 Y387.707
G1 X16.680 Y388.049
G1 X16.746 Y388.078
G1 X16.268 Y386.918
G1 X15.714 Y385.832
G1 X15.083 Y384.812
G1 X14.397 Y383.827
G1 X13.708 Y382.808
G1 X13.016 Y381.756
G1 X12.325 Y380.666
G1 X11.632 Y379.535
G1 X10.940 Y378.361
G1 X10.245 Y377.141
G1 X9.551 Y375.875
G1 X8.857 Y374.557
G1 X8.163 Y373.184
G1 X7.474 Y371.755
G1 X6.788 Y370.268
G1 X6.108 Y368.718
G1 X5.436 Y367.106
G1 X4.775 Y365.427
G1 X4.127 Y363.682
G1 X3.497 Y361.868
G1 X2.889 Y359.981
G1 X2.317 Y358.065
G1 X2.304 Y358.024
G1 X1.777 Y356.094
G1 X1.750 Y355.996
G1 X1.270 Y354.056
G1 X1.230 Y353.894
G1 X0.799 Y351.942
G1 X0.751 Y351.723
G1 X0.372 Y349.759
G1 X0.318 Y349.479
G1 X0.000 Y347.546
G1 X0.000 Y322.687
G1 X0.315 Y320.897
G1 X0.526 Y319.692
G1 X0.952 Y317.738
G1 X1.245 Y316.389
G1 X1.749 Y314.451
G1 X2.144 Y312.941
G1 X3.249 Y309.336
G1 X4.585 Y305.573
G1 X6.087 Y301.866
G1 X6.153 Y301.701
G1 X6.176 Y301.648
G1 X7.842 Y298.012
G1 X7.955 Y297.767
G1 X8.049 Y297.574
G1 X8.965 Y295.796
G1 X9.882 Y294.019
G1 X10.037 Y293.717
G1 X10.224 Y293.375
G1 X11.222 Y291.642
G1 X12.220 Y289.908
G1 X12.408 Y289.583
G1 X12.706 Y289.094
G1 X13.786 Y287.410
G1 X14.863 Y285.726
G1 X15.062 Y285.417
G1 X15.486 Y284.791
G1 X17.798 Y281.529
G1 X17.975 Y281.281
G1 X18.529 Y280.541
G1 X19.759 Y278.964
G1 X21.097 Y277.248
G1 X21.775 Y276.424
G1 X23.071 Y274.900
G1 X24.357 Y273.390
G1 X25.137 Y272.519
G1 X26.491 Y271.047
G1 X27.663 Y269.772
G1 X28.516 Y268.891
G1 X29.919 Y267.465
G1 X30.918 Y266.446
G1 X31.803 Y265.586
G1 X33.241 Y264.196
G1 X34.024 Y263.438
G1 X34.897 Y262.627
G1 X36.892 Y260.760
G1 X37.713 Y260.016
G1 X39.181 Y258.656
G1 X39.456 Y258.404
G1 X40.192 Y257.739
G1 X41.647 Y256.368
G1 X41.668 Y256.349
G1 X42.295 Y255.772
G1 X43.503 Y254.576
G1 X44.007 Y254.086
G1 X44.955 Y253.057
G1 X45.335 Y252.652
G1 X46.041 Y251.765
G1 X46.300 Y251.442
G1 X46.781 Y250.676
G1 X46.938 Y250.431
G1 X47.219 Y249.769
G1 X47.293 Y249.596
G1 X47.398 Y249.024
G1 X47.418 Y248.915
G1 X47.373 Y248.419
G1 X47.369 Y248.369
G1 X47.208 Y247.936
G1 X47.000 Y247.594
G1 X46.812 Y247.318
G1 X46.710 Y247.084
G1 X46.761 Y246.864
G1 X47.026 Y246.630
G1 X47.561 Y246.359
G1 X48.408 Y246.031
G1 X49.590 Y245.634
G1 X51.108 Y245.167
G1 X52.927 Y244.640
G1 X54.828 Y244.109
G1 X54.979 Y244.069
G1 X56.757 Y243.568
G1 X57.162 Y243.452
G1 X58.767 Y242.907
G1 X59.346 Y242.695
G1 X60.742 Y242.052
G1 X61.403 Y241.713
G1 X62.567 Y240.908
G1 X63.223 Y240.394
G1 X64.143 Y239.362
G1 X64.723 Y238.627
G1 X65.400 Y237.317
G1 X65.851 Y236.338
G1 X66.289 Y234.715
G1 X66.584 Y233.506
G1 X66.787 Y231.569
G1 X66.919 Y230.254
G1 X66.896 Y228.255
G1 X66.896 Y228.254
G1 X66.880 Y227.049
G1 X66.636 Y225.064
G1 X66.510 Y224.045
G1 X66.056 Y222.098
G1 X65.876 Y221.324
G1 X65.230 Y219.431
G1 X65.067 Y218.953
G1 X64.258 Y217.125
G1 X64.189 Y216.968
G1 X63.351 Y215.370
G1 X62.659 Y214.133
G1 X62.210 Y213.199
G1 X62.075 Y212.489
G1 X62.300 Y211.906
G1 X62.903 Y211.346
G1 X63.872 Y210.701
G1 X65.166 Y209.879
G1 X66.719 Y208.804
G1 X68.282 Y207.555
G1 X68.452 Y207.418
G1 X69.903 Y206.042
G1 X70.273 Y205.692
G1 X72.087 Y203.622
G1 X73.254 Y201.998
G1 X73.809 Y201.229
G1 X74.812 Y199.499
G1 X75.360 Y198.555
G1 X76.190 Y196.736
G1 X76.680 Y195.659
G1 X77.730 Y192.613
G1 X78.202 Y190.669
G1 X78.489 Y189.489
G1 X78.785 Y187.511
G1 X78.957 Y186.364
G1 X79.083 Y184.368
G1 X79.151 Y183.305
G1 X79.120 Y181.305
G1 X79.105 Y180.372
G1 X78.931 Y178.378
G1 X78.863 Y177.608
G1 X78.564 Y175.631
G1 X78.477 Y175.048
G1 X78.077 Y173.089
G1 X77.999 Y172.711
G1 X77.526 Y170.766
G1 X77.484 Y170.594
G1 X76.983 Y168.694
G1 X76.534 Y166.992
G1 X76.174 Y165.462
G1 X75.933 Y164.073
G1 X75.825 Y162.791
G1 X75.859 Y161.583
G1 X76.036 Y160.417
G1 X76.351 Y159.264
G1 X76.796 Y158.099
G1 X77.353 Y156.902
G1 X78.010 Y155.657
G1 X78.746 Y154.351
G1 X79.544 Y152.980
G1 X80.386 Y151.539
G1 X81.258 Y150.028
G1 X82.146 Y148.450
G1 X83.033 Y146.810
G1 X83.911 Y145.113
G1 X84.771 Y143.366
G1 X85.605 Y141.576
G1 X86.408 Y139.751
G1 X87.172 Y137.903
G1 X87.176 Y137.896
G1 X87.899 Y136.031
G1 X87.905 Y136.019
G1 X88.586 Y134.141
G1 X88.591 Y134.124
G1 X89.231 Y132.229
G1 X89.235 Y132.217
G1 X89.833 Y130.307
G1 X89.833 Y130.306
G1 X89.836 Y130.298
G1 X90.390 Y128.376
G1 X90.391 Y128.370
G1 X90.901 Y126.439
G1 X91.366 Y124.499
G1 X91.785 Y122.550
G1 X92.160 Y120.590
G1 X92.419 Y119.031
G1 X91.979 Y118.171
G1 X93.683 Y117.246
G1 X95.339 Y116.239
G1 X96.945 Y115.152
G1 X98.495 Y113.988
G1 X99.986 Y112.748
G1 X101.415 Y111.437
G1 X102.777 Y110.058
G1 X104.070 Y108.613
G1 X105.291 Y107.106
G1 X106.436 Y105.543
G1 X107.503 Y103.924
G1 X108.489 Y102.255
G1 X109.392 Y100.539
G1 X110.210 Y98.783
G1 X110.941 Y96.985
G1 X111.583 Y95.156
G1 X112.134 Y93.298
G1 X112.593 Y91.414
G1 X112.960 Y89.510
G1 X113.232 Y87.591
G1 X113.410 Y85.660
G1 X113.493 Y83.723
G1 X113.481 Y81.784
G1 X113.374 Y79.849
G1 X113.172 Y77.920
G1 X112.876 Y76.005
G1 X112.486 Y74.104
G1 X112.003 Y72.228
G1 X111.429 Y70.376
G1 X110.764 Y68.555
G1 X110.011 Y66.768
G1 X109.171 Y65.021
G1 X108.245 Y63.317
G1 X108.097 Y62.800
G1 X109.499 Y61.375
G1 X109.514 Y61.362
G1 X110.818 Y60.104
G1 X111.972 Y59.004
G1 X112.942 Y58.026
G1 X113.703 Y57.127
G1 X114.240 Y56.262
G1 X114.549 Y55.380
G1 X114.638 Y54.430
G1 X114.530 Y53.366
G1 X114.251 Y52.149
G1 X113.842 Y50.744
G1 X113.346 Y49.129
G1 X112.814 Y47.293
G1 X112.322 Y45.355
G1 X112.292 Y45.237
G1 X111.890 Y43.277
G1 X111.827 Y42.970
G1 X111.533 Y40.992
G1 X111.462 Y40.513
G1 X111.285 Y38.521
G1 X111.230 Y37.897
G1 X111.178 Y35.898
G1 X111.159 Y35.154
G1 X111.234 Y33.155
G1 X111.266 Y32.323
G1 X111.560 Y29.445
G1 X111.889 Y27.473
G1 X112.041 Y26.558
G1 X112.490 Y24.609
G1 X112.700 Y23.698
G1 X113.263 Y21.778
G1 X113.522 Y20.898
G1 X114.192 Y19.015
G1 X114.487 Y18.185
G1 X115.254 Y16.338
G1 X115.569 Y15.579
G1 X116.744 Y13.095
G1 X117.676 Y11.325
G1 X117.983 Y10.740
G1 X118.981 Y9.007
G1 X119.262 Y8.518
G1 X120.311 Y6.816
G1 X120.554 Y6.426
G1 X121.644 Y4.750
G1 X121.837 Y4.457
G1 X122.957 Y2.801
G1 X123.093 Y2.601
G1 X124.231 Y0.956
G1 X124.305 Y0.845
G1 X124.892 Y0.000
G1 X126.616 Y0.000
G1 X126.270 Y0.589
G1 X126.121 Y0.844
G1 X124.949 Y2.914
G1 X123.997 Y4.672
G1 X123.777 Y5.078
G1 X122.871 Y6.861
G1 X122.626 Y7.343
G1 X121.774 Y9.152
G1 X121.510 Y9.710
G1 X120.452 Y12.177
G1 X119.468 Y14.739
G1 X118.832 Y16.635
G1 X118.581 Y17.384
G1 X118.033 Y19.308
G1 X117.808 Y20.102
G1 X117.357 Y22.050
G1 X117.166 Y22.868
G1 X116.815 Y24.838
G1 X116.668 Y25.664
G1 X116.424 Y27.648
G1 X116.323 Y28.460
G1 X116.190 Y30.455
G1 X116.190 Y30.456
G1 X116.138 Y31.228
G1 X116.115 Y33.228
G1 X116.105 Y33.936
G1 X116.191 Y35.934
G1 X116.217 Y36.553
G1 X116.409 Y38.544
G1 X116.458 Y39.048
G1 X116.750 Y41.026
G1 X116.803 Y41.395
G1 X117.183 Y43.359
G1 X117.225 Y43.572
G1 X117.676 Y45.520
G1 X117.686 Y45.562
G1 X118.148 Y47.358
G1 X118.572 Y48.959
G1 X118.917 Y50.376
G1 X119.145 Y51.627
G1 X119.224 Y52.738
G1 X119.124 Y53.744
G1 X118.829 Y54.684
G1 X118.329 Y55.599
G1 X117.624 Y56.535
G1 X116.724 Y57.533
G1 X115.647 Y58.630
G1 X114.422 Y59.861
G1 X113.080 Y61.250
G1 X111.734 Y62.731
G1 X111.658 Y62.815
G1 X110.374 Y64.349
G1 X110.196 Y64.564
G1 X109.441 Y65.558
G1 X110.254 Y67.318
G1 X110.980 Y69.116
G1 X111.616 Y70.947
G1 X112.162 Y72.807
G1 X112.616 Y74.692
G1 X112.978 Y76.597
G1 X113.245 Y78.517
G1 X113.418 Y80.448
G1 X113.495 Y82.386
G1 X113.478 Y84.324
G1 X113.365 Y86.260
G1 X113.158 Y88.187
G1 X112.857 Y90.103
G1 X112.461 Y92.001
G1 X111.973 Y93.877
G1 X111.393 Y95.727
G1 X110.724 Y97.547
G1 X109.965 Y99.331
G1 X109.121 Y101.076
G1 X108.192 Y102.778
G1 X107.180 Y104.432
G1 X106.089 Y106.034
G1 X104.920 Y107.581
G1 X103.677 Y109.068
G1 X102.362 Y110.493
G1 X100.979 Y111.851
G1 X99.530 Y113.140
G1 X98.022 Y114.357
G1 X96.841 Y115.227
G1 X96.654 Y116.611
G1 X92.516 Y119.618
G1 X95.375 Y123.553
G1 X95.130 Y124.638
G1 X94.643 Y126.578
G1 X94.112 Y128.506
G1 X93.537 Y130.423
G1 X93.536 Y130.425
G1 X92.920 Y132.327
G1 X92.919 Y132.328
G1 X92.918 Y132.332
G1 X92.257 Y134.220
G1 X92.257 Y134.225
G1 X91.554 Y136.097
G1 X91.553 Y136.098
G1 X90.812 Y137.950
G1 X90.036 Y139.772
G1 X89.226 Y141.562
G1 X88.391 Y143.308
G1 X87.537 Y145.007
G1 X86.673 Y146.654
G1 X85.808 Y148.239
G1 X84.955 Y149.761
G1 X84.128 Y151.216
G1 X83.342 Y152.603
G1 X82.613 Y153.926
G1 X81.961 Y155.191
G1 X81.400 Y156.408
G1 X80.948 Y157.591
G1 X80.616 Y158.760
G1 X80.419 Y159.937
G1 X80.360 Y161.151
G1 X80.439 Y162.432
G1 X80.650 Y163.812
G1 X80.977 Y165.323
G1 X81.398 Y166.995
G1 X81.881 Y168.855
G1 X82.353 Y170.798
G1 X82.384 Y170.922
G1 X82.792 Y172.880
G1 X82.861 Y173.208
G1 X83.178 Y175.183
G1 X83.262 Y175.710
G1 X83.463 Y177.700
G1 X83.536 Y178.416
G1 X83.600 Y180.415
G1 X83.629 Y181.299
G1 X83.543 Y183.297
G1 X83.498 Y184.317
G1 X83.250 Y186.302
G1 X83.109 Y187.418
G1 X82.688 Y189.373
G1 X82.436 Y190.536
G1 X81.840 Y192.445
G1 X81.479 Y193.602
G1 X80.706 Y195.445
G1 X80.248 Y196.541
G1 X79.301 Y198.303
G1 X79.301 Y198.306
G1 X78.773 Y199.285
G1 X77.665 Y200.948
G1 X77.114 Y201.772
G1 X75.850 Y203.322
G1 X75.335 Y203.955
G1 X73.934 Y205.380
G1 X73.520 Y205.803
G1 X71.757 Y207.315
G1 X70.146 Y208.502
G1 X70.137 Y208.510
G1 X68.744 Y209.431
G1 X67.646 Y210.147
G1 X66.894 Y210.743
G1 X66.510 Y211.319
G1 X66.491 Y211.977
G1 X66.802 Y212.813
G1 X67.384 Y213.914
G1 X68.152 Y215.347
G1 X69.011 Y217.151
G1 X69.729 Y219.018
G1 X69.852 Y219.337
G1 X70.395 Y221.261
G1 X70.571 Y221.884
G1 X70.917 Y223.854
G1 X71.072 Y224.745
G1 X71.206 Y226.740
G1 X71.279 Y227.846
G1 X71.194 Y229.844
G1 X71.140 Y231.096
G1 X70.833 Y233.048
G1 X70.630 Y234.267
G1 X70.112 Y235.906
G1 X69.756 Y236.924
G1 X69.019 Y238.236
G1 X68.527 Y239.017
G1 X67.570 Y240.032
G1 X66.973 Y240.584
G1 X65.792 Y241.348
G1 X65.146 Y241.712
G1 X63.747 Y242.288
G1 X63.127 Y242.513
G1 X61.526 Y242.968
G1 X61.018 Y243.099
G1 X59.246 Y243.502
G1 X58.938 Y243.575
G1 X57.044 Y244.017
G1 X57.008 Y244.026
G1 X55.317 Y244.443
G1 X53.927 Y244.813
G1 X52.864 Y245.132
G1 X52.128 Y245.403
G1 X51.694 Y245.636
G1 X51.522 Y245.850
G1 X51.558 Y246.064
G1 X51.745 Y246.303
G1 X52.019 Y246.588
G1 X52.317 Y246.940
G1 X52.572 Y247.371
G1 X52.576 Y247.377
G1 X52.719 Y247.863
G1 X52.735 Y247.918
G1 X52.737 Y248.465
G1 X52.737 Y248.578
G1 X52.572 Y249.199
G1 X52.526 Y249.373
G1 X52.171 Y250.078
G1 X52.050 Y250.319
G1 X51.485 Y251.121
G1 X51.266 Y251.433
G1 X50.469 Y252.351
G1 X50.136 Y252.738
G1 X49.087 Y253.791
G1 X48.627 Y254.258
G1 X47.308 Y255.472
G1 X46.725 Y256.021
G1 X45.223 Y257.342
G1 X45.127 Y257.427
G1 X44.426 Y258.060
G1 X42.915 Y259.369
G1 X42.543 Y259.691
G1 X41.746 Y260.404
G1 X40.244 Y261.724
G1 X39.588 Y262.299
G1 X38.723 Y263.087
G1 X37.244 Y264.432
G1 X36.313 Y265.280
G1 X35.419 Y266.129
G1 X32.799 Y268.650
G1 X31.919 Y269.538
G1 X30.529 Y270.976
G1 X29.149 Y272.403
G1 X28.325 Y273.300
G1 X25.670 Y276.292
G1 X25.480 Y276.507
G1 X24.749 Y277.378
G1 X21.911 Y280.905
G1 X21.299 Y281.713
G1 X18.955 Y284.952
G1 X18.549 Y285.514
G1 X18.067 Y286.222
G1 X16.983 Y287.903
G1 X15.901 Y289.584
G1 X15.474 Y290.244
G1 X15.122 Y290.827
G1 X14.131 Y292.564
G1 X13.139 Y294.301
G1 X12.739 Y295.005
G1 X12.503 Y295.444
G1 X11.606 Y297.232
G1 X10.710 Y299.020
G1 X10.364 Y299.710
G1 X10.226 Y300.005
G1 X8.624 Y303.670
G1 X8.347 Y304.304
G1 X8.285 Y304.456
G1 X7.578 Y306.328
G1 X6.873 Y308.199
G1 X6.668 Y308.742
G1 X6.660 Y308.761
G1 X6.047 Y310.665
G1 X5.434 Y312.567
G1 X5.326 Y312.902
G1 X4.279 Y316.762
G1 X4.250 Y316.869
G1 X3.816 Y318.821
G1 X3.405 Y320.665
G1 X2.763 Y324.290
G1 X2.499 Y326.272
G1 X2.300 Y327.758
G1 X2.116 Y329.749
G1 X1.993 Y331.080
G1 X1.887 Y333.075
G1 X1.825 Y334.257
G1 X1.794 Y336.257
G1 X1.778 Y337.305
G1 X1.820 Y339.304
G1 X1.840 Y340.229
G1 X1.950 Y342.224
G1 X1.995 Y343.033
G1 X2.233 Y345.724
G1 X2.473 Y347.711
G1 X2.545 Y348.308
G1 X2.843 Y350.286
G1 X2.919 Y350.786
G1 X3.275 Y352.755
G1 X3.349 Y353.161
G1 X3.758 Y355.118
G1 X3.825 Y355.438
G1 X4.285 Y357.384
G1 X4.340 Y357.617
G1 X4.849 Y359.552
G1 X4.889 Y359.703
G1 X5.443 Y361.624
G1 X5.464 Y361.697
G1 X6.060 Y363.604
G1 X6.674 Y365.423
G1 X7.300 Y367.161
G1 X7.933 Y368.820
G1 X8.575 Y370.402
G1 X9.218 Y371.913
G1 X9.862 Y373.354
G1 X10.505 Y374.729
G1 X11.145 Y376.042
G1 X11.783 Y377.297
G1 X12.414 Y378.497
G1 X13.044 Y379.644
G1 X13.669 Y380.744
G1 X14.287 Y381.797
G1 X14.903 Y382.809
G1 X15.513 Y383.782
G1 X16.122 Y384.719
G1 X16.728 Y385.622
G1 X17.333 Y386.494
G1 X17.924 Y387.354
G1 X18.447 Y388.275
G1 X18.854 Y389.163
G1 X20.016 Y389.845
G1 X20.272 Y390.000
G1 X21.063 Y390.000
G1 X20.987 Y389.842
G1 X20.513 Y389.089
G1 X20.008 Y388.350
G1 X19.501 Y387.583
G1 X18.989 Y386.785
G1 X18.471 Y385.954
G1 X17.948 Y385.087
G1 X17.416 Y384.179
G1 X16.876 Y383.228
G1 X16.327 Y382.230
G1 X15.768 Y381.184
G1 X15.200 Y380.084
G1 X14.620 Y378.924
G1 X14.034 Y377.704
G1 X13.437 Y376.417
G1 X12.834 Y375.060
G1 X12.223 Y373.629
G1 X11.607 Y372.116
G1 X10.989 Y370.519
G1 X10.371 Y368.832
G1 X9.759 Y367.050
G1 X9.153 Y365.167
G1 X8.584 Y363.250
G1 X8.561 Y363.178
G1 X8.036 Y361.249
G1 X7.989 Y361.077
G1 X7.510 Y359.135
G1 X7.441 Y358.857
G1 X7.012 Y356.905
G1 X6.926 Y356.515
G1 X6.551 Y354.550
G1 X6.454 Y354.042
G1 X6.135 Y352.067
G1 X6.033 Y351.432
G1 X5.775 Y349.449
G1 X5.675 Y348.678
G1 X5.482 Y346.687
G1 X5.392 Y345.773
G1 X5.203 Y342.709
G1 X5.150 Y340.709
G1 X5.118 Y339.478
G1 X5.143 Y337.478
G1 X5.160 Y336.071
G1 X5.265 Y334.076
G1 X5.349 Y332.482
G1 X5.539 Y330.491
G1 X5.711 Y328.699
G1 X6.271 Y324.738
G1 X6.273 Y324.716
G1 X6.646 Y322.750
G1 X7.018 Y320.785
G1 X7.066 Y320.530
G1 X7.533 Y318.586
G1 X8.125 Y316.142
G1 X9.262 Y312.307
G1 X9.483 Y311.560
G1 X10.155 Y309.676
G1 X10.825 Y307.792
G1 X11.177 Y306.804
G1 X11.951 Y304.961
G1 X12.727 Y303.117
G1 X13.190 Y302.014
G1 X13.236 Y301.912
G1 X14.992 Y298.319
G1 X15.557 Y297.166
G1 X15.678 Y296.936
G1 X17.640 Y293.450
G1 X18.285 Y292.305
G1 X18.500 Y291.946
G1 X20.663 Y288.580
G1 X21.351 Y287.508
G1 X21.680 Y287.029
G1 X22.855 Y285.410
G1 X24.029 Y283.792
G1 X24.707 Y282.858
G1 X25.157 Y282.274
G1 X26.421 Y280.723
G1 X27.681 Y279.171
G1 X28.282 Y278.432
G1 X28.853 Y277.770
G1 X30.192 Y276.283
G1 X31.530 Y274.799
G1 X31.981 Y274.299
G1 X32.659 Y273.588
G1 X35.467 Y270.740
G1 X35.699 Y270.505
G1 X36.458 Y269.775
G1 X37.915 Y268.406
G1 X39.331 Y267.075
G1 X40.139 Y266.352
G1 X41.636 Y265.026
G1 X42.781 Y264.013
G1 X43.602 Y263.316
G1 X45.970 Y261.301
G1 X46.768 Y260.647
G1 X48.302 Y259.363
G1 X48.837 Y258.915
G1 X49.581 Y258.311
G1 X51.109 Y257.020
G1 X51.344 Y256.821
G1 X52.009 Y256.272
G1 X53.470 Y254.984
G1 X54.037 Y254.493
G1 X55.209 Y253.374
G1 X55.670 Y252.941
G1 X56.569 Y251.961
G1 X56.918 Y251.584
G1 X57.570 Y250.721
G1 X57.814 Y250.401
G1 X58.238 Y249.637
G1 X58.386 Y249.371
G1 X58.605 Y248.693
G1 X58.673 Y248.480
G1 X58.711 Y247.875
G1 X58.720 Y247.718
G1 X58.599 Y247.175
G1 X58.575 Y247.067
G1 X58.319 Y246.582
G1 X58.287 Y246.523
G1 X57.924 Y246.087
G1 X57.911 Y246.073
G1 X57.505 Y245.704
G1 X57.126 Y245.403
G1 X56.833 Y245.154
G1 X56.687 Y244.939
G1 X56.742 Y244.740
G1 X57.049 Y244.538
G1 X57.648 Y244.320
G1 X58.563 Y244.074
G1 X59.799 Y243.795
G1 X61.332 Y243.484
G1 X63.110 Y243.150
G1 X64.866 Y242.827
G1 X65.052 Y242.793
G1 X66.657 Y242.424
G1 X67.051 Y242.323
G1 X68.474 Y241.843
G1 X69.001 Y241.641
G1 X70.223 Y240.993
G1 X70.808 Y240.637
G1 X71.819 Y239.759
G1 X72.392 Y239.196
G1 X73.196 Y238.037
G1 X73.703 Y237.222
G1 X74.303 Y235.747
G1 X74.707 Y234.668
G1 X75.110 Y232.859
G1 X75.386 Y231.556
G1 X75.582 Y229.566
G1 X75.708 Y228.284
G1 X75.688 Y226.284
G1 X75.676 Y225.109
G1 X75.442 Y223.123
G1 X75.325 Y222.125
G1 X74.890 Y220.173
G1 X74.721 Y219.415
G1 X74.101 Y217.513
G1 X73.945 Y217.037
G1 X73.168 Y215.194
G1 X73.097 Y215.026
G1 X72.280 Y213.389
G1 X71.595 Y212.101
G1 X71.129 Y211.113
G1 X70.958 Y210.351
G1 X71.125 Y209.726
G1 X71.656 Y209.140
G1 X72.542 Y208.495
G1 X73.751 Y207.699
G1 X75.226 Y206.674
G1 X76.799 Y205.439
G1 X76.893 Y205.364
G1 X78.367 Y204.011
G1 X78.671 Y203.733
G1 X80.470 Y201.773
G1 X81.681 Y200.181
G1 X82.206 Y199.493
G1 X83.261 Y197.794
G1 X83.801 Y196.929
G1 X84.693 Y195.137
G1 X85.196 Y194.128
G1 X85.917 Y192.263
G1 X86.345 Y191.157
G1 X86.893 Y189.235
G1 X87.220 Y188.084
G1 X87.597 Y186.120
G1 X87.815 Y184.979
G1 X88.026 Y182.990
G1 X88.141 Y181.908
G1 X88.195 Y179.909
G1 X88.220 Y178.932
G1 X88.130 Y176.935
G1 X88.092 Y176.098
G1 X87.875 Y174.110
G1 X87.800 Y173.443
G1 X87.474 Y171.470
G1 X87.394 Y170.990
G1 X86.984 Y169.033
G1 X86.925 Y168.749
G1 X86.460 Y166.806
G1 X86.439 Y166.718
G1 X85.982 Y164.884
G1 X85.590 Y163.228
G1 X85.290 Y161.724
G1 X85.106 Y160.341
G1 X85.048 Y159.049
G1 X85.123 Y157.819
G1 X85.332 Y156.621
G1 X85.666 Y155.427
G1 X86.115 Y154.219
G1 X86.665 Y152.978
G1 X87.302 Y151.691
G1 X88.008 Y150.348
G1 X88.767 Y148.943
G1 X89.564 Y147.476
G1 X90.382 Y145.945
G1 X91.213 Y144.353
G1 X92.041 Y142.704
G1 X92.857 Y141.008
G1 X93.654 Y139.262
G1 X94.426 Y137.476
G1 X95.165 Y135.658
G1 X95.871 Y133.812
G1 X96.539 Y131.942
G1 X97.167 Y130.051
G1 X97.751 Y128.144
G1 X98.020 Y127.193
G1 X92.516 Y119.618
G1 X100.756 Y113.631
G1 X100.870 Y112.743
G1 X100.479 Y112.311
G1 X101.885 Y110.976
G1 X103.225 Y109.574
G1 X104.493 Y108.108
G1 X105.689 Y106.581
G1 X106.807 Y104.998
G1 X107.847 Y103.362
G1 X108.806 Y101.677
G1 X109.680 Y99.946
G1 X110.469 Y98.175
G1 X111.169 Y96.367
G1 X111.781 Y94.528
G1 X112.301 Y92.660
G1 X112.728 Y90.769
G1 X113.063 Y88.859
G1 X113.303 Y86.935
G1 X113.449 Y85.002
G1 X113.500 Y83.064
G1 X113.457 Y81.126
G1 X113.316 Y79.192
G1 X113.082 Y77.267
G1 X112.753 Y75.357
G1 X112.332 Y73.464
G1 X111.818 Y71.595
G1 X111.213 Y69.753
G1 X111.425 Y68.417
G1 X112.522 Y66.745
G1 X112.811 Y66.304
G1 X113.986 Y64.685
G1 X114.230 Y64.348
G1 X115.476 Y62.782
G1 X115.652 Y62.557
G1 X116.954 Y61.039
G1 X117.046 Y60.934
G1 X118.373 Y59.472
G1 X119.605 Y58.159
G1 X120.710 Y56.974
G1 X121.667 Y55.892
G1 X122.454 Y54.881
G1 X123.059 Y53.905
G1 X123.482 Y52.929
G1 X123.725 Y51.915
G1 X123.797 Y50.829
G1 X123.720 Y49.640
G1 X123.518 Y48.321
G1 X123.223 Y46.853
G1 X122.860 Y45.223
G1 X122.468 Y43.424
G1 X122.078 Y41.463
G1 X122.077 Y41.457
G1 X121.746 Y39.485
G1 X121.720 Y39.330
G1 X121.423 Y37.055
G1 X121.247 Y35.063
G1 X121.211 Y34.651
G1 X121.124 Y32.654
G1 X121.101 Y32.140
G1 X121.107 Y30.140
G1 X121.109 Y29.542
G1 X121.241 Y26.887
G1 X121.434 Y24.896
G1 X121.502 Y24.194
G1 X121.784 Y22.214
G1 X121.889 Y21.488
G1 X122.260 Y19.524
G1 X122.398 Y18.792
G1 X122.852 Y16.842
G1 X123.020 Y16.121
G1 X123.551 Y14.193
G1 X123.743 Y13.493
G1 X124.345 Y11.586
G1 X124.555 Y10.921
G1 X125.221 Y9.036
G1 X125.440 Y8.414
G1 X126.165 Y6.550
G1 X126.385 Y5.979
G1 X127.159 Y4.134
G1 X127.377 Y3.617
G1 X128.399 Y1.331
G1 X129.025 Y0.000
G1 X132.072 Y0.000
G1 X132.019 Y0.138
G1 X131.850 Y0.579
G1 X131.170 Y2.459
G1 X130.996 Y2.942
G1 X130.356 Y4.837
G1 X130.181 Y5.358
G1 X129.587 Y7.267
G1 X129.414 Y7.824
G1 X128.872 Y9.749
G1 X128.707 Y10.335
G1 X128.222 Y12.276
G1 X128.069 Y12.886
G1 X127.647 Y14.842
G1 X127.510 Y15.469
G1 X127.155 Y17.437
G1 X127.040 Y18.071
G1 X126.753 Y20.050
G1 X126.664 Y20.679
G1 X126.452 Y22.668
G1 X126.387 Y23.279
G1 X126.251 Y25.274
G1 X126.211 Y25.853
G1 X126.154 Y27.854
G1 X126.139 Y28.384
G1 X126.159 Y30.384
G1 X126.163 Y30.854
G1 X126.259 Y32.851
G1 X126.277 Y33.243
G1 X126.469 Y35.534
G1 X126.702 Y37.519
G1 X126.725 Y37.711
G1 X127.012 Y39.690
G1 X127.022 Y39.762
G1 X127.340 Y41.674
G1 X127.657 Y43.444
G1 X127.944 Y45.071
G1 X128.173 Y46.558
G1 X128.321 Y47.917
G1 X128.362 Y49.161
G1 X128.275 Y50.313
G1 X128.044 Y51.395
G1 X127.657 Y52.436
G1 X127.108 Y53.466
G1 X126.398 Y54.516
G1 X125.532 Y55.617
G1 X124.524 Y56.794
G1 X123.393 Y58.075
G1 X122.159 Y59.476
G1 X120.866 Y61.003
G1 X120.851 Y61.019
G1 X119.598 Y62.577
G1 X119.494 Y62.707
G1 X118.295 Y64.306
G1 X118.118 Y64.543
G1 X116.984 Y66.190
G1 X116.751 Y66.528
G1 X115.688 Y68.221
G1 X115.419 Y68.650
G1 X114.433 Y70.389
G1 X114.144 Y70.898
G1 X113.238 Y72.681
G1 X112.945 Y73.256
G1 X112.319 Y73.413
G1 X112.743 Y75.303
G1 X113.074 Y77.215
G1 X113.311 Y79.139
G1 X113.453 Y81.073
G1 X113.500 Y83.011
G1 X113.452 Y84.949
G1 X113.309 Y86.882
G1 X113.071 Y88.806
G1 X112.739 Y90.717
G1 X112.315 Y92.608
G1 X111.796 Y94.476
G1 X111.187 Y96.317
G1 X110.489 Y98.126
G1 X109.703 Y99.899
G1 X108.831 Y101.630
G1 X107.874 Y103.316
G1 X106.837 Y104.954
G1 X105.720 Y106.539
G1 X105.080 Y107.788
G1 X104.835 Y109.773
G1 X104.812 Y109.961
G1 X104.547 Y111.943
G1 X104.527 Y112.091
G1 X104.289 Y113.705
G1 X103.033 Y111.977
G1 X92.516 Y119.618
G1 X100.337 Y130.383
G1 X99.862 Y131.767
G1 X99.187 Y133.601
G1 X98.482 Y135.402
G1 X97.748 Y137.169
G1 X96.992 Y138.894
G1 X96.220 Y140.574
G1 X95.440 Y142.204
G1 X94.662 Y143.779
G1 X93.897 Y145.296
G1 X93.157 Y146.755
G1 X92.459 Y148.156
G1 X91.813 Y149.500
G1 X91.238 Y150.796
G1 X90.749 Y152.054
G1 X90.359 Y153.286
G1 X90.082 Y154.512
G1 X89.923 Y155.750
G1 X89.891 Y157.029
G1 X89.984 Y158.375
G1 X90.194 Y159.816
G1 X90.509 Y161.383
G1 X90.904 Y163.103
G1 X91.353 Y165.000
G1 X91.786 Y166.951
G1 X91.817 Y167.088
G1 X92.191 Y169.053
G1 X92.255 Y169.381
G1 X92.543 Y171.360
G1 X92.619 Y171.877
G1 X92.800 Y173.869
G1 X92.863 Y174.564
G1 X92.916 Y176.563
G1 X92.939 Y177.418
G1 X92.849 Y179.415
G1 X92.805 Y180.402
G1 X92.560 Y182.387
G1 X92.427 Y183.466
G1 X92.020 Y185.425
G1 X91.784 Y186.555
G1 X91.208 Y188.469
G1 X90.868 Y189.601
G1 X89.689 Y192.537
G1 X88.777 Y194.317
G1 X88.275 Y195.297
G1 X87.203 Y196.985
G1 X86.671 Y197.821
G1 X85.448 Y199.404
G1 X84.939 Y200.063
G1 X83.580 Y201.530
G1 X83.154 Y201.991
G1 X81.676 Y203.340
G1 X81.396 Y203.597
G1 X79.823 Y204.833
G1 X79.754 Y204.889
G1 X78.304 Y205.905
G1 X77.120 Y206.703
G1 X76.253 Y207.355
G1 X75.736 Y207.955
G1 X75.573 Y208.595
G1 X75.742 Y209.372
G1 X76.201 Y210.371
G1 X76.875 Y211.663
G1 X77.680 Y213.300
G1 X78.450 Y215.145
G1 X78.516 Y215.302
G1 X79.133 Y217.204
G1 X79.283 Y217.666
G1 X79.721 Y219.617
G1 X79.886 Y220.357
G1 X80.125 Y222.343
G1 X80.242 Y223.320
G1 X80.272 Y225.319
G1 X80.289 Y226.475
G1 X80.105 Y228.466
G1 X80.106 Y228.468
G1 X79.990 Y229.734
G1 X79.329 Y232.990
G1 X78.738 Y234.776
G1 X78.356 Y235.864
G1 X77.592 Y237.303
G1 X77.114 Y238.130
G1 X76.172 Y239.244
G1 X75.631 Y239.818
G1 X74.509 Y240.645
G1 X73.951 Y241.008
G1 X72.647 Y241.603
G1 X72.132 Y241.807
G1 X70.654 Y242.230
G1 X70.258 Y242.329
G1 X68.625 Y242.638
G1 X68.418 Y242.674
G1 X66.706 Y242.920
G1 X65.207 Y243.143
G1 X63.979 Y243.352
G1 X63.057 Y243.546
G1 X62.446 Y243.725
G1 X62.132 Y243.901
G1 X62.082 Y244.087
G1 X62.253 Y244.294
G1 X62.596 Y244.537
G1 X63.053 Y244.830
G1 X63.571 Y245.185
G1 X64.092 Y245.611
G1 X64.096 Y245.614
G1 X64.527 Y246.077
G1 X64.572 Y246.124
G1 X64.891 Y246.630
G1 X64.950 Y246.724
G1 X65.136 Y247.275
G1 X65.184 Y247.418
G1 X65.215 Y248.021
G1 X65.224 Y248.212
G1 X65.084 Y248.872
G1 X65.033 Y249.112
G1 X64.700 Y249.840
G1 X64.570 Y250.126
G1 X64.025 Y250.931
G1 X63.801 Y251.263
G1 X63.024 Y252.160
G1 X62.696 Y252.541
G1 X61.664 Y253.548
G1 X61.230 Y253.975
G1 X59.922 Y255.116
G1 X59.385 Y255.590
G1 X57.834 Y256.852
G1 X57.779 Y256.897
G1 X57.149 Y257.420
G1 X55.577 Y258.656
G1 X55.231 Y258.928
G1 X54.524 Y259.499
G1 X52.949 Y260.731
G1 X52.282 Y261.254
G1 X51.522 Y261.868
G1 X49.960 Y263.118
G1 X48.959 Y263.920
G1 X48.173 Y264.573
G1 X45.308 Y266.975
G1 X44.528 Y267.654
G1 X41.548 Y270.321
G1 X41.398 Y270.456
G1 X40.663 Y271.147
G1 X37.797 Y273.937
G1 X37.330 Y274.391
G1 X36.670 Y275.069
G1 X33.947 Y277.998
G1 X33.222 Y278.778
G1 X32.665 Y279.415
G1 X31.388 Y280.954
G1 X30.112 Y282.493
G1 X29.208 Y283.584
G1 X28.768 Y284.150
G1 X27.589 Y285.767
G1 X26.410 Y287.381
G1 X25.418 Y288.740
G1 X25.099 Y289.210
G1 X24.026 Y290.899
G1 X22.955 Y292.587
G1 X21.964 Y294.148
G1 X21.755 Y294.502
G1 X19.841 Y298.014
G1 X18.925 Y299.693
G1 X18.809 Y299.922
G1 X17.970 Y301.738
G1 X17.131 Y303.552
G1 X16.342 Y305.258
G1 X16.298 Y305.364
G1 X14.858 Y309.096
G1 X14.226 Y310.732
G1 X13.623 Y312.640
G1 X13.020 Y314.546
G1 X12.574 Y315.955
G1 X12.083 Y317.894
G1 X11.593 Y319.833
G1 X11.304 Y320.976
G1 X10.542 Y324.903
G1 X10.375 Y325.762
G1 X9.819 Y329.724
G1 X9.739 Y330.296
G1 X9.559 Y332.288
G1 X9.378 Y334.280
G1 X9.352 Y334.571
G1 X9.264 Y336.569
G1 X9.176 Y338.566
G1 X9.175 Y338.591
G1 X9.173 Y340.591
G1 X9.170 Y342.364
G1 X9.250 Y344.362
G1 X9.310 Y345.899
G1 X9.463 Y347.893
G1 X9.565 Y349.210
G1 X9.788 Y351.198
G1 X9.913 Y352.311
G1 X10.202 Y354.291
G1 X10.336 Y355.214
G1 X10.683 Y357.184
G1 X10.816 Y357.931
G1 X11.220 Y359.891
G1 X11.341 Y360.475
G1 X11.797 Y362.422
G1 X11.898 Y362.857
G1 X12.402 Y364.792
G1 X12.480 Y365.090
G1 X13.027 Y367.012
G1 X13.074 Y367.179
G1 X13.663 Y369.091
G1 X13.678 Y369.139
G1 X14.286 Y370.977
G1 X14.890 Y372.702
G1 X15.490 Y374.320
G1 X16.081 Y375.842
G1 X16.662 Y377.271
G1 X17.231 Y378.615
G1 X17.786 Y379.882
G1 X18.328 Y381.074
G1 X18.856 Y382.199
G1 X19.368 Y383.260
G1 X19.865 Y384.262
G1 X20.347 Y385.210
G1 X20.818 Y386.107
G1 X21.273 Y386.957
G1 X21.715 Y387.765
G1 X22.148 Y388.534
G1 X22.570 Y389.263
G1 X22.981 Y389.960
G1 X23.006 Y390.000
G1 X25.817 Y390.000
G1 X25.629 Y389.613
G1 X25.258 Y388.839
G1 X24.870 Y388.018
G1 X24.465 Y387.146
G1 X24.042 Y386.219
G1 X23.601 Y385.233
G1 X23.141 Y384.182
G1 X22.661 Y383.062
G1 X22.165 Y381.866
G1 X21.650 Y380.588
G1 X21.118 Y379.222
G1 X20.568 Y377.758
G1 X20.004 Y376.189
G1 X19.427 Y374.504
G1 X18.840 Y372.698
G1 X18.257 Y370.783
G1 X18.246 Y370.749
G1 X17.701 Y368.825
G1 X17.652 Y368.652
G1 X17.146 Y366.718
G1 X17.062 Y366.394
G1 X16.602 Y364.446
G1 X16.486 Y363.956
G1 X16.077 Y361.997
G1 X15.933 Y361.319
G1 X15.576 Y359.351
G1 X15.416 Y358.468
G1 X15.118 Y356.490
G1 X14.951 Y355.383
G1 X14.717 Y353.397
G1 X14.559 Y352.042
G1 X14.396 Y350.048
G1 X14.262 Y348.423
G1 X14.177 Y346.425
G1 X14.096 Y344.506
G1 X14.096 Y340.269
G1 X14.188 Y338.271
G1 X14.280 Y336.275
G1 X14.307 Y335.697
G1 X14.500 Y333.707
G1 X14.694 Y331.717
G1 X14.783 Y330.787
G1 X15.087 Y328.810
G1 X15.390 Y326.833
G1 X15.588 Y325.542
G1 X16.008 Y323.587
G1 X16.430 Y321.632
G1 X16.782 Y319.992
G1 X17.874 Y316.144
G1 X18.420 Y314.219
G1 X18.428 Y314.191
G1 X19.105 Y312.309
G1 X19.780 Y310.426
G1 X20.457 Y308.544
G1 X20.571 Y308.226
G1 X21.380 Y306.397
G1 X22.190 Y304.569
G1 X23.000 Y302.739
G1 X23.232 Y302.216
G1 X26.052 Y296.920
G1 X26.346 Y296.370
G1 X26.388 Y296.298
G1 X28.519 Y292.913
G1 X29.584 Y291.221
G1 X29.856 Y290.788
G1 X29.974 Y290.615
G1 X32.336 Y287.387
G1 X33.516 Y285.773
G1 X33.676 Y285.555
G1 X33.885 Y285.288
G1 X36.452 Y282.221
G1 X37.683 Y280.750
G1 X37.991 Y280.405
G1 X40.735 Y277.494
G1 X41.754 Y276.414
G1 X42.156 Y276.013
G1 X43.601 Y274.628
G1 X45.046 Y273.247
G1 X45.769 Y272.553
G1 X46.256 Y272.112
G1 X47.759 Y270.790
G1 X49.261 Y269.471
G1 X49.636 Y269.143
G1 X50.189 Y268.678
G1 X51.735 Y267.409
G1 X53.278 Y266.145
G1 X53.875 Y265.674
G1 X55.451 Y264.442
G1 X56.641 Y263.513
G1 X57.260 Y263.045
G1 X58.852 Y261.833
G1 X59.691 Y261.195
G1 X60.307 Y260.739
G1 X61.901 Y259.530
G1 X62.404 Y259.146
G1 X62.996 Y258.707
G1 X64.572 Y257.477
G1 X64.770 Y257.323
G1 X65.319 Y256.903
G1 X66.787 Y255.691
G1 X67.276 Y255.291
G1 X68.458 Y254.215
G1 X68.875 Y253.838
G1 X69.792 Y252.875
G1 X70.128 Y252.523
G1 X70.800 Y251.650
G1 X71.054 Y251.322
G1 X71.505 Y250.529
G1 X71.673 Y250.228
G1 X71.922 Y249.496
G1 X72.013 Y249.226
G1 X72.076 Y248.550
G1 X72.098 Y248.313
G1 X71.997 Y247.686
G1 X71.963 Y247.484
G1 X71.713 Y246.903
G1 X71.641 Y246.739
G1 X71.258 Y246.199
G1 X71.171 Y246.076
G1 X70.674 Y245.574
G1 X70.593 Y245.494
G1 X70.003 Y245.028
G1 X69.954 Y244.990
G1 X69.300 Y244.562
G1 X68.682 Y244.203
G1 X68.148 Y243.907
G1 X67.754 Y243.663
G1 X67.548 Y243.462
G1 X67.575 Y243.291
G1 X67.873 Y243.140
G1 X68.467 Y243.001
G1 X69.362 Y242.862
G1 X70.546 Y242.719
G1 X71.977 Y242.527
G1 X73.599 Y242.243
G1 X75.125 Y241.868
G1 X75.332 Y241.810
G1 X76.720 Y241.294
G1 X77.095 Y241.136
G1 X78.327 Y240.428
G1 X78.810 Y240.115
G1 X79.879 Y239.162
G1 X80.411 Y238.634
G1 X81.318 Y237.386
G1 X81.848 Y236.595
G1 X82.597 Y235.019
G1 X83.082 Y233.938
G1 X83.672 Y232.044
G1 X84.060 Y230.784
G1 X84.446 Y228.823
G1 X84.700 Y227.529
G1 X84.985 Y224.283
G1 X84.950 Y222.284
G1 X84.929 Y221.142
G1 X84.687 Y219.157
G1 X84.570 Y218.195
G1 X84.133 Y216.243
G1 X83.970 Y215.517
G1 X83.356 Y213.613
G1 X83.356 Y213.612
G1 X83.211 Y213.163
G1 X82.447 Y211.315
G1 X82.385 Y211.164
G1 X81.593 Y209.528
G1 X80.926 Y208.229
G1 X80.474 Y207.216
G1 X80.302 Y206.425
G1 X80.456 Y205.772
G1 X80.959 Y205.159
G1 X81.804 Y204.498
G1 X82.964 Y203.700
G1 X84.386 Y202.692
G1 X85.957 Y201.455
G1 X86.004 Y201.415
G1 X87.484 Y200.071
G1 X87.740 Y199.838
G1 X89.106 Y198.377
G1 X89.511 Y197.943
G1 X90.746 Y196.370
G1 X91.240 Y195.741
G1 X92.328 Y194.063
G1 X92.849 Y193.258
G1 X94.281 Y190.540
G1 X95.051 Y188.694
G1 X95.490 Y187.641
G1 X96.096 Y185.735
G1 X96.446 Y184.625
G1 X97.138 Y181.559
G1 X97.418 Y179.579
G1 X97.569 Y178.504
G1 X97.698 Y176.508
G1 X97.763 Y175.517
G1 X97.749 Y173.517
G1 X97.743 Y172.646
G1 X97.605 Y170.651
G1 X97.554 Y169.929
G1 X97.308 Y167.944
G1 X97.238 Y167.391
G1 X96.903 Y165.418
G1 X96.839 Y165.046
G1 X96.444 Y163.086
G1 X96.405 Y162.895
G1 X95.976 Y160.941
G1 X95.974 Y160.933
G1 X95.583 Y159.143
G1 X95.261 Y157.504
G1 X95.030 Y155.993
G1 X94.906 Y154.582
G1 X94.896 Y153.240
G1 X95.002 Y151.946
G1 X95.222 Y150.673
G1 X95.548 Y149.402
G1 X95.969 Y148.113
G1 X96.472 Y146.795
G1 X97.045 Y145.436
G1 X97.673 Y144.028
G1 X98.341 Y142.568
G1 X99.040 Y141.054
G1 X99.753 Y139.487
G1 X100.472 Y137.868
G1 X101.186 Y136.200
G1 X101.889 Y134.487
G1 X102.389 Y133.206
G1 X92.516 Y119.618
G1 X103.033 Y111.977
G1 X106.985 Y117.416
G1 X107.354 Y115.550
G1 X107.368 Y115.474
G1 X107.724 Y113.506
G1 X107.743 Y113.402
G1 X108.073 Y111.430
G1 X108.095 Y111.293
G1 X108.404 Y109.317
G1 X108.431 Y109.144
G1 X108.724 Y107.165
G1 X108.756 Y106.951
G1 X109.040 Y104.972
G1 X109.079 Y104.713
G1 X109.363 Y102.733
G1 X108.493 Y102.248
G1 X109.396 Y100.532
G1 X110.214 Y98.775
G1 X110.944 Y96.978
G1 X111.585 Y95.149
G1 X112.136 Y93.290
G1 X112.595 Y91.406
G1 X112.961 Y89.502
G1 X113.233 Y87.583
G1 X113.411 Y85.652
G1 X113.494 Y83.716
G1 X113.481 Y81.776
G1 X114.347 Y80.181
G1 X115.048 Y78.308
G1 X115.281 Y77.687
G1 X116.304 Y75.242
G1 X117.148 Y73.429
G1 X117.413 Y72.864
G1 X118.329 Y71.087
G1 X118.595 Y70.571
G1 X119.583 Y68.832
G1 X119.841 Y68.378
G1 X120.896 Y66.679
G1 X121.132 Y66.299
G1 X122.250 Y64.641
G1 X122.450 Y64.344
G1 X123.623 Y62.724
G1 X123.773 Y62.519
G1 X124.991 Y60.934
G1 X125.074 Y60.825
G1 X126.329 Y59.270
G1 X126.334 Y59.261
G1 X127.528 Y57.818
G1 X128.634 Y56.484
G1 X129.633 Y55.241
G1 X130.511 Y54.073
G1 X131.255 Y52.953
G1 X131.861 Y51.859
G1 X132.323 Y50.767
G1 X132.649 Y49.646
G1 X132.844 Y48.478
G1 X132.921 Y47.242
G1 X132.895 Y45.918
G1 X132.785 Y44.494
G1 X132.611 Y42.957
G1 X132.393 Y41.303
G1 X132.153 Y39.527
G1 X131.910 Y37.636
G1 X131.686 Y35.647
G1 X131.684 Y35.627
G1 X131.502 Y33.634
G1 X131.491 Y33.514
G1 X131.360 Y31.517
G1 X131.346 Y31.305
G1 X131.272 Y29.306
G1 X131.261 Y29.014
G1 X131.247 Y27.014
G1 X131.245 Y26.653
G1 X131.293 Y24.654
G1 X131.304 Y24.237
G1 X131.413 Y22.239
G1 X131.439 Y21.778
G1 X131.612 Y19.786
G1 X131.655 Y19.290
G1 X131.888 Y17.304
G1 X131.949 Y16.787
G1 X132.240 Y14.809
G1 X132.318 Y14.280
G1 X132.665 Y12.310
G1 X132.758 Y11.778
G1 X133.157 Y9.818
G1 X133.264 Y9.293
G1 X133.710 Y7.341
G1 X133.828 Y6.825
G1 X134.319 Y4.886
G1 X134.445 Y4.387
G1 X134.975 Y2.459
G1 X135.107 Y1.980
G1 X135.672 Y0.062
G1 X135.691 Y0.000
G1 X139.819 Y0.000
G1 X139.524 Y1.230
G1 X139.431 Y1.628
G1 X138.995 Y3.580
G1 X138.904 Y3.991
G1 X138.505 Y5.951
G1 X138.417 Y6.372
G1 X138.054 Y8.339
G1 X137.975 Y8.766
G1 X137.652 Y10.740
G1 X137.581 Y11.169
G1 X137.300 Y13.149
G1 X137.241 Y13.575
G1 X136.955 Y15.976
G1 X136.766 Y17.967
G1 X136.728 Y18.365
G1 X136.587 Y20.360
G1 X136.561 Y20.733
G1 X136.469 Y22.730
G1 X136.470 Y22.732
G1 X136.455 Y23.071
G1 X136.411 Y25.070
G1 X136.405 Y25.369
G1 X136.410 Y27.368
G1 X136.411 Y27.615
G1 X136.462 Y29.614
G1 X136.467 Y29.801
G1 X136.560 Y31.798
G1 X136.566 Y31.917
G1 X136.696 Y33.912
G1 X136.698 Y33.954
G1 X136.853 Y35.903
G1 X137.021 Y37.759
G1 X137.181 Y39.518
G1 X137.322 Y41.178
G1 X137.428 Y42.740
G1 X137.482 Y44.207
G1 X137.467 Y45.589
G1 X137.369 Y46.895
G1 X137.174 Y48.138
G1 X136.874 Y49.332
G1 X136.458 Y50.498
G1 X135.923 Y51.652
G1 X135.265 Y52.815
G1 X134.489 Y54.008
G1 X133.601 Y55.251
G1 X132.610 Y56.562
G1 X131.531 Y57.951
G1 X130.377 Y59.439
G1 X129.168 Y61.032
G1 X127.987 Y62.646
G1 X127.921 Y62.737
G1 X126.780 Y64.380
G1 X126.658 Y64.555
G1 X125.563 Y66.229
G1 X125.395 Y66.487
G1 X124.354 Y68.194
G1 X124.152 Y68.526
G1 X123.169 Y70.267
G1 X122.945 Y70.665
G1 X122.023 Y72.440
G1 X121.788 Y72.894
G1 X120.930 Y74.701
G1 X120.692 Y75.200
G1 X119.897 Y77.037
G1 X119.666 Y77.569
G1 X118.933 Y79.430
G1 X118.715 Y79.987
G1 X118.043 Y81.869
G1 X117.841 Y82.438
G1 X117.228 Y84.340
G1 X117.045 Y84.910
G1 X116.486 Y86.827
G1 X116.324 Y87.384
G1 X115.813 Y89.319
G1 X115.671 Y89.853
G1 X115.204 Y91.798
G1 X115.082 Y92.309
G1 X114.652 Y94.262
G1 X114.548 Y94.740
G1 X114.147 Y96.698
G1 X114.059 Y97.136
G1 X113.683 Y99.100
G1 X113.607 Y99.497
G1 X113.248 Y101.464
G1 X113.183 Y101.818
G1 X112.834 Y103.787
G1 X112.778 Y104.097
G1 X112.429 Y106.066
G1 X112.382 Y106.333
G1 X112.030 Y108.302
G1 X111.989 Y108.527
G1 X111.626 Y110.494
G1 X111.592 Y110.679
G1 X111.213 Y112.642
G1 X111.183 Y112.792
G1 X110.782 Y114.751
G1 X110.759 Y114.866
G1 X110.332 Y116.819
G1 X110.314 Y116.902
G1 X109.859 Y118.849
G1 X109.847 Y118.902
G1 X109.389 Y120.724
G1 X103.033 Y111.977
G1 X92.516 Y119.618
G1 X104.325 Y135.871
G1 X103.935 Y136.840
G1 X103.303 Y138.393
G1 X102.695 Y139.898
G1 X102.122 Y141.355
G1 X101.595 Y142.769
G1 X101.127 Y144.146
G1 X100.732 Y145.494
G1 X100.418 Y146.825
G1 X100.199 Y148.155
G1 X100.080 Y149.501
G1 X100.065 Y150.885
G1 X100.158 Y152.331
G1 X100.346 Y153.862
G1 X100.623 Y155.504
G1 X100.969 Y157.282
G1 X101.359 Y159.216
G1 X101.736 Y161.181
G1 X101.763 Y161.323
G1 X102.092 Y163.296
G1 X102.144 Y163.613
G1 X102.399 Y165.596
G1 X102.461 Y166.086
G1 X102.672 Y168.735
G1 X102.716 Y170.734
G1 X102.733 Y171.539
G1 X102.647 Y173.537
G1 X102.606 Y174.470
G1 X102.377 Y176.457
G1 X102.258 Y177.484
G1 X101.877 Y179.448
G1 X101.667 Y180.531
G1 X101.128 Y182.459
G1 X100.821 Y183.556
G1 X100.120 Y185.429
G1 X99.723 Y186.493
G1 X98.862 Y188.299
G1 X98.395 Y189.282
G1 X97.379 Y191.005
G1 X96.871 Y191.866
G1 X95.707 Y193.492
G1 X95.205 Y194.195
G1 X93.905 Y195.715
G1 X93.460 Y196.235
G1 X92.040 Y197.643
G1 X91.712 Y197.968
G1 X90.191 Y199.265
G1 X90.039 Y199.396
G1 X88.518 Y200.542
G1 X87.226 Y201.450
G1 X86.214 Y202.185
G1 X85.528 Y202.823
G1 X85.184 Y203.454
G1 X85.174 Y204.171
G1 X85.470 Y205.056
G1 X86.016 Y206.189
G1 X86.738 Y207.634
G1 X87.548 Y209.420
G1 X88.247 Y211.294
G1 X88.348 Y211.565
G1 X88.890 Y213.490
G1 X88.889 Y213.491
G1 X89.048 Y214.052
G1 X89.405 Y216.020
G1 X89.554 Y216.840
G1 X89.714 Y218.833
G1 X89.713 Y218.834
G1 X89.796 Y219.867
G1 X89.749 Y221.866
G1 X89.721 Y223.053
G1 X89.466 Y225.037
G1 X89.300 Y226.310
G1 X88.836 Y228.254
G1 X88.530 Y229.535
G1 X87.865 Y231.421
G1 X87.433 Y232.646
G1 X86.580 Y234.443
G1 X86.071 Y235.479
G1 X85.083 Y236.954
G1 X84.551 Y237.699
G1 X83.435 Y238.854
G1 X82.925 Y239.338
G1 X81.679 Y240.212
G1 X81.240 Y240.493
G1 X79.867 Y241.142
G1 X79.556 Y241.274
G1 X78.069 Y241.753
G1 X77.941 Y241.790
G1 X76.468 Y242.132
G1 X75.200 Y242.370
G1 X74.189 Y242.547
G1 X73.462 Y242.698
G1 X73.031 Y242.838
G1 X72.886 Y242.981
G1 X73.001 Y243.156
G1 X73.341 Y243.377
G1 X73.858 Y243.652
G1 X74.512 Y243.988
G1 X75.249 Y244.391
G1 X76.005 Y244.855
G1 X76.024 Y244.866
G1 X76.707 Y245.356
G1 X76.787 Y245.414
G1 X77.381 Y245.932
G1 X77.499 Y246.034
G1 X77.986 Y246.581
G1 X78.117 Y246.727
G1 X78.487 Y247.304
G1 X78.604 Y247.488
G1 X78.845 Y248.097
G1 X78.931 Y248.317
G1 X79.026 Y248.959
G1 X79.065 Y249.209
G1 X79.005 Y249.889
G1 X78.980 Y250.165
G1 X78.751 Y250.887
G1 X78.656 Y251.187
G1 X78.241 Y251.957
G1 X78.071 Y252.275
G1 X77.456 Y253.105
G1 X77.209 Y253.439
G1 X76.379 Y254.340
G1 X76.058 Y254.687
G1 X74.991 Y255.676
G1 X74.606 Y256.036
G1 X73.284 Y257.134
G1 X72.844 Y257.504
G1 X71.261 Y258.729
G1 X71.247 Y258.740
G1 X70.764 Y259.118
G1 X69.159 Y260.312
G1 X68.874 Y260.525
G1 X68.365 Y260.910
G1 X66.753 Y262.095
G1 X66.163 Y262.530
G1 X65.645 Y262.918
G1 X64.040 Y264.113
G1 X63.114 Y264.803
G1 X62.607 Y265.190
G1 X61.023 Y266.410
G1 X59.738 Y267.400
G1 X59.261 Y267.779
G1 X56.157 Y270.302
G1 X56.053 Y270.387
G1 X55.624 Y270.748
G1 X52.610 Y273.379
G1 X52.092 Y273.831
G1 X51.728 Y274.163
G1 X50.282 Y275.543
G1 X48.835 Y276.926
G1 X47.913 Y277.806
G1 X47.627 Y278.094
G1 X43.606 Y282.373
G1 X43.404 Y282.600
G1 X40.854 Y285.683
G1 X39.294 Y287.566
G1 X39.178 Y287.715
G1 X38.016 Y289.342
G1 X36.854 Y290.970
G1 X35.140 Y293.368
G1 X35.101 Y293.427
G1 X34.069 Y295.139
G1 X33.036 Y296.852
G1 X31.347 Y299.654
G1 X29.566 Y303.237
G1 X28.678 Y305.027
G1 X28.075 Y306.242
G1 X27.334 Y308.100
G1 X26.595 Y309.959
G1 X25.855 Y311.816
G1 X25.391 Y312.984
G1 X24.801 Y314.893
G1 X23.623 Y318.716
G1 X23.333 Y319.655
G1 X21.997 Y325.504
G1 X21.866 Y326.076
G1 X21.555 Y328.051
G1 X21.242 Y330.027
G1 X20.931 Y332.004
G1 X20.912 Y332.119
G1 X20.530 Y336.101
G1 X20.375 Y337.717
G1 X20.292 Y339.715
G1 X20.209 Y341.715
G1 X20.162 Y342.850
G1 X20.187 Y346.850
G1 X20.193 Y347.530
G1 X20.291 Y349.527
G1 X20.390 Y351.525
G1 X20.402 Y351.784
G1 X20.575 Y353.776
G1 X20.739 Y355.647
G1 X20.979 Y357.632
G1 X21.165 Y359.157
G1 X21.466 Y361.135
G1 X21.651 Y362.350
G1 X22.006 Y364.318
G1 X22.176 Y365.260
G1 X22.580 Y367.219
G1 X22.723 Y367.916
G1 X23.169 Y369.866
G1 X23.280 Y370.347
G1 X23.766 Y372.286
G1 X23.838 Y372.576
G1 X24.359 Y374.507
G1 X24.391 Y374.625
G1 X24.934 Y376.511
G1 X25.463 Y378.253
G1 X25.974 Y379.860
G1 X26.471 Y381.351
G1 X26.946 Y382.732
G1 X27.401 Y384.016
G1 X27.837 Y385.211
G1 X28.252 Y386.324
G1 X28.647 Y387.363
G1 X29.021 Y388.334
G1 X29.377 Y389.242
G1 X29.676 Y390.000
G1 X34.597 Y390.000
G1 X34.319 Y389.074
G1 X34.007 Y388.021
G1 X33.676 Y386.887
G1 X33.327 Y385.664
G1 X32.960 Y384.342
G1 X32.575 Y382.911
G1 X32.172 Y381.358
G1 X31.754 Y379.668
G1 X31.320 Y377.824
G1 X30.886 Y375.872
G1 X30.873 Y375.808
G1 X30.470 Y373.848
G1 X30.417 Y373.593
G1 X30.047 Y371.628
G1 X29.956 Y371.155
G1 X29.620 Y369.184
G1 X29.497 Y368.460
G1 X29.203 Y366.482
G1 X29.054 Y365.472
G1 X28.804 Y363.487
G1 X28.635 Y362.143
G1 X28.438 Y360.153
G1 X28.267 Y358.425
G1 X28.130 Y356.429
G1 X27.992 Y354.435
G1 X27.979 Y354.255
G1 X27.843 Y350.257
G1 X27.819 Y349.569
G1 X27.832 Y347.567
G1 X27.845 Y345.567
G1 X27.854 Y344.294
G1 X27.963 Y342.297
G1 X28.073 Y340.300
G1 X28.178 Y338.380
G1 X28.402 Y336.393
G1 X28.852 Y332.418
G1 X28.922 Y331.803
G1 X29.643 Y327.868
G1 X30.239 Y324.618
G1 X30.756 Y322.686
G1 X31.275 Y320.754
G1 X31.792 Y318.822
G1 X32.278 Y317.009
G1 X35.030 Y309.497
G1 X35.103 Y309.298
G1 X35.963 Y307.492
G1 X36.822 Y305.686
G1 X38.541 Y302.074
G1 X38.633 Y301.881
G1 X41.684 Y296.715
G1 X42.644 Y295.090
G1 X43.796 Y293.454
G1 X46.869 Y289.096
G1 X49.394 Y285.994
G1 X50.657 Y284.442
G1 X51.083 Y283.917
G1 X55.137 Y279.492
G1 X55.146 Y279.483
G1 X58.923 Y275.744
G1 X58.981 Y275.688
G1 X60.458 Y274.339
G1 X61.935 Y272.992
G1 X62.439 Y272.532
G1 X62.555 Y272.429
G1 X64.077 Y271.131
G1 X65.597 Y269.832
G1 X65.689 Y269.754
G1 X65.861 Y269.612
G1 X68.676 Y267.330
G1 X68.897 Y267.156
G1 X70.475 Y265.927
G1 X71.411 Y265.199
G1 X71.672 Y264.998
G1 X73.262 Y263.786
G1 X73.894 Y263.304
G1 X74.190 Y263.083
G1 X75.783 Y261.874
G1 X76.139 Y261.604
G1 X76.456 Y261.366
G1 X78.039 Y260.145
G1 X78.145 Y260.063
G1 X78.473 Y259.811
G1 X79.916 Y258.646
G1 X80.241 Y258.385
G1 X81.451 Y257.335
G1 X81.761 Y257.067
G1 X82.753 Y256.108
G1 X83.036 Y255.834
G1 X83.818 Y254.948
G1 X84.065 Y254.669
G1 X84.652 Y253.842
G1 X84.852 Y253.562
G1 X85.256 Y252.783
G1 X85.401 Y252.503
G1 X85.633 Y251.763
G1 X85.721 Y251.487
G1 X85.793 Y250.781
G1 X85.819 Y250.511
G1 X85.741 Y249.834
G1 X85.711 Y249.577
G1 X85.493 Y248.925
G1 X85.412 Y248.685
G1 X85.065 Y248.060
G1 X84.942 Y247.841
G1 X84.476 Y247.241
G1 X84.327 Y247.050
G1 X83.751 Y246.474
G1 X83.594 Y246.315
G1 X82.921 Y245.765
G1 X82.775 Y245.645
G1 X82.017 Y245.119
G1 X81.906 Y245.042
G1 X81.079 Y244.541
G1 X81.028 Y244.510
G1 X80.182 Y244.050
G1 X79.414 Y243.662
G1 X78.771 Y243.342
G1 X78.304 Y243.040
G1 X78.054 Y242.751
G1 X78.054 Y242.485
G1 X78.331 Y242.239
G1 X78.898 Y241.998
G1 X79.753 Y241.734
G1 X80.873 Y241.406
G1 X82.220 Y240.957
G1 X83.695 Y240.332
G1 X83.741 Y240.311
G1 X85.131 Y239.521
G1 X85.375 Y239.374
G1 X86.665 Y238.366
G1 X87.064 Y238.032
G1 X88.246 Y236.758
G1 X88.752 Y236.177
G1 X89.822 Y234.596
G1 X90.386 Y233.729
G1 X91.309 Y231.954
G1 X91.854 Y230.906
G1 X92.593 Y229.047
G1 X93.062 Y227.863
G1 X93.603 Y225.938
G1 X93.959 Y224.671
G1 X94.514 Y221.420
G1 X94.641 Y219.424
G1 X94.720 Y218.200
G1 X94.641 Y216.202
G1 X94.598 Y215.105
G1 X94.318 Y213.125
G1 X94.190 Y212.219
G1 X93.722 Y210.275
G1 X93.562 Y209.610
G1 X92.926 Y207.714
G1 X92.797 Y207.328
G1 X92.023 Y205.484
G1 X91.986 Y205.396
G1 X91.224 Y203.813
G1 X90.603 Y202.553
G1 X90.199 Y201.564
G1 X90.076 Y200.777
G1 X90.276 Y200.110
G1 X90.812 Y199.475
G1 X91.675 Y198.782
G1 X92.837 Y197.953
G1 X94.248 Y196.917
G1 X95.801 Y195.656
G1 X95.843 Y195.622
G1 X97.310 Y194.262
G1 X97.310 Y194.261
G1 X97.548 Y194.038
G1 X98.906 Y192.569
G1 X99.289 Y192.154
G1 X100.987 Y189.977
G1 X102.079 Y188.302
G1 X102.578 Y187.534
G1 X103.521 Y185.770
G1 X104.005 Y184.865
G1 X105.225 Y182.023
G1 X105.859 Y180.126
G1 X106.213 Y179.065
G1 X106.691 Y177.123
G1 X106.956 Y176.048
G1 X107.285 Y174.077
G1 X107.458 Y173.034
G1 X107.644 Y171.043
G1 X107.735 Y170.071
G1 X107.790 Y168.072
G1 X107.814 Y167.203
G1 X107.752 Y165.204
G1 X107.727 Y164.466
G1 X107.563 Y162.473
G1 X107.515 Y161.882
G1 X107.268 Y159.897
G1 X107.214 Y159.466
G1 X106.908 Y157.491
G1 X106.866 Y157.221
G1 X106.525 Y155.250
G1 X106.507 Y155.142
G1 X106.165 Y153.219
G1 X105.871 Y151.433
G1 X105.642 Y149.765
G1 X105.493 Y148.194
G1 X105.434 Y146.697
G1 X105.466 Y145.249
G1 X105.591 Y143.832
G1 X105.802 Y142.429
G1 X106.093 Y141.022
G1 X106.455 Y139.599
G1 X106.621 Y139.031
G1 X92.516 Y119.618
G1 X103.033 Y111.977
G1 X111.640 Y123.823
G1 X111.811 Y123.261
G1 X112.353 Y121.391
G1 X112.878 Y119.479
G1 X113.384 Y117.544
G1 X113.389 Y117.527
G1 X113.871 Y115.586
G1 X113.884 Y115.535
G1 X114.344 Y113.589
G1 X114.366 Y113.504
G1 X114.808 Y111.554
G1 X114.837 Y111.434
G1 X115.266 Y109.481
G1 X115.267 Y109.480
G1 X115.301 Y109.323
G1 X115.722 Y107.370
G1 X115.763 Y107.173
G1 X116.179 Y105.217
G1 X116.229 Y104.984
G1 X116.646 Y103.028
G1 X116.703 Y102.756
G1 X117.127 Y100.801
G1 X117.194 Y100.491
G1 X117.630 Y98.540
G1 X117.708 Y98.193
G1 X118.251 Y95.860
G1 X118.730 Y93.919
G1 X118.833 Y93.501
G1 X119.342 Y91.568
G1 X119.459 Y91.123
G1 X120.004 Y89.199
G1 X120.138 Y88.729
G1 X120.722 Y86.817
G1 X120.723 Y86.816
G1 X120.870 Y86.330
G1 X121.500 Y84.432
G1 X121.665 Y83.935
G1 X122.343 Y82.053
G1 X122.522 Y81.555
G1 X123.252 Y79.693
G1 X123.444 Y79.201
G1 X124.225 Y77.360
G1 X124.428 Y76.885
G1 X125.264 Y75.068
G1 X125.472 Y74.619
G1 X126.362 Y72.828
G1 X126.567 Y72.415
G1 X127.510 Y70.654
G1 X127.708 Y70.283
G1 X128.702 Y68.548
G1 X128.882 Y68.233
G1 X129.923 Y66.526
G1 X129.924 Y66.525
G1 X130.078 Y66.271
G1 X131.163 Y64.591
G1 X131.284 Y64.403
G1 X132.404 Y62.746
G1 X132.482 Y62.631
G1 X133.631 Y60.994
G1 X133.656 Y60.956
G1 X134.796 Y59.374
G1 X135.881 Y57.880
G1 X136.899 Y56.464
G1 X137.840 Y55.116
G1 X138.693 Y53.824
G1 X139.448 Y52.571
G1 X140.106 Y51.344
G1 X140.660 Y50.126
G1 X141.113 Y48.901
G1 X141.468 Y47.655
G1 X141.731 Y46.371
G1 X141.911 Y45.041
G1 X142.017 Y43.651
G1 X142.061 Y42.194
G1 X142.054 Y40.665
G1 X142.008 Y39.056
G1 X141.938 Y37.368
G1 X141.852 Y35.601
G1 X141.767 Y33.756
G1 X141.688 Y31.837
G1 X141.627 Y29.849
G1 X141.591 Y27.849
G1 X141.590 Y27.798
G1 X141.587 Y25.799
G1 X141.587 Y25.798
G1 X141.586 Y25.691
G1 X141.615 Y23.691
G1 X141.617 Y23.535
G1 X141.683 Y21.536
G1 X141.690 Y21.337
G1 X141.792 Y19.340
G1 X141.805 Y19.104
G1 X141.945 Y17.110
G1 X141.963 Y16.846
G1 X142.141 Y14.854
G1 X142.167 Y14.567
G1 X142.381 Y12.578
G1 X142.413 Y12.273
G1 X142.663 Y10.289
G1 X142.702 Y9.972
G1 X142.985 Y7.994
G1 X142.984 Y7.992
G1 X143.031 Y7.668
G1 X143.346 Y5.693
G1 X143.398 Y5.365
G1 X143.743 Y3.395
G1 X143.799 Y3.067
G1 X144.169 Y1.102
G1 X144.185 Y1.019
G1 X146.077 Y1.666
G1 X146.407 Y1.780
G1 X148.325 Y2.346
G1 X148.730 Y2.465
G1 X148.897 Y2.510
G1 X148.587 Y4.487
G1 X148.551 Y4.719
G1 X148.265 Y6.698
G1 X148.232 Y6.925
G1 X147.971 Y8.909
G1 X147.942 Y9.131
G1 X147.706 Y11.117
G1 X147.681 Y11.330
G1 X147.473 Y13.319
G1 X147.452 Y13.518
G1 X147.271 Y15.510
G1 X147.254 Y15.693
G1 X147.100 Y17.687
G1 X147.088 Y17.849
G1 X146.963 Y19.845
G1 X146.955 Y19.982
G1 X146.857 Y21.979
G1 X146.852 Y22.085
G1 X146.780 Y24.084
G1 X146.777 Y24.156
G1 X146.729 Y26.154
G1 X146.728 Y26.155
G1 X146.728 Y26.186
G1 X146.702 Y28.170
G1 X146.692 Y30.108
G1 X146.696 Y31.990
G1 X146.705 Y33.816
G1 X146.711 Y35.579
G1 X146.708 Y37.280
G1 X146.685 Y38.919
G1 X146.634 Y40.494
G1 X146.546 Y42.009
G1 X146.411 Y43.468
G1 X146.218 Y44.875
G1 X145.964 Y46.238
G1 X145.638 Y47.565
G1 X145.233 Y48.866
G1 X144.748 Y50.152
G1 X144.177 Y51.434
G1 X143.522 Y52.726
G1 X142.784 Y54.039
G1 X141.965 Y55.384
G1 X141.073 Y56.774
G1 X140.113 Y58.219
G1 X138.994 Y59.876
G1 X138.029 Y61.307
G1 X136.927 Y62.963
G1 X135.838 Y64.639
G1 X135.801 Y64.697
G1 X134.739 Y66.391
G1 X134.663 Y66.511
G1 X133.632 Y68.224
G1 X133.524 Y68.407
G1 X132.531 Y70.142
G1 X132.397 Y70.374
G1 X131.443 Y72.132
G1 X131.290 Y72.415
G1 X130.380 Y74.196
G1 X130.215 Y74.520
G1 X129.349 Y76.324
G1 X129.177 Y76.681
G1 X128.356 Y78.505
G1 X128.182 Y78.891
G1 X127.407 Y80.735
G1 X127.237 Y81.140
G1 X126.504 Y83.001
G1 X126.340 Y83.417
G1 X125.650 Y85.294
G1 X125.495 Y85.715
G1 X124.701 Y88.023
G1 X124.086 Y89.926
G1 X123.955 Y90.332
G1 X123.372 Y92.245
G1 X123.253 Y92.638
G1 X122.699 Y94.559
G1 X122.699 Y94.560
G1 X122.593 Y94.930
G1 X122.063 Y96.858
G1 X121.968 Y97.203
G1 X121.458 Y99.137
G1 X121.375 Y99.453
G1 X120.878 Y101.390
G1 X120.805 Y101.675
G1 X120.321 Y103.615
G1 X120.258 Y103.865
G1 X119.778 Y105.806
G1 X119.725 Y106.022
G1 X119.246 Y107.964
G1 X119.202 Y108.141
G1 X118.720 Y110.082
G1 X118.685 Y110.227
G1 X118.197 Y112.165
G1 X118.171 Y112.270
G1 X117.674 Y114.207
G1 X117.656 Y114.275
G1 X117.148 Y116.208
G1 X117.147 Y116.209
G1 X117.140 Y116.239
G1 X116.621 Y118.161
G1 X116.100 Y120.042
G1 X115.579 Y121.880
G1 X115.056 Y123.675
G1 X114.540 Y125.427
G1 X114.036 Y127.121
G1 X129.484 Y148.382
G1 X118.967 Y156.023
G1 X111.197 Y145.330
G1 X111.246 Y145.923
G1 X111.450 Y147.674
G1 X111.708 Y149.536
G1 X111.999 Y151.515
G1 X112.001 Y151.525
G1 X112.283 Y153.505
G1 X112.305 Y153.655
G1 X112.556 Y155.639
G1 X112.594 Y155.937
G1 X112.788 Y157.927
G1 X112.832 Y158.372
G1 X112.952 Y160.369
G1 X112.987 Y160.960
G1 X113.012 Y162.959
G1 X113.022 Y163.689
G1 X112.936 Y165.687
G1 X113.315 Y165.923
G1 X111.944 Y168.249
G1 X111.014 Y170.020
G1 X110.690 Y170.639
G1 X109.848 Y172.453
G1 X109.553 Y173.088
G1 X108.802 Y174.942
G1 X108.540 Y175.589
G1 X107.880 Y177.477
G1 X107.649 Y178.137
G1 X107.082 Y180.056
G1 X106.885 Y180.727
G1 X106.413 Y182.671
G1 X106.248 Y183.350
G1 X105.872 Y185.314
G1 X105.741 Y186.002
G1 X104.507 Y188.485
G1 X103.170 Y189.972
G1 X102.788 Y190.395
G1 X101.342 Y191.779
G1 X101.093 Y192.015
G1 X99.558 Y193.297
G1 X99.496 Y193.350
G1 X98.068 Y194.427
G1 X96.875 Y195.295
G1 X95.967 Y196.015
G1 X95.377 Y196.665
G1 X95.121 Y197.330
G1 X95.185 Y198.099
G1 X95.534 Y199.051
G1 X96.113 Y200.260
G1 X96.848 Y201.778
G1 X97.639 Y203.615
G1 X97.651 Y203.639
G1 X98.314 Y205.526
G1 X98.428 Y205.850
G1 X98.931 Y207.786
G1 X99.088 Y208.393
G1 X99.407 Y210.366
G1 X99.546 Y211.223
G1 X99.668 Y213.219
G1 X99.734 Y214.278
G1 X99.650 Y216.276
G1 X99.599 Y217.476
G1 X99.307 Y219.454
G1 X99.307 Y219.455
G1 X99.119 Y220.728
G1 X98.295 Y223.940
G1 X97.149 Y227.023
G1 X96.264 Y228.817
G1 X95.731 Y229.900
G1 X94.675 Y231.597
G1 X94.107 Y232.508
G1 X92.355 Y234.808
G1 X91.022 Y236.234
G1 X90.584 Y236.679
G1 X89.178 Y237.832
G1 X88.893 Y238.052
G1 X87.423 Y238.984
G1 X87.333 Y239.038
G1 X85.955 Y239.746
G1 X84.805 Y240.270
G1 X83.921 Y240.690
G1 X83.321 Y241.065
G1 X83.012 Y241.445
G1 X82.981 Y241.862
G1 X83.205 Y242.332
G1 X83.650 Y242.858
G1 X84.278 Y243.427
G1 X85.054 Y244.011
G1 X85.940 Y244.567
G1 X86.838 Y245.091
G1 X86.892 Y245.122
G1 X87.726 Y245.663
G1 X87.852 Y245.746
G1 X88.606 Y246.305
G1 X88.782 Y246.434
G1 X89.448 Y247.011
G1 X89.646 Y247.183
G1 X90.214 Y247.774
G1 X90.412 Y247.981
G1 X90.876 Y248.588
G1 X91.055 Y248.823
G1 X91.408 Y249.443
G1 X91.552 Y249.699
G1 X91.787 Y250.335
G1 X91.886 Y250.604
G1 X91.996 Y251.255
G1 X92.043 Y251.534
G1 X92.020 Y252.200
G1 X92.013 Y252.481
G1 X91.854 Y253.169
G1 X91.790 Y253.446
G1 X91.488 Y254.159
G1 X91.373 Y254.432
G1 X90.921 Y255.177
G1 X90.761 Y255.440
G1 X90.153 Y256.226
G1 X89.958 Y256.479
G1 X89.189 Y257.315
G1 X88.968 Y257.557
G1 X88.034 Y258.460
G1 X87.798 Y258.687
G1 X86.690 Y259.672
G1 X86.454 Y259.883
G1 X85.170 Y260.971
G1 X84.942 Y261.165
G1 X83.477 Y262.379
G1 X83.268 Y262.553
G1 X81.727 Y263.828
G1 X81.614 Y263.922
G1 X81.433 Y264.073
G1 X79.902 Y265.361
G1 X79.583 Y265.630
G1 X79.436 Y265.755
G1 X77.926 Y267.067
G1 X77.381 Y267.540
G1 X77.274 Y267.633
G1 X75.792 Y268.976
G1 X74.936 Y269.752
G1 X73.489 Y271.132
G1 X72.424 Y272.146
G1 X72.406 Y272.163
G1 X69.661 Y274.933
G1 X68.298 Y276.397
G1 X66.937 Y277.862
G1 X66.670 Y278.147
G1 X64.050 Y281.169
G1 X63.401 Y281.916
G1 X62.150 Y283.477
G1 X59.823 Y286.381
G1 X56.288 Y291.230
G1 X55.929 Y291.722
G1 X54.844 Y293.404
G1 X51.787 Y298.142
G1 X49.875 Y301.655
G1 X48.918 Y303.412
G1 X47.631 Y305.776
G1 X45.274 Y311.293
G1 X44.489 Y313.132
G1 X43.919 Y314.465
G1 X43.331 Y316.377
G1 X42.744 Y318.289
G1 X42.157 Y320.200
G1 X41.570 Y322.112
G1 X41.127 Y323.554
G1 X39.921 Y329.432
G1 X39.518 Y331.392
G1 X39.353 Y332.200
G1 X39.095 Y334.185
G1 X38.837 Y336.167
G1 X38.580 Y338.151
G1 X38.351 Y339.922
G1 X38.200 Y341.914
G1 X37.899 Y345.902
G1 X37.845 Y346.623
G1 X37.773 Y348.622
G1 X37.701 Y350.620
G1 X37.637 Y352.404
G1 X37.627 Y354.403
G1 X37.615 Y356.404
G1 X37.610 Y357.402
G1 X37.648 Y359.400
G1 X37.687 Y361.400
G1 X37.695 Y361.744
G1 X37.775 Y363.743
G1 X37.848 Y365.546
G1 X37.965 Y367.543
G1 X38.044 Y368.896
G1 X38.193 Y370.890
G1 X38.266 Y371.868
G1 X38.444 Y373.859
G1 X38.503 Y374.520
G1 X38.706 Y376.510
G1 X38.746 Y376.895
G1 X38.747 Y376.898
G1 X38.975 Y378.885
G1 X38.993 Y379.033
G1 X38.992 Y379.043
G1 X39.235 Y380.968
G1 X39.237 Y380.984
G1 X39.475 Y382.731
G1 X39.478 Y382.750
G1 X39.709 Y384.341
G1 X39.712 Y384.360
G1 X39.935 Y385.814
G1 X39.939 Y385.835
G1 X40.154 Y387.168
G1 X40.158 Y387.190
G1 X40.362 Y388.416
G1 X40.367 Y388.437
G1 X40.563 Y389.568
G1 X40.566 Y389.588
G1 X40.639 Y390.000
G1 X47.846 Y390.000
G1 X47.844 Y389.239
G1 X47.843 Y389.195
G1 X47.849 Y387.919
G1 X47.850 Y387.872
G1 X47.866 Y386.476
G1 X47.866 Y386.425
G1 X47.899 Y384.895
G1 X47.900 Y384.840
G1 X47.951 Y383.150
G1 X47.953 Y383.095
G1 X48.027 Y381.222
G1 X48.028 Y381.165
G1 X48.128 Y379.168
G1 X48.133 Y379.078
G1 X48.136 Y379.020
G1 X48.255 Y377.025
G1 X48.275 Y376.682
G1 X48.279 Y376.629
G1 X48.418 Y374.631
G1 X48.463 Y373.988
G1 X48.467 Y373.937
G1 X48.627 Y371.943
G1 X48.709 Y370.936
G1 X48.712 Y370.894
G1 X48.893 Y368.902
G1 X49.026 Y367.452
G1 X49.027 Y367.423
G1 X49.433 Y363.443
G1 X49.433 Y363.430
G1 X49.659 Y361.442
G1 X49.884 Y359.457
G1 X49.959 Y358.789
G1 X50.457 Y354.820
G1 X50.644 Y353.331
G1 X51.474 Y347.388
G1 X51.553 Y346.823
G1 X51.866 Y344.849
G1 X52.178 Y342.872
G1 X52.798 Y338.957
G1 X53.174 Y336.991
G1 X54.305 Y331.098
G1 X54.635 Y329.370
G1 X55.162 Y327.441
G1 X55.690 Y325.512
G1 X56.218 Y323.582
G1 X57.272 Y319.724
G1 X57.646 Y318.358
G1 X58.381 Y316.498
G1 X59.116 Y314.639
G1 X60.586 Y310.918
G1 X61.323 Y309.059
G1 X61.653 Y308.221
G1 X62.498 Y306.408
G1 X63.345 Y304.595
G1 X64.190 Y302.782
G1 X65.035 Y300.970
G1 X65.442 Y300.098
G1 X68.722 Y293.590
G1 X69.665 Y291.826
G1 X70.608 Y290.063
G1 X71.551 Y288.298
G1 X71.563 Y288.275
G1 X74.061 Y283.861
G1 X76.123 Y280.433
G1 X76.298 Y280.141
G1 X77.377 Y278.457
G1 X78.331 Y276.967
G1 X80.208 Y274.231
G1 X81.393 Y272.621
G1 X81.960 Y271.849
G1 X83.201 Y270.280
G1 X83.613 Y269.758
G1 X84.907 Y268.235
G1 X85.182 Y267.911
G1 X86.526 Y266.431
G1 X86.677 Y266.264
G1 X88.065 Y264.823
G1 X88.092 Y264.794
G1 X88.104 Y264.784
G1 X89.422 Y263.483
G1 X89.463 Y263.442
G1 X90.681 Y262.283
G1 X90.750 Y262.217
G1 X91.864 Y261.174
G1 X91.960 Y261.084
G1 X92.964 Y260.139
G1 X93.082 Y260.028
G1 X93.972 Y259.162
G1 X94.107 Y259.029
G1 X94.876 Y258.224
G1 X95.021 Y258.073
G1 X95.667 Y257.316
G1 X95.812 Y257.147
G1 X96.331 Y256.428
G1 X96.467 Y256.240
G1 X96.858 Y255.548
G1 X96.974 Y255.343
G1 X97.238 Y254.671
G1 X97.325 Y254.450
G1 X97.462 Y253.791
G1 X97.511 Y253.556
G1 X97.523 Y252.908
G1 X97.528 Y252.661
G1 X97.376 Y251.764
G1 X97.149 Y251.129
G1 X97.056 Y250.870
G1 X96.717 Y250.240
G1 X96.579 Y249.985
G1 X96.131 Y249.361
G1 X95.953 Y249.115
G1 X95.403 Y248.499
G1 X95.197 Y248.270
G1 X94.550 Y247.664
G1 X94.331 Y247.461
G1 X93.595 Y246.867
G1 X93.381 Y246.696
G1 X92.571 Y246.095
G1 X92.393 Y245.940
G1 X91.559 Y245.186
G1 X91.438 Y245.062
G1 X90.583 Y244.166
G1 X90.536 Y244.112
G1 X89.709 Y243.151
G1 X88.988 Y242.228
G1 X88.411 Y241.380
G1 X88.017 Y240.631
G1 X87.847 Y239.977
G1 X87.934 Y239.401
G1 X88.304 Y238.868
G1 X88.970 Y238.324
G1 X89.928 Y237.700
G1 X91.161 Y236.910
G1 X92.636 Y235.859
G1 X94.161 Y234.581
G1 X94.308 Y234.456
G1 X95.745 Y233.066
G1 X96.087 Y232.734
G1 X97.406 Y231.231
G1 X97.888 Y230.683
G1 X99.066 Y229.067
G1 X99.622 Y228.305
G1 X100.640 Y226.583
G1 X101.207 Y225.622
G1 X102.047 Y223.810
G1 X102.566 Y222.686
G1 X103.213 Y220.796
G1 X103.635 Y219.559
G1 X104.082 Y217.612
G1 X104.374 Y216.328
G1 X104.614 Y214.342
G1 X104.766 Y213.079
G1 X104.795 Y211.080
G1 X104.815 Y209.909
G1 X104.642 Y207.916
G1 X104.555 Y206.905
G1 X104.189 Y204.939
G1 X104.041 Y204.143
G1 X103.496 Y202.218
G1 X103.344 Y201.682
G1 X102.649 Y199.806
G1 X102.648 Y199.806
G1 X102.557 Y199.557
G1 X101.768 Y197.780
G1 X101.069 Y196.338
G1 X100.543 Y195.189
G1 X100.260 Y194.278
G1 X100.269 Y193.531
G1 X100.599 Y192.864
G1 X101.251 Y192.192
G1 X102.210 Y191.436
G1 X103.439 Y190.522
G1 X104.886 Y189.393
G1 X105.282 Y189.433
G1 X105.534 Y187.449
G1 X105.621 Y186.755
G1 X105.970 Y184.786
G1 X106.092 Y184.097
G1 X106.691 Y181.465
G1 X107.231 Y179.540
G1 X107.420 Y178.866
G1 X108.053 Y176.969
G1 X108.276 Y176.305
G1 X109.000 Y174.441
G1 X109.253 Y173.789
G1 X110.070 Y171.963
G1 X110.356 Y171.325
G1 X111.261 Y169.541
G1 X111.578 Y168.918
G1 X112.916 Y166.573
G1 X113.992 Y164.887
G1 X114.367 Y164.297
G1 X115.524 Y162.665
G1 X115.929 Y162.095
G1 X117.596 Y159.972
G1 X118.278 Y158.091
G1 X118.378 Y157.816
G1 X118.386 Y157.101
G1 X118.323 Y155.138
G1 X118.967 Y156.023
G1 X129.484 Y148.382
G1 X117.384 Y131.728
G1 X117.385 Y131.717
G1 X117.645 Y130.104
G1 X117.954 Y128.478
G1 X118.306 Y126.828
G1 X118.697 Y125.151
G1 X119.116 Y123.438
G1 X119.561 Y121.693
G1 X120.027 Y119.910
G1 X120.511 Y118.087
G1 X121.008 Y116.224
G1 X121.517 Y114.325
G1 X122.035 Y112.393
G1 X122.036 Y112.385
G1 X122.556 Y110.454
G1 X122.569 Y110.409
G1 X123.090 Y108.479
G1 X123.112 Y108.395
G1 X123.636 Y106.465
G1 X123.637 Y106.464
G1 X123.669 Y106.347
G1 X124.199 Y104.420
G1 X124.241 Y104.267
G1 X124.779 Y102.340
G1 X124.832 Y102.155
G1 X125.381 Y100.232
G1 X125.443 Y100.018
G1 X126.008 Y98.098
G1 X126.008 Y98.097
G1 X126.079 Y97.853
G1 X126.661 Y95.940
G1 X126.744 Y95.671
G1 X127.348 Y93.765
G1 X127.440 Y93.473
G1 X128.067 Y91.574
G1 X128.169 Y91.266
G1 X128.825 Y89.378
G1 X128.824 Y89.376
G1 X128.936 Y89.055
G1 X129.622 Y87.176
G1 X129.742 Y86.848
G1 X130.460 Y84.980
G1 X130.588 Y84.648
G1 X131.340 Y82.796
G1 X131.474 Y82.467
G1 X132.262 Y80.629
G1 X132.398 Y80.309
G1 X133.223 Y78.488
G1 X133.360 Y78.185
G1 X134.220 Y76.380
G1 X134.355 Y76.101
G1 X135.252 Y74.312
G1 X135.378 Y74.059
G1 X136.424 Y72.071
G1 X137.387 Y70.319
G1 X137.486 Y70.141
G1 X138.479 Y68.405
G1 X138.555 Y68.271
G1 X139.574 Y66.550
G1 X139.574 Y66.548
G1 X139.624 Y66.464
G1 X140.663 Y64.755
G1 X140.683 Y64.722
G1 X141.723 Y63.044
G1 X142.735 Y61.428
G1 X143.709 Y59.871
G1 X144.639 Y58.367
G1 X145.515 Y56.910
G1 X146.333 Y55.492
G1 X147.088 Y54.107
G1 X147.775 Y52.744
G1 X148.394 Y51.394
G1 X148.943 Y50.047
G1 X149.425 Y48.696
G1 X149.840 Y47.331
G1 X150.194 Y45.943
G1 X150.490 Y44.527
G1 X150.734 Y43.075
G1 X150.934 Y41.584
G1 X151.092 Y40.047
G1 X151.221 Y38.464
G1 X151.325 Y36.832
G1 X151.410 Y35.151
G1 X151.485 Y33.422
G1 X151.552 Y31.643
G1 X151.621 Y29.819
G1 X151.695 Y27.952
G1 X151.780 Y26.045
G1 X151.876 Y24.101
G1 X151.990 Y22.123
G1 X152.123 Y20.128
G1 X152.123 Y20.115
G1 X152.273 Y18.122
G1 X152.276 Y18.083
G1 X152.446 Y16.091
G1 X152.452 Y16.030
G1 X152.642 Y14.039
G1 X152.650 Y13.957
G1 X152.861 Y11.968
G1 X152.871 Y11.869
G1 X153.102 Y9.882
G1 X153.115 Y9.769
G1 X153.366 Y7.785
G1 X153.382 Y7.661
G1 X153.651 Y5.679
G1 X153.670 Y5.546
G1 X153.946 Y3.651
G1 X155.919 Y3.977
G1 X156.452 Y4.066
G1 X158.435 Y4.325
G1 X158.980 Y4.396
G1 X159.159 Y4.416
G1 X158.864 Y6.394
G1 X158.854 Y6.455
G1 X158.573 Y8.434
G1 X158.566 Y8.488
G1 X158.299 Y10.470
G1 X158.293 Y10.513
G1 X158.041 Y12.497
G1 X158.038 Y12.529
G1 X157.799 Y14.515
G1 X157.798 Y14.533
G1 X157.574 Y16.520
G1 X157.574 Y16.524
G1 X157.367 Y18.496
G1 X157.175 Y20.450
G1 X156.995 Y22.383
G1 X156.829 Y24.291
G1 X156.673 Y26.172
G1 X156.526 Y28.024
G1 X156.381 Y29.844
G1 X156.240 Y31.629
G1 X156.094 Y33.381
G1 X155.945 Y35.094
G1 X155.784 Y36.771
G1 X155.607 Y38.408
G1 X155.409 Y40.008
G1 X155.185 Y41.572
G1 X154.930 Y43.101
G1 X154.639 Y44.601
G1 X154.307 Y46.072
G1 X153.930 Y47.519
G1 X153.505 Y48.948
G1 X153.028 Y50.365
G1 X152.497 Y51.775
G1 X151.911 Y53.185
G1 X151.271 Y54.603
G1 X150.576 Y56.035
G1 X149.828 Y57.486
G1 X149.029 Y58.965
G1 X148.187 Y60.478
G1 X147.303 Y62.028
G1 X146.384 Y63.623
G1 X145.437 Y65.264
G1 X144.467 Y66.953
G1 X143.482 Y68.692
G1 X142.512 Y70.441
G1 X142.489 Y70.481
G1 X141.538 Y72.240
G1 X141.495 Y72.319
G1 X140.566 Y74.091
G1 X140.505 Y74.206
G1 X139.601 Y75.990
G1 X139.527 Y76.136
G1 X138.650 Y77.933
G1 X138.565 Y78.106
G1 X137.716 Y79.917
G1 X137.624 Y80.112
G1 X136.804 Y81.937
G1 X136.707 Y82.149
G1 X135.917 Y83.986
G1 X135.819 Y84.211
G1 X135.058 Y86.060
G1 X134.963 Y86.293
G1 X134.228 Y88.153
G1 X134.136 Y88.388
G1 X133.428 Y90.259
G1 X133.340 Y90.492
G1 X132.660 Y92.372
G1 X132.578 Y92.597
G1 X131.920 Y94.486
G1 X131.845 Y94.700
G1 X131.210 Y96.596
G1 X131.143 Y96.795
G1 X130.529 Y98.698
G1 X130.471 Y98.876
G1 X129.874 Y100.786
G1 X129.825 Y100.943
G1 X129.246 Y102.858
G1 X129.206 Y102.989
G1 X128.643 Y104.908
G1 X128.612 Y105.013
G1 X128.061 Y106.936
G1 X128.040 Y107.010
G1 X127.504 Y108.936
G1 X127.492 Y108.980
G1 X126.969 Y110.910
G1 X126.966 Y110.921
G1 X126.465 Y112.832
G1 X125.987 Y114.714
G1 X125.535 Y116.562
G1 X125.112 Y118.383
G1 X124.721 Y120.177
G1 X124.364 Y121.947
G1 X124.046 Y123.697
G1 X123.772 Y125.433
G1 X123.544 Y127.161
G1 X123.366 Y128.891
G1 X123.241 Y130.632
G1 X123.170 Y132.394
G1 X123.152 Y134.192
G1 X123.185 Y136.038
G1 X123.263 Y137.947
G1 X123.377 Y139.933
G1 X123.380 Y139.981
G1 X129.484 Y148.382
G1 X123.926 Y152.420
G1 X123.909 Y153.402
G1 X123.956 Y153.457
G1 X122.478 Y154.803
G1 X121.962 Y155.275
G1 X120.551 Y156.694
G1 X120.058 Y157.190
G1 X118.251 Y159.195
G1 X116.987 Y160.744
G1 X116.544 Y161.287
G1 X115.356 Y162.896
G1 X114.942 Y163.459
G1 X113.837 Y165.125
G1 X113.449 Y165.708
G1 X112.068 Y168.028
G1 X111.130 Y169.794
G1 X110.802 Y170.413
G1 X109.952 Y172.223
G1 X109.655 Y172.856
G1 X108.896 Y174.706
G1 X108.629 Y175.352
G1 X107.961 Y177.238
G1 X107.726 Y177.897
G1 X107.152 Y179.813
G1 X106.951 Y180.482
G1 X106.470 Y182.424
G1 X106.303 Y183.103
G1 X105.918 Y185.065
G1 X105.784 Y185.752
G1 X105.496 Y187.731
G1 X105.395 Y188.424
G1 X105.205 Y190.415
G1 X105.138 Y191.111
G1 X105.047 Y193.109
G1 X105.013 Y193.807
G1 X105.019 Y195.808
G1 X105.022 Y196.507
G1 X105.124 Y198.504
G1 X105.161 Y199.203
G1 X105.363 Y201.192
G1 X105.433 Y201.889
G1 X105.732 Y203.867
G1 X105.838 Y204.559
G1 X106.232 Y206.518
G1 X106.371 Y207.204
G1 X106.863 Y209.143
G1 X107.035 Y209.821
G1 X107.621 Y211.733
G1 X107.826 Y212.402
G1 X108.505 Y214.284
G1 X108.741 Y214.941
G1 X108.711 Y216.044
G1 X108.041 Y217.927
G1 X107.604 Y219.155
G1 X106.741 Y220.960
G1 X106.211 Y222.070
G1 X105.170 Y223.778
G1 X104.596 Y224.719
G1 X103.396 Y226.318
G1 X103.396 Y226.319
G1 X102.840 Y227.058
G1 X101.499 Y228.541
G1 X101.028 Y229.064
G1 X99.571 Y230.434
G1 X99.248 Y230.738
G1 X97.585 Y232.103
G1 X96.110 Y233.204
G1 X94.879 Y234.104
G1 X93.930 Y234.871
G1 X93.285 Y235.580
G1 X92.940 Y236.288
G1 X92.880 Y237.056
G1 X93.071 Y237.934
G1 X93.473 Y238.955
G1 X94.035 Y240.124
G1 X94.716 Y241.424
G1 X95.475 Y242.814
G1 X96.206 Y244.121
G1 X96.280 Y244.243
G1 X96.970 Y245.428
G1 X97.110 Y245.643
G1 X97.764 Y246.679
G1 X97.953 Y246.941
G1 X98.579 Y247.804
G1 X98.806 Y248.066
G1 X99.417 Y248.731
G1 X99.667 Y248.967
G1 X100.214 Y249.564
G1 X100.446 Y249.822
G1 X100.892 Y250.417
G1 X101.094 Y250.687
G1 X101.440 Y251.279
G1 X101.598 Y251.552
G1 X101.840 Y252.140
G1 X101.947 Y252.408
G1 X102.082 Y252.993
G1 X102.141 Y253.250
G1 X102.166 Y253.830
G1 X102.176 Y254.072
G1 X102.093 Y254.651
G1 X102.062 Y254.874
G1 X101.869 Y255.455
G1 X101.802 Y255.657
G1 X101.501 Y256.244
G1 X101.409 Y256.426
G1 X100.899 Y257.186
G1 X100.398 Y257.809
G1 X100.286 Y257.946
G1 X99.693 Y258.602
G1 X99.589 Y258.720
G1 X98.914 Y259.418
G1 X98.823 Y259.512
G1 X98.075 Y260.270
G1 X98.005 Y260.341
G1 X97.196 Y261.173
G1 X97.150 Y261.220
G1 X96.293 Y262.141
G1 X96.272 Y262.164
G1 X95.383 Y263.188
G1 X94.490 Y264.310
G1 X93.601 Y265.550
G1 X92.719 Y266.926
G1 X91.844 Y268.465
G1 X90.975 Y270.198
G1 X90.165 Y272.027
G1 X90.107 Y272.157
G1 X89.379 Y274.019
G1 X89.234 Y274.388
G1 X88.576 Y276.277
G1 X88.345 Y276.944
G1 X87.750 Y278.854
G1 X87.425 Y279.896
G1 X86.884 Y281.821
G1 X86.458 Y283.335
G1 X85.464 Y287.209
G1 X85.420 Y287.386
G1 X84.496 Y291.277
G1 X84.275 Y292.211
G1 X83.410 Y296.117
G1 X82.982 Y298.050
G1 X82.571 Y300.007
G1 X82.158 Y301.964
G1 X81.747 Y303.922
G1 X81.470 Y305.241
G1 X81.066 Y307.200
G1 X80.664 Y309.159
G1 X80.260 Y311.117
G1 X79.856 Y313.077
G1 X79.609 Y314.279
G1 X78.260 Y320.125
G1 X77.359 Y324.023
G1 X76.990 Y325.622
G1 X76.375 Y327.528
G1 X73.323 Y336.971
G1 X72.649 Y338.854
G1 X71.976 Y340.737
G1 X71.302 Y342.620
G1 X70.076 Y346.047
G1 X69.403 Y347.930
G1 X68.059 Y351.698
G1 X67.483 Y353.305
G1 X67.470 Y353.341
G1 X65.482 Y359.001
G1 X65.392 Y359.260
G1 X65.366 Y359.330
G1 X64.717 Y361.221
G1 X64.066 Y363.113
G1 X63.679 Y364.241
G1 X63.647 Y364.334
G1 X63.013 Y366.231
G1 X62.378 Y368.126
G1 X62.262 Y368.473
G1 X62.227 Y368.579
G1 X61.609 Y370.479
G1 X61.077 Y372.111
G1 X61.042 Y372.221
G1 X60.442 Y374.129
G1 X60.082 Y375.272
G1 X60.046 Y375.382
G1 X59.238 Y378.042
G1 X59.204 Y378.151
G1 X58.642 Y380.070
G1 X58.520 Y380.491
G1 X58.488 Y380.597
G1 X57.947 Y382.522
G1 X57.907 Y382.669
G1 X57.879 Y382.770
G1 X57.383 Y384.619
G1 X57.357 Y384.714
G1 X56.933 Y386.374
G1 X56.911 Y386.462
G1 X56.547 Y387.962
G1 X56.527 Y388.043
G1 X56.214 Y389.404
G1 X56.197 Y389.478
G1 X56.084 Y390.000
G1 X64.870 Y390.000
G1 X64.883 Y389.971
G1 X65.543 Y388.570
G1 X65.599 Y388.446
G1 X66.358 Y386.891
G1 X66.425 Y386.752
G1 X67.300 Y385.016
G1 X67.378 Y384.859
G1 X68.297 Y383.084
G1 X68.390 Y382.908
G1 X68.478 Y382.734
G1 X69.414 Y380.967
G1 X69.652 Y380.520
G1 X69.753 Y380.328
G1 X71.120 Y377.797
G1 X71.235 Y377.584
G1 X72.194 Y375.829
G1 X72.830 Y374.663
G1 X72.957 Y374.429
G1 X73.919 Y372.676
G1 X74.829 Y371.019
G1 X74.970 Y370.763
G1 X76.886 Y367.252
G1 X77.168 Y366.735
G1 X77.318 Y366.457
G1 X78.262 Y364.694
G1 X79.208 Y362.931
G1 X79.897 Y361.639
G1 X80.056 Y361.338
G1 X81.883 Y357.779
G1 X82.795 Y356.000
G1 X83.054 Y355.498
G1 X83.211 Y355.180
G1 X84.066 Y353.372
G1 X84.918 Y351.562
G1 X85.773 Y349.754
G1 X86.580 Y348.044
G1 X86.724 Y347.718
G1 X87.471 Y345.863
G1 X88.216 Y344.007
G1 X88.964 Y342.151
G1 X89.710 Y340.297
G1 X90.195 Y339.087
G1 X90.303 Y338.784
G1 X90.880 Y336.869
G1 X92.032 Y333.039
G1 X93.185 Y329.208
G1 X93.261 Y328.959
G1 X93.317 Y328.725
G1 X95.205 Y318.905
G1 X95.224 Y318.811
G1 X95.241 Y318.686
G1 X96.113 Y310.733
G1 X96.219 Y309.770
G1 X96.222 Y309.750
G1 X96.671 Y302.222
G1 X96.866 Y296.225
G1 X96.875 Y295.960
G1 X96.913 Y293.960
G1 X96.951 Y291.961
G1 X96.974 Y290.731
G1 X97.002 Y288.731
G1 X97.029 Y286.732
G1 X97.036 Y286.326
G1 X97.068 Y284.326
G1 X97.096 Y282.579
G1 X97.142 Y280.580
G1 X97.170 Y279.363
G1 X97.244 Y277.365
G1 X97.272 Y276.581
G1 X97.383 Y274.583
G1 X97.407 Y274.156
G1 X97.571 Y272.163
G1 X97.582 Y272.031
G1 X97.800 Y270.159
G1 X98.064 Y268.503
G1 X98.380 Y267.033
G1 X98.745 Y265.723
G1 X99.163 Y264.553
G1 X99.631 Y263.504
G1 X100.147 Y262.558
G1 X100.706 Y261.701
G1 X101.301 Y260.922
G1 X101.920 Y260.204
G1 X102.547 Y259.541
G1 X102.553 Y259.538
G1 X103.157 Y258.930
G1 X103.185 Y258.903
G1 X103.748 Y258.342
G1 X103.797 Y258.293
G1 X104.305 Y257.763
G1 X104.370 Y257.695
G1 X104.811 Y257.184
G1 X104.888 Y257.095
G1 X105.249 Y256.593
G1 X105.328 Y256.482
G1 X105.599 Y255.981
G1 X105.671 Y255.847
G1 X105.846 Y255.341
G1 X105.901 Y255.183
G1 X105.975 Y254.667
G1 X106.001 Y254.484
G1 X105.972 Y253.954
G1 X105.959 Y253.748
G1 X105.824 Y253.203
G1 X105.768 Y252.976
G1 X105.529 Y252.416
G1 X105.424 Y252.171
G1 X105.082 Y251.598
G1 X104.928 Y251.341
G1 X104.498 Y250.730
G1 X104.328 Y250.409
G1 X103.900 Y249.574
G1 X103.738 Y249.158
G1 X103.308 Y248.102
G1 X103.152 Y247.623
G1 X102.703 Y246.365
G1 X102.553 Y245.865
G1 X102.071 Y244.432
G1 X101.934 Y243.962
G1 X101.406 Y242.380
G1 X101.291 Y241.996
G1 X100.710 Y240.291
G1 X100.633 Y240.049
G1 X100.000 Y238.247
G1 X99.984 Y238.196
G1 X99.373 Y236.505
G1 X98.833 Y235.062
G1 X98.422 Y233.862
G1 X98.200 Y232.876
G1 X98.219 Y232.055
G1 X98.522 Y231.335
G1 X99.128 Y230.646
G1 X100.047 Y229.908
G1 X101.257 Y229.041
G1 X102.723 Y227.972
G1 X104.281 Y226.719
G1 X104.282 Y226.718
G1 X104.385 Y226.637
G1 X105.854 Y225.281
G1 X106.171 Y224.990
G1 X107.525 Y223.517
G1 X107.995 Y223.005
G1 X109.208 Y221.415
G1 X109.766 Y220.682
G1 X110.642 Y219.265
G1 X109.804 Y217.448
G1 X109.510 Y216.813
G1 X108.762 Y214.958
G1 X108.501 Y214.309
G1 X107.845 Y212.421
G1 X107.616 Y211.759
G1 X107.052 Y209.840
G1 X106.856 Y209.169
G1 X106.388 Y207.225
G1 X106.225 Y206.544
G1 X105.723 Y203.891
G1 X105.450 Y201.910
G1 X105.352 Y201.217
G1 X105.175 Y199.225
G1 X105.114 Y198.530
G1 X105.034 Y196.530
G1 X105.006 Y195.831
G1 X105.025 Y193.831
G1 X105.032 Y193.132
G1 X105.149 Y191.136
G1 X105.190 Y190.436
G1 X105.405 Y188.450
G1 X105.480 Y187.753
G1 X105.792 Y185.777
G1 X105.901 Y185.086
G1 X106.309 Y183.128
G1 X106.452 Y182.446
G1 X106.956 Y180.508
G1 X107.134 Y179.832
G1 X107.731 Y177.924
G1 X107.941 Y177.258
G1 X108.633 Y175.379
G1 X108.874 Y174.723
G1 X109.658 Y172.883
G1 X109.931 Y172.238
G1 X110.803 Y170.438
G1 X111.108 Y169.810
G1 X112.067 Y168.054
G1 X112.403 Y167.440
G1 X113.446 Y165.735
G1 X113.813 Y165.137
G1 X114.940 Y163.485
G1 X115.335 Y162.908
G1 X116.542 Y161.313
G1 X116.962 Y160.754
G1 X118.245 Y159.221
G1 X118.694 Y158.684
G1 X120.052 Y157.214
G1 X120.526 Y156.701
G1 X121.953 Y155.300
G1 X122.453 Y154.810
G1 X124.471 Y153.017
G1 X126.027 Y151.763
G1 X126.573 Y151.324
G1 X128.190 Y150.148
G1 X128.756 Y149.735
G1 X129.437 Y148.416
G1 X129.484 Y148.382
G1 X129.467 Y148.359
G1 X129.640 Y148.023
G1 X129.715 Y146.025
G1 X129.738 Y145.460
G1 X129.763 Y143.459
G1 X129.769 Y142.990
G1 X129.759 Y140.990
G1 X129.757 Y140.618
G1 X129.728 Y138.618
G1 X129.724 Y138.342
G1 X129.688 Y136.341
G1 X129.685 Y136.152
G1 X129.658 Y134.152
G1 X129.656 Y134.041
G1 X129.650 Y132.042
G1 X129.650 Y132.003
G1 X129.676 Y130.022
G1 X129.738 Y128.088
G1 X129.843 Y126.191
G1 X129.992 Y124.319
G1 X130.187 Y122.464
G1 X130.426 Y120.616
G1 X130.709 Y118.770
G1 X131.034 Y116.919
G1 X131.398 Y115.059
G1 X131.799 Y113.186
G1 X132.236 Y111.296
G1 X132.706 Y109.391
G1 X133.209 Y107.468
G1 X133.740 Y105.541
G1 X133.743 Y105.527
G1 X134.297 Y103.606
G1 X134.307 Y103.570
G1 X134.884 Y101.655
G1 X134.901 Y101.598
G1 X135.500 Y99.691
G1 X135.524 Y99.614
G1 X136.147 Y97.713
G1 X136.177 Y97.619
G1 X136.820 Y95.727
G1 X136.858 Y95.618
G1 X137.525 Y93.732
G1 X137.524 Y93.732
G1 X137.568 Y93.611
G1 X138.307 Y91.606
G1 X139.020 Y89.738
G1 X139.071 Y89.604
G1 X139.811 Y87.747
G1 X139.864 Y87.611
G1 X140.626 Y85.763
G1 X140.681 Y85.630
G1 X141.467 Y83.792
G1 X141.521 Y83.666
G1 X142.331 Y81.838
G1 X142.383 Y81.723
G1 X143.215 Y79.905
G1 X143.259 Y79.804
G1 X144.115 Y77.996
G1 X144.153 Y77.914
G1 X145.028 Y76.115
G1 X145.056 Y76.055
G1 X145.949 Y74.265
G1 X145.965 Y74.231
G1 X146.873 Y72.449
G1 X146.877 Y72.442
G1 X147.783 Y70.690
G1 X148.681 Y68.976
G1 X149.564 Y67.299
G1 X150.430 Y65.658
G1 X151.269 Y64.052
G1 X152.080 Y62.476
G1 X152.861 Y60.930
G1 X153.604 Y59.406
G1 X154.308 Y57.903
G1 X154.972 Y56.416
G1 X155.593 Y54.938
G1 X156.172 Y53.466
G1 X156.707 Y51.994
G1 X157.201 Y50.518
G1 X157.654 Y49.032
G1 X158.069 Y47.534
G1 X158.448 Y46.018
G1 X158.794 Y44.482
G1 X159.111 Y42.923
G1 X159.402 Y41.338
G1 X159.671 Y39.727
G1 X159.922 Y38.088
G1 X160.157 Y36.420
G1 X160.382 Y34.723
G1 X160.599 Y32.996
G1 X160.812 Y31.244
G1 X161.023 Y29.464
G1 X161.235 Y27.659
G1 X161.450 Y25.829
G1 X161.672 Y23.978
G1 X161.900 Y22.106
G1 X162.137 Y20.216
G1 X162.384 Y18.311
G1 X162.641 Y16.386
G1 X162.911 Y14.451
G1 X163.192 Y12.504
G1 X163.481 Y10.547
G1 X163.780 Y8.582
G1 X164.090 Y6.610
G1 X164.376 Y4.841
G1 X166.207 Y4.909
G1 X166.652 Y4.923
G1 X168.283 Y4.930
G1 X168.655 Y4.929
G1 X168.786 Y4.926
G1 X168.475 Y6.882
G1 X168.178 Y8.832
G1 X167.895 Y10.773
G1 X167.624 Y12.704
G1 X167.365 Y14.625
G1 X167.116 Y16.534
G1 X166.874 Y18.429
G1 X166.638 Y20.311
G1 X166.406 Y22.178
G1 X166.174 Y24.030
G1 X165.942 Y25.865
G1 X165.705 Y27.682
G1 X165.460 Y29.483
G1 X165.205 Y31.266
G1 X164.936 Y33.032
G1 X164.659 Y34.777
G1 X164.379 Y36.502
G1 X164.090 Y38.205
G1 X163.794 Y39.888
G1 X163.485 Y41.547
G1 X163.162 Y43.185
G1 X162.821 Y44.803
G1 X162.460 Y46.404
G1 X162.077 Y47.987
G1 X161.668 Y49.555
G1 X161.233 Y51.109
G1 X160.769 Y52.652
G1 X160.275 Y54.191
G1 X159.749 Y55.724
G1 X159.191 Y57.257
G1 X158.601 Y58.792
G1 X157.979 Y60.335
G1 X157.326 Y61.887
G1 X156.644 Y63.453
G1 X155.935 Y65.035
G1 X155.200 Y66.636
G1 X154.443 Y68.260
G1 X153.667 Y69.906
G1 X152.876 Y71.580
G1 X152.072 Y73.279
G1 X151.262 Y75.005
G1 X150.445 Y76.759
G1 X149.630 Y78.538
G1 X148.817 Y80.343
G1 X148.013 Y82.171
G1 X147.222 Y84.009
G1 X147.217 Y84.022
G1 X146.446 Y85.867
G1 X146.435 Y85.892
G1 X145.683 Y87.746
G1 X145.670 Y87.782
G1 X144.940 Y89.641
G1 X144.924 Y89.682
G1 X144.216 Y91.552
G1 X144.199 Y91.596
G1 X143.514 Y93.474
G1 X143.498 Y93.519
G1 X142.836 Y95.406
G1 X142.820 Y95.448
G1 X142.185 Y97.346
G1 X142.173 Y97.382
G1 X141.560 Y99.287
G1 X141.550 Y99.318
G1 X140.965 Y101.231
G1 X140.959 Y101.254
G1 X140.400 Y103.174
G1 X140.400 Y103.175
G1 X140.397 Y103.190
G1 X139.868 Y105.118
G1 X139.867 Y105.121
G1 X139.370 Y107.052
G1 X138.907 Y108.980
G1 X138.481 Y110.907
G1 X138.089 Y112.834
G1 X137.738 Y114.766
G1 X137.423 Y116.705
G1 X137.145 Y118.656
G1 X136.905 Y120.626
G1 X136.704 Y122.617
G1 X136.703 Y122.619
G1 X136.537 Y124.612
G1 X136.534 Y124.645
G1 X136.400 Y126.640
G1 X136.396 Y126.710
G1 X136.287 Y128.707
G1 X136.282 Y128.823
G1 X136.191 Y130.821
G1 X136.183 Y130.993
G1 X136.101 Y132.990
G1 X136.091 Y133.226
G1 X136.007 Y135.224
G1 X136.007 Y135.227
G1 X135.994 Y135.530
G1 X135.895 Y137.528
G1 X135.876 Y137.910
G1 X135.750 Y139.906
G1 X135.721 Y140.366
G1 X135.557 Y142.359
G1 X135.512 Y142.899
G1 X135.297 Y144.887
G1 X135.681 Y145.670
G1 X133.290 Y146.921
G1 X131.566 Y147.935
G1 X130.963 Y148.292
G1 X129.291 Y149.388
G1 X128.705 Y149.771
G1 X126.524 Y151.361
G1 X124.969 Y152.617
G1 X124.423 Y153.055
G1 X122.930 Y154.386
G1 X122.408 Y154.852
G1 X120.485 Y156.745
G1 X119.128 Y158.215
G1 X118.654 Y158.730
G1 X117.372 Y160.265
G1 X116.924 Y160.802
G1 X115.719 Y162.399
G1 X115.298 Y162.957
G1 X114.173 Y164.611
G1 X113.780 Y165.188
G1 X112.736 Y166.896
G1 X112.373 Y167.493
G1 X111.416 Y169.249
G1 X111.080 Y169.865
G1 X110.210 Y171.663
G1 X109.905 Y172.294
G1 X109.125 Y174.135
G1 X108.852 Y174.779
G1 X108.161 Y176.656
G1 X107.921 Y177.313
G1 X107.325 Y179.222
G1 X107.116 Y179.890
G1 X106.614 Y181.826
G1 X106.439 Y182.503
G1 X106.033 Y184.461
G1 X105.890 Y185.146
G1 X105.580 Y187.122
G1 X105.472 Y187.813
G1 X105.185 Y190.497
G1 X105.070 Y192.494
G1 X105.030 Y193.193
G1 X105.013 Y195.193
G1 X105.007 Y195.892
G1 X105.088 Y197.890
G1 X105.116 Y198.589
G1 X105.297 Y200.580
G1 X105.359 Y201.278
G1 X105.636 Y203.258
G1 X105.733 Y203.951
G1 X106.107 Y205.916
G1 X106.238 Y206.603
G1 X106.708 Y208.547
G1 X106.871 Y209.227
G1 X107.436 Y211.147
G1 X107.635 Y211.817
G1 X108.292 Y213.705
G1 X108.522 Y214.366
G1 X109.273 Y216.220
G1 X109.535 Y216.869
G1 X110.374 Y218.684
G1 X110.668 Y219.319
G1 X110.781 Y221.258
G1 X109.264 Y222.560
G1 X109.022 Y222.769
G1 X107.425 Y223.974
G1 X107.420 Y223.978
G1 X106.046 Y224.940
G1 X104.953 Y225.723
G1 X104.172 Y226.409
G1 X103.712 Y227.081
G1 X103.560 Y227.819
G1 X103.684 Y228.697
G1 X104.033 Y229.773
G1 X104.550 Y231.091
G1 X105.168 Y232.678
G1 X105.813 Y234.539
G1 X106.368 Y236.461
G1 X106.427 Y236.668
G1 X106.856 Y238.621
G1 X106.948 Y239.040
G1 X107.244 Y241.010
G1 X107.341 Y241.592
G1 X107.557 Y243.445
G1 X107.653 Y244.109
G1 X107.816 Y245.791
G1 X107.907 Y246.475
G1 X108.035 Y247.957
G1 X108.122 Y248.603
G1 X108.236 Y249.861
G1 X108.323 Y250.425
G1 X108.442 Y251.440
G1 X108.532 Y251.889
G1 X108.670 Y252.647
G1 X108.771 Y252.965
G1 X108.928 Y253.478
G1 X109.011 Y253.711
G1 X109.083 Y254.177
G1 X109.115 Y254.382
G1 X109.088 Y254.823
G1 X109.078 Y255.000
G1 X108.952 Y255.421
G1 X108.910 Y255.568
G1 X108.632 Y256.093
G1 X108.334 Y256.482
G1 X108.262 Y256.577
G1 X107.890 Y256.964
G1 X107.822 Y257.035
G1 X107.389 Y257.429
G1 X107.334 Y257.481
G1 X106.855 Y257.892
G1 X106.821 Y257.920
G1 X106.315 Y258.363
G1 X106.305 Y258.371
G1 X105.803 Y258.847
G1 X105.332 Y259.359
G1 X104.907 Y259.919
G1 X104.536 Y260.535
G1 X104.228 Y261.223
G1 X103.989 Y261.990
G1 X103.818 Y262.848
G1 X103.719 Y263.808
G1 X103.688 Y264.881
G1 X103.726 Y266.083
G1 X103.828 Y267.427
G1 X103.992 Y268.932
G1 X104.212 Y270.620
G1 X104.490 Y272.517
G1 X104.792 Y274.495
G1 X104.816 Y274.654
G1 X105.120 Y276.631
G1 X105.189 Y277.072
G1 X105.487 Y279.049
G1 X105.602 Y279.819
G1 X105.883 Y281.799
G1 X106.047 Y282.955
G1 X106.303 Y284.939
G1 X106.512 Y286.556
G1 X106.950 Y290.533
G1 X106.969 Y290.713
G1 X107.142 Y292.706
G1 X107.314 Y294.700
G1 X107.386 Y295.534
G1 X107.604 Y299.528
G1 X107.689 Y301.096
G1 X107.691 Y301.143
G1 X107.715 Y303.143
G1 X107.768 Y307.142
G1 X107.773 Y307.511
G1 X107.771 Y307.651
G1 X107.605 Y311.649
G1 X107.522 Y313.647
G1 X107.470 Y314.871
G1 X107.451 Y315.120
G1 X107.230 Y317.108
G1 X107.007 Y319.095
G1 X106.562 Y323.070
G1 X106.560 Y323.087
G1 X106.504 Y323.451
G1 X105.726 Y327.374
G1 X105.337 Y329.337
G1 X104.949 Y331.298
G1 X104.842 Y331.836
G1 X104.727 Y332.299
G1 X102.459 Y339.971
G1 X102.286 Y340.561
G1 X102.104 Y341.082
G1 X101.372 Y342.943
G1 X100.639 Y344.804
G1 X99.906 Y346.664
G1 X99.174 Y348.525
G1 X99.112 Y348.684
G1 X98.873 Y349.221
G1 X98.004 Y351.023
G1 X96.266 Y354.625
G1 X95.666 Y355.868
G1 X95.396 Y356.382
G1 X94.424 Y358.130
G1 X93.454 Y359.879
G1 X92.482 Y361.627
G1 X92.257 Y362.032
G1 X91.976 Y362.508
G1 X90.932 Y364.214
G1 X89.067 Y367.262
G1 X88.791 Y367.693
G1 X86.603 Y371.042
G1 X86.177 Y371.697
G1 X85.915 Y372.083
G1 X84.788 Y373.737
G1 X83.662 Y375.390
G1 X83.604 Y375.476
G1 X83.363 Y375.821
G1 X81.337 Y378.721
G1 X81.118 Y379.028
G1 X79.964 Y380.662
G1 X79.351 Y381.528
G1 X79.155 Y381.802
G1 X77.615 Y383.978
G1 X77.441 Y384.220
G1 X76.293 Y385.857
G1 X76.102 Y386.129
G1 X75.950 Y386.343
G1 X74.813 Y387.987
G1 X74.782 Y388.032
G1 X74.650 Y388.222
G1 X73.631 Y389.728
G1 X73.518 Y389.893
G1 X73.447 Y390.000
G1 X81.169 Y390.000
G1 X82.120 Y388.826
G1 X82.312 Y388.586
G1 X83.579 Y387.039
G1 X83.694 Y386.900
G1 X83.920 Y386.622
G1 X85.491 Y384.708
G1 X85.752 Y384.385
G1 X87.014 Y382.835
G1 X87.535 Y382.197
G1 X87.833 Y381.823
G1 X89.848 Y379.303
G1 X90.183 Y378.874
G1 X91.406 Y377.292
G1 X92.443 Y375.951
G1 X92.813 Y375.458
G1 X95.183 Y372.237
G1 X95.321 Y372.050
G1 X95.719 Y371.488
G1 X96.851 Y369.839
G1 X97.983 Y368.191
G1 X98.454 Y367.506
G1 X98.870 Y366.870
G1 X99.930 Y365.174
G1 X100.991 Y363.479
G1 X101.775 Y362.227
G1 X102.190 Y361.518
G1 X103.157 Y359.767
G1 X105.091 Y356.268
G1 X105.155 Y356.151
G1 X105.548 Y355.382
G1 X108.100 Y349.951
G1 X108.407 Y349.297
G1 X108.750 Y348.491
G1 X110.175 Y344.755
G1 X110.887 Y342.884
G1 X111.299 Y341.803
G1 X111.569 Y340.999
G1 X112.127 Y339.078
G1 X112.686 Y337.158
G1 X113.244 Y335.237
G1 X113.620 Y333.941
G1 X113.806 Y333.185
G1 X114.205 Y331.225
G1 X114.605 Y329.266
G1 X115.255 Y326.073
G1 X115.363 Y325.404
G1 X116.102 Y319.449
G1 X116.214 Y318.537
G1 X116.263 Y317.978
G1 X116.370 Y315.981
G1 X116.476 Y313.983
G1 X116.582 Y311.986
G1 X116.605 Y311.571
G1 X116.615 Y311.129
G1 X116.600 Y309.130
G1 X116.586 Y307.130
G1 X116.571 Y305.290
G1 X116.561 Y304.959
G1 X116.324 Y300.965
G1 X116.250 Y299.706
G1 X116.231 Y299.472
G1 X116.025 Y297.482
G1 X115.818 Y295.494
G1 X115.743 Y294.779
G1 X115.725 Y294.627
G1 X115.163 Y290.667
G1 X115.130 Y290.439
G1 X115.117 Y290.355
G1 X114.770 Y288.385
G1 X114.457 Y286.611
G1 X114.452 Y286.585
G1 X114.051 Y284.625
G1 X113.767 Y283.246
G1 X113.314 Y281.299
G1 X113.078 Y280.281
G1 X112.583 Y278.343
G1 X112.402 Y277.636
G1 X111.869 Y275.709
G1 X111.747 Y275.270
G1 X111.181 Y273.353
G1 X111.120 Y273.145
G1 X110.528 Y271.234
G1 X110.527 Y271.232
G1 X109.974 Y269.508
G1 X109.463 Y267.950
G1 X109.001 Y266.543
G1 X108.593 Y265.272
G1 X108.242 Y264.126
G1 X107.956 Y263.094
G1 X107.739 Y262.169
G1 X107.595 Y261.340
G1 X107.530 Y260.604
G1 X107.546 Y259.950
G1 X107.643 Y259.374
G1 X107.822 Y258.867
G1 X108.077 Y258.422
G1 X108.402 Y258.026
G1 X108.786 Y257.673
G1 X109.215 Y257.349
G1 X109.670 Y257.042
G1 X110.109 Y256.751
G1 X110.131 Y256.737
G1 X110.529 Y256.452
G1 X110.572 Y256.421
G1 X110.913 Y256.130
G1 X110.970 Y256.080
G1 X111.236 Y255.771
G1 X111.299 Y255.699
G1 X111.481 Y255.365
G1 X111.534 Y255.267
G1 X111.623 Y254.905
G1 X111.659 Y254.769
G1 X111.733 Y254.235
G1 X111.793 Y253.972
G1 X111.903 Y253.175
G1 X111.987 Y252.762
G1 X112.125 Y251.699
G1 X112.229 Y251.126
G1 X112.385 Y249.802
G1 X112.500 Y249.071
G1 X112.657 Y247.496
G1 X112.772 Y246.629
G1 X112.911 Y244.818
G1 X113.011 Y243.853
G1 X113.094 Y241.861
G1 X113.135 Y240.907
G1 X113.066 Y238.907
G1 X113.036 Y238.046
G1 X112.812 Y236.058
G1 X112.730 Y235.332
G1 X112.355 Y233.367
G1 X112.250 Y232.817
G1 X111.735 Y230.884
G1 X111.643 Y230.543
G1 X111.006 Y228.648
G1 X110.972 Y228.542
G1 X110.299 Y226.830
G1 X109.701 Y225.406
G1 X109.250 Y224.250
G1 X109.013 Y223.321
G1 X109.044 Y222.560
G1 X109.388 Y221.896
G1 X110.061 Y221.247
G1 X111.062 Y220.520
G1 X111.232 Y220.431
G1 X110.351 Y218.636
G1 X110.043 Y218.007
G1 X109.252 Y216.169
G1 X108.975 Y215.528
G1 X108.274 Y213.655
G1 X108.029 Y213.000
G1 X107.421 Y211.095
G1 X107.207 Y210.428
G1 X106.695 Y208.495
G1 X106.515 Y207.819
G1 X106.096 Y205.863
G1 X105.950 Y205.180
G1 X105.628 Y203.205
G1 X105.516 Y202.515
G1 X105.291 Y200.527
G1 X105.213 Y199.831
G1 X105.086 Y197.836
G1 X105.042 Y197.137
G1 X105.014 Y195.138
G1 X105.003 Y194.439
G1 X105.073 Y192.440
G1 X105.097 Y191.743
G1 X105.264 Y189.749
G1 X105.323 Y189.051
G1 X105.588 Y187.070
G1 X105.680 Y186.375
G1 X106.042 Y184.409
G1 X106.169 Y183.722
G1 X106.627 Y181.775
G1 X106.786 Y181.093
G1 X107.341 Y179.171
G1 X107.534 Y178.498
G1 X108.181 Y176.605
G1 X108.407 Y175.944
G1 X109.146 Y174.085
G1 X109.403 Y173.435
G1 X110.233 Y171.615
G1 X110.523 Y170.978
G1 X111.440 Y169.201
G1 X111.761 Y168.580
G1 X112.764 Y166.850
G1 X113.116 Y166.245
G1 X114.203 Y164.566
G1 X114.583 Y163.980
G1 X115.751 Y162.356
G1 X116.161 Y161.788
G1 X117.406 Y160.224
G1 X117.842 Y159.676
G1 X119.165 Y158.175
G1 X119.627 Y157.650
G1 X121.021 Y156.216
G1 X121.508 Y155.714
G1 X122.970 Y154.349
G1 X123.482 Y153.873
G1 X125.544 Y152.131
G1 X127.133 Y150.917
G1 X127.689 Y150.492
G1 X129.337 Y149.357
G1 X129.912 Y148.960
G1 X131.613 Y147.907
G1 X132.207 Y147.539
G1 X133.957 Y146.570
G1 X134.569 Y146.232
G1 X136.993 Y145.043
G1 X138.829 Y144.251
G1 X139.472 Y143.975
G1 X140.634 Y142.729
G1 X140.994 Y140.761
G1 X141.107 Y140.142
G1 X141.417 Y138.167
G1 X141.505 Y137.604
G1 X141.775 Y135.622
G1 X141.843 Y135.121
G1 X142.084 Y133.135
G1 X142.137 Y132.696
G1 X142.358 Y130.709
G1 X142.400 Y130.332
G1 X142.612 Y128.344
G1 X142.646 Y128.029
G1 X142.858 Y126.038
G1 X142.887 Y125.776
G1 X143.106 Y123.788
G1 X143.130 Y123.577
G1 X143.366 Y121.591
G1 X143.384 Y121.423
G1 X143.640 Y119.440
G1 X143.657 Y119.310
G1 X143.937 Y117.330
G1 X143.951 Y117.233
G1 X144.260 Y115.257
G1 X144.270 Y115.186
G1 X144.610 Y113.215
G1 X144.618 Y113.163
G1 X144.989 Y111.199
G1 X144.989 Y111.198
G1 X144.995 Y111.164
G1 X145.397 Y109.205
G1 X145.402 Y109.182
G1 X145.835 Y107.230
G1 X145.839 Y107.216
G1 X146.304 Y105.271
G1 X146.306 Y105.264
G1 X146.802 Y103.326
G1 X146.802 Y103.323
G1 X147.327 Y101.395
G1 X147.878 Y99.475
G1 X148.455 Y97.568
G1 X149.056 Y95.672
G1 X149.679 Y93.790
G1 X150.322 Y91.917
G1 X150.983 Y90.060
G1 X151.659 Y88.219
G1 X152.349 Y86.392
G1 X153.049 Y84.585
G1 X153.756 Y82.796
G1 X154.468 Y81.025
G1 X155.182 Y79.272
G1 X155.895 Y77.540
G1 X156.603 Y75.828
G1 X157.305 Y74.136
G1 X157.996 Y72.459
G1 X158.675 Y70.802
G1 X159.339 Y69.156
G1 X159.985 Y67.526
G1 X160.614 Y65.910
G1 X161.222 Y64.298
G1 X161.808 Y62.698
G1 X162.372 Y61.101
G1 X162.914 Y59.507
G1 X163.432 Y57.912
G1 X163.928 Y56.315
G1 X164.402 Y54.713
G1 X164.855 Y53.105
G1 X165.287 Y51.485
G1 X165.703 Y49.856
G1 X166.101 Y48.215
G1 X166.484 Y46.561
G1 X166.853 Y44.891
G1 X167.211 Y43.207
G1 X167.557 Y41.506
G1 X167.876 Y39.796
G1 X168.163 Y38.075
G1 X168.425 Y36.343
G1 X168.663 Y34.596
G1 X168.884 Y32.834
G1 X169.089 Y31.057
G1 X169.282 Y29.263
G1 X169.468 Y27.453
G1 X169.648 Y25.625
G1 X169.826 Y23.780
G1 X170.003 Y21.918
G1 X170.186 Y20.040
G1 X170.375 Y18.145
G1 X170.573 Y16.235
G1 X170.784 Y14.309
G1 X171.009 Y12.371
G1 X171.250 Y10.420
G1 X171.508 Y8.457
G1 X171.789 Y6.484
G1 X172.057 Y4.712
G1 X173.073 Y4.551
G1 X173.251 Y4.517
G1 X174.076 Y4.310
G1 X174.207 Y4.270
G1 X174.266 Y4.252
G1 X173.985 Y6.300
G1 X173.737 Y8.338
G1 X173.517 Y10.363
G1 X173.323 Y12.374
G1 X173.154 Y14.367
G1 X173.004 Y16.344
G1 X172.872 Y18.301
G1 X172.754 Y20.238
G1 X172.648 Y22.156
G1 X172.548 Y24.052
G1 X172.452 Y25.929
G1 X172.357 Y27.784
G1 X172.259 Y29.620
G1 X172.154 Y31.437
G1 X172.037 Y33.236
G1 X171.909 Y35.018
G1 X171.761 Y36.784
G1 X171.594 Y38.538
G1 X171.401 Y40.278
G1 X171.181 Y42.009
G1 X170.929 Y43.731
G1 X170.641 Y45.449
G1 X170.317 Y47.163
G1 X169.951 Y48.878
G1 X169.553 Y50.591
G1 X169.146 Y52.293
G1 X168.729 Y53.986
G1 X168.301 Y55.670
G1 X167.862 Y57.345
G1 X167.407 Y59.015
G1 X166.939 Y60.679
G1 X166.457 Y62.339
G1 X165.959 Y63.999
G1 X165.449 Y65.657
G1 X164.922 Y67.319
G1 X164.381 Y68.982
G1 X163.827 Y70.652
G1 X163.259 Y72.328
G1 X162.679 Y74.013
G1 X162.090 Y75.710
G1 X161.491 Y77.414
G1 X160.276 Y80.864
G1 X159.662 Y82.611
G1 X159.047 Y84.374
G1 X158.434 Y86.152
G1 X157.824 Y87.947
G1 X157.220 Y89.758
G1 X156.626 Y91.587
G1 X156.038 Y93.433
G1 X155.464 Y95.296
G1 X154.903 Y97.178
G1 X154.357 Y99.078
G1 X153.828 Y100.996
G1 X153.318 Y102.931
G1 X153.315 Y102.936
G1 X152.828 Y104.876
G1 X152.822 Y104.896
G1 X152.358 Y106.841
G1 X152.348 Y106.877
G1 X151.904 Y108.828
G1 X151.905 Y108.829
G1 X151.892 Y108.885
G1 X151.470 Y110.842
G1 X151.453 Y110.917
G1 X151.052 Y112.876
G1 X151.031 Y112.978
G1 X150.649 Y114.941
G1 X150.624 Y115.069
G1 X150.258 Y117.036
G1 X150.228 Y117.195
G1 X149.876 Y119.163
G1 X149.840 Y119.358
G1 X149.495 Y121.328
G1 X149.455 Y121.560
G1 X149.114 Y123.531
G1 X149.067 Y123.805
G1 X148.722 Y125.775
G1 X148.667 Y126.093
G1 X148.313 Y128.061
G1 X148.248 Y128.427
G1 X147.877 Y130.392
G1 X147.800 Y130.806
G1 X147.310 Y133.229
G1 X146.884 Y135.182
G1 X146.771 Y135.690
G1 X146.300 Y137.633
G1 X146.167 Y138.185
G1 X145.488 Y140.701
G1 X145.075 Y142.063
G1 X143.165 Y142.654
G1 X142.495 Y142.860
G1 X140.615 Y143.545
G1 X139.958 Y143.782
G1 X138.114 Y144.556
G1 X137.469 Y144.827
G1 X135.665 Y145.691
G1 X135.034 Y145.992
G1 X133.275 Y146.944
G1 X132.661 Y147.277
G1 X130.950 Y148.315
G1 X130.351 Y148.676
G1 X128.694 Y149.795
G1 X128.114 Y150.186
G1 X126.513 Y151.385
G1 X125.953 Y151.805
G1 X124.413 Y153.081
G1 X123.875 Y153.528
G1 X122.400 Y154.878
G1 X121.883 Y155.350
G1 X119.984 Y157.268
G1 X118.647 Y158.756
G1 X118.181 Y159.277
G1 X116.919 Y160.829
G1 X116.478 Y161.372
G1 X115.294 Y162.983
G1 X114.879 Y163.548
G1 X113.777 Y165.217
G1 X113.391 Y165.800
G1 X112.372 Y167.521
G1 X112.015 Y168.122
G1 X110.754 Y170.509
G1 X109.908 Y172.321
G1 X109.612 Y172.956
G1 X108.854 Y174.807
G1 X108.590 Y175.454
G1 X107.925 Y177.341
G1 X107.693 Y178.000
G1 X107.122 Y179.917
G1 X106.922 Y180.587
G1 X106.446 Y182.529
G1 X106.279 Y183.209
G1 X105.898 Y185.172
G1 X105.765 Y185.861
G1 X105.481 Y187.838
G1 X105.381 Y188.531
G1 X105.195 Y190.522
G1 X105.130 Y191.219
G1 X105.042 Y193.217
G1 X105.011 Y193.918
G1 X105.022 Y195.916
G1 X105.025 Y196.615
G1 X105.132 Y198.612
G1 X105.169 Y199.311
G1 X105.375 Y201.301
G1 X105.447 Y201.996
G1 X105.750 Y203.972
G1 X105.857 Y204.665
G1 X106.256 Y206.625
G1 X106.395 Y207.310
G1 X106.890 Y209.248
G1 X107.064 Y209.925
G1 X107.654 Y211.837
G1 X107.860 Y212.505
G1 X108.782 Y215.041
G1 X109.556 Y216.885
G1 X109.827 Y217.531
G1 X110.691 Y219.334
G1 X110.993 Y219.966
G1 X111.945 Y221.725
G1 X112.277 Y222.340
G1 X113.314 Y224.050
G1 X113.676 Y224.648
G1 X114.796 Y226.307
G1 X115.186 Y226.886
G1 X116.385 Y228.486
G1 X116.806 Y229.048
G1 X118.081 Y230.586
G1 X118.529 Y231.125
G1 X118.593 Y232.356
G1 X118.693 Y234.353
G1 X118.737 Y235.240
G1 X118.672 Y237.240
G1 X118.638 Y238.233
G1 X118.410 Y240.220
G1 X118.289 Y241.272
G1 X117.902 Y243.234
G1 X117.691 Y244.298
G1 X117.158 Y246.219
G1 X116.895 Y247.214
G1 X116.338 Y248.909
G1 X116.088 Y249.726
G1 X115.549 Y251.149
G1 X115.326 Y251.776
G1 X114.821 Y252.922
G1 X114.634 Y253.370
G1 X114.173 Y254.246
G1 X114.026 Y254.533
G1 X113.615 Y255.148
G1 X113.510 Y255.305
G1 X113.149 Y255.676
G1 X113.080 Y255.741
G1 X112.743 Y255.945
G1 X112.689 Y255.978
G1 X112.297 Y256.168
G1 X112.263 Y256.184
G1 X111.837 Y256.376
G1 X111.831 Y256.377
G1 X111.419 Y256.574
G1 X111.049 Y256.790
G1 X110.742 Y257.038
G1 X110.509 Y257.332
G1 X110.362 Y257.679
G1 X110.306 Y258.090
G1 X110.346 Y258.569
G1 X110.476 Y259.124
G1 X110.693 Y259.757
G1 X110.993 Y260.474
G1 X111.369 Y261.277
G1 X111.813 Y262.171
G1 X112.317 Y263.158
G1 X112.876 Y264.242
G1 X113.481 Y265.431
G1 X114.126 Y266.729
G1 X114.805 Y268.139
G1 X115.510 Y269.676
G1 X116.240 Y271.347
G1 X116.987 Y273.168
G1 X117.703 Y275.033
G1 X117.747 Y275.147
G1 X118.416 Y277.031
G1 X118.514 Y277.308
G1 X119.132 Y279.210
G1 X119.282 Y279.673
G1 X119.847 Y281.592
G1 X120.044 Y282.265
G1 X120.552 Y284.201
G1 X120.789 Y285.101
G1 X120.791 Y285.118
G1 X121.239 Y287.067
G1 X121.499 Y288.206
G1 X121.510 Y288.264
G1 X122.166 Y291.639
G1 X122.185 Y291.745
G1 X122.495 Y293.720
G1 X122.765 Y295.440
G1 X122.788 Y295.605
G1 X123.254 Y299.578
G1 X123.263 Y299.656
G1 X123.286 Y299.890
G1 X123.435 Y301.884
G1 X123.581 Y303.878
G1 X123.615 Y304.328
G1 X123.632 Y304.642
G1 X123.738 Y308.640
G1 X123.761 Y309.489
G1 X123.762 Y309.896
G1 X123.710 Y311.895
G1 X123.660 Y313.894
G1 X123.627 Y315.152
G1 X123.600 Y315.661
G1 X123.432 Y317.655
G1 X123.266 Y319.647
G1 X123.127 Y321.293
G1 X123.056 Y321.909
G1 X122.762 Y323.887
G1 X122.468 Y325.866
G1 X122.175 Y327.837
G1 X122.043 Y328.556
G1 X121.185 Y332.464
G1 X120.755 Y334.416
G1 X120.705 Y334.648
G1 X120.497 Y335.453
G1 X119.362 Y339.289
G1 X118.796 Y341.207
G1 X118.700 Y341.534
G1 X118.407 Y342.398
G1 X116.294 Y348.014
G1 X116.197 Y348.275
G1 X115.825 Y349.163
G1 X114.161 Y352.800
G1 X113.329 Y354.620
G1 X113.308 Y354.666
G1 X112.868 Y355.543
G1 X111.921 Y357.305
G1 X110.974 Y359.066
G1 X110.174 Y360.555
G1 X109.690 Y361.390
G1 X107.599 Y364.800
G1 X106.952 Y365.856
G1 X106.447 Y366.630
G1 X104.192 Y369.934
G1 X103.772 Y370.550
G1 X103.268 Y371.251
G1 X100.885 Y374.463
G1 X100.736 Y374.662
G1 X100.251 Y375.288
G1 X99.010 Y376.856
G1 X97.910 Y378.245
G1 X97.456 Y378.797
G1 X96.178 Y380.335
G1 X95.326 Y381.360
G1 X94.912 Y381.845
G1 X93.609 Y383.361
G1 X92.998 Y384.073
G1 X92.628 Y384.492
G1 X91.310 Y385.997
G1 X90.922 Y386.439
G1 X90.598 Y386.802
G1 X89.276 Y388.302
G1 X89.089 Y388.512
G1 X88.809 Y388.824
G1 X87.774 Y390.000
G1 X93.303 Y390.000
G1 X94.475 Y388.725
G1 X94.514 Y388.684
G1 X94.836 Y388.326
G1 X96.188 Y386.852
G1 X96.406 Y386.614
G1 X96.786 Y386.188
G1 X98.545 Y384.241
G1 X100.304 Y382.241
G1 X100.938 Y381.518
G1 X101.430 Y380.939
G1 X102.720 Y379.410
G1 X103.576 Y378.394
G1 X104.116 Y377.730
G1 X105.363 Y376.165
G1 X106.435 Y374.819
G1 X107.009 Y374.065
G1 X109.391 Y370.851
G1 X109.466 Y370.750
G1 X110.057 Y369.909
G1 X111.179 Y368.253
G1 X112.300 Y366.597
G1 X112.596 Y366.161
G1 X113.180 Y365.244
G1 X115.719 Y361.060
G1 X116.272 Y360.083
G1 X118.153 Y356.554
G1 X118.718 Y355.492
G1 X119.214 Y354.485
G1 X120.046 Y352.667
G1 X120.878 Y350.847
G1 X121.470 Y349.553
G1 X121.889 Y348.548
G1 X123.319 Y344.812
G1 X123.868 Y343.380
G1 X124.200 Y342.413
G1 X124.793 Y340.502
G1 X125.386 Y338.592
G1 X125.839 Y337.133
G1 X126.085 Y336.235
G1 X126.556 Y334.291
G1 X127.025 Y332.347
G1 X127.358 Y330.972
G1 X127.526 Y330.167
G1 X127.876 Y328.198
G1 X128.228 Y326.230
G1 X128.441 Y325.031
G1 X128.545 Y324.332
G1 X128.782 Y322.346
G1 X129.018 Y320.360
G1 X129.132 Y319.410
G1 X129.185 Y318.818
G1 X129.447 Y314.826
G1 X129.490 Y314.162
G1 X129.510 Y313.673
G1 X129.540 Y311.673
G1 X129.572 Y309.675
G1 X129.577 Y309.310
G1 X129.575 Y308.915
G1 X129.451 Y304.917
G1 X129.449 Y304.851
G1 X129.433 Y304.537
G1 X129.286 Y302.542
G1 X129.155 Y300.763
G1 X129.132 Y300.518
G1 X128.905 Y298.532
G1 X128.732 Y297.016
G1 X128.708 Y296.832
G1 X128.406 Y294.854
G1 X128.211 Y293.582
G1 X128.188 Y293.445
G1 X127.816 Y291.480
G1 X127.616 Y290.425
G1 X127.595 Y290.328
G1 X127.155 Y288.377
G1 X126.960 Y287.517
G1 X126.944 Y287.451
G1 X126.439 Y285.516
G1 X126.260 Y284.829
G1 X126.250 Y284.789
G1 X125.684 Y282.871
G1 X125.525 Y282.337
G1 X125.519 Y282.320
G1 X124.893 Y280.420
G1 X124.762 Y280.021
G1 X124.079 Y278.141
G1 X123.983 Y277.878
G1 X123.245 Y276.019
G1 X123.188 Y275.875
G1 X122.398 Y274.038
G1 X122.382 Y274.001
G1 X121.570 Y272.246
G1 X120.754 Y270.600
G1 X119.941 Y269.059
G1 X119.134 Y267.614
G1 X118.341 Y266.263
G1 X117.565 Y265.002
G1 X116.813 Y263.831
G1 X116.094 Y262.745
G1 X115.413 Y261.745
G1 X114.783 Y260.829
G1 X114.211 Y259.997
G1 X113.705 Y259.249
G1 X113.277 Y258.584
G1 X112.936 Y258.001
G1 X112.690 Y257.499
G1 X112.542 Y257.073
G1 X112.500 Y256.722
G1 X112.563 Y256.442
G1 X112.725 Y256.217
G1 X112.978 Y256.046
G1 X113.308 Y255.911
G1 X113.744 Y255.718
G1 X114.312 Y255.378
G1 X114.964 Y254.872
G1 X115.010 Y254.833
G1 X115.723 Y254.137
G1 X115.839 Y254.018
G1 X116.603 Y253.105
G1 X116.797 Y252.867
G1 X117.607 Y251.715
G1 X117.885 Y251.318
G1 X118.734 Y249.909
G1 X119.093 Y249.317
G1 X119.970 Y247.636
G1 X120.397 Y246.831
G1 X121.208 Y245.002
G1 X121.621 Y244.075
G1 X122.291 Y242.190
G1 X122.657 Y241.164
G1 X123.176 Y239.232
G1 X123.470 Y238.142
G1 X123.785 Y236.394
G1 X122.313 Y235.041
G1 X121.798 Y234.567
G1 X120.392 Y233.143
G1 X119.902 Y232.645
G1 X118.570 Y231.154
G1 X118.103 Y230.632
G1 X116.845 Y229.077
G1 X116.405 Y228.533
G1 X115.225 Y226.918
G1 X114.813 Y226.354
G1 X113.713 Y224.683
G1 X113.328 Y224.099
G1 X111.957 Y221.774
G1 X111.027 Y220.004
G1 X110.701 Y219.384
G1 X109.859 Y217.570
G1 X109.564 Y216.936
G1 X108.811 Y215.083
G1 X108.548 Y214.435
G1 X107.887 Y212.547
G1 X107.656 Y211.887
G1 X107.088 Y209.969
G1 X106.891 Y209.298
G1 X106.418 Y207.355
G1 X106.253 Y206.675
G1 X105.877 Y204.711
G1 X105.745 Y204.023
G1 X105.466 Y202.042
G1 X105.368 Y201.350
G1 X105.122 Y198.661
G1 X105.038 Y196.664
G1 X105.009 Y195.965
G1 X105.023 Y193.965
G1 X105.028 Y193.265
G1 X105.140 Y191.268
G1 X105.179 Y190.570
G1 X105.389 Y188.581
G1 X105.462 Y187.887
G1 X105.769 Y185.910
G1 X105.877 Y185.218
G1 X106.282 Y183.259
G1 X106.422 Y182.574
G1 X106.922 Y180.637
G1 X107.095 Y179.960
G1 X107.691 Y178.050
G1 X107.897 Y177.382
G1 X108.584 Y175.504
G1 X108.824 Y174.847
G1 X109.876 Y172.360
G1 X110.745 Y170.558
G1 X111.047 Y169.928
G1 X112.002 Y168.170
G1 X112.335 Y167.556
G1 X113.740 Y165.251
G1 X114.863 Y163.596
G1 X115.256 Y163.017
G1 X116.880 Y160.860
G1 X118.158 Y159.323
G1 X118.606 Y158.785
G1 X119.960 Y157.312
G1 X120.433 Y156.797
G1 X121.858 Y155.393
G1 X122.355 Y154.901
G1 X123.846 Y153.569
G1 X124.368 Y153.103
G1 X125.923 Y151.845
G1 X126.467 Y151.405
G1 X128.081 Y150.225
G1 X128.646 Y149.812
G1 X130.317 Y148.713
G1 X130.901 Y148.328
G1 X133.226 Y146.958
G1 X134.996 Y146.026
G1 X135.616 Y145.701
G1 X137.430 Y144.859
G1 X138.064 Y144.564
G1 X139.917 Y143.811
G1 X140.564 Y143.548
G1 X143.113 Y142.656
G1 X145.031 Y142.089
G1 X145.702 Y141.891
G1 X147.646 Y141.418
G1 X148.325 Y141.253
G1 X148.980 Y140.509
G1 X149.699 Y138.643
G1 X149.892 Y138.141
G1 X150.557 Y136.255
G1 X150.731 Y135.760
G1 X151.347 Y133.858
G1 X151.501 Y133.382
G1 X152.075 Y131.466
G1 X152.211 Y131.015
G1 X152.750 Y129.089
G1 X152.867 Y128.668
G1 X153.378 Y126.734
G1 X153.481 Y126.347
G1 X154.058 Y124.055
G1 X154.531 Y122.112
G1 X154.607 Y121.796
G1 X155.070 Y119.850
G1 X155.134 Y119.571
G1 X155.590 Y117.624
G1 X155.648 Y117.380
G1 X156.100 Y115.432
G1 X156.148 Y115.222
G1 X156.603 Y113.275
G1 X156.644 Y113.098
G1 X157.104 Y111.152
G1 X157.138 Y111.005
G1 X157.604 Y109.060
G1 X157.632 Y108.942
G1 X158.106 Y106.999
G1 X158.130 Y106.908
G1 X158.613 Y104.968
G1 X158.631 Y104.902
G1 X159.126 Y102.964
G1 X159.137 Y102.921
G1 X159.644 Y100.986
G1 X159.649 Y100.964
G1 X160.167 Y99.032
G1 X160.690 Y97.118
G1 X161.217 Y95.227
G1 X161.750 Y93.354
G1 X162.285 Y91.501
G1 X162.822 Y89.664
G1 X163.361 Y87.843
G1 X163.897 Y86.037
G1 X164.432 Y84.244
G1 X164.965 Y82.464
G1 X165.493 Y80.693
G1 X166.017 Y78.934
G1 X166.534 Y77.183
G1 X167.044 Y75.439
G1 X167.547 Y73.702
G1 X168.040 Y71.965
G1 X168.527 Y70.233
G1 X169.004 Y68.502
G1 X169.473 Y66.773
G1 X169.933 Y65.041
G1 X170.384 Y63.307
G1 X170.828 Y61.569
G1 X171.264 Y59.827
G1 X171.693 Y58.080
G1 X172.117 Y56.326
G1 X172.534 Y54.566
G1 X172.914 Y52.813
G1 X173.245 Y51.071
G1 X173.530 Y49.335
G1 X173.773 Y47.602
G1 X173.975 Y45.869
G1 X174.140 Y44.133
G1 X174.279 Y42.264
G1 X174.371 Y40.642
G1 X174.444 Y38.877
G1 X174.492 Y37.103
G1 X174.520 Y35.306
G1 X174.532 Y33.494
G1 X174.530 Y31.660
G1 X174.520 Y29.802
G1 X174.504 Y27.920
G1 X174.489 Y26.013
G1 X174.477 Y24.079
G1 X174.473 Y22.118
G1 X174.484 Y20.130
G1 X174.511 Y18.113
G1 X174.559 Y16.072
G1 X174.634 Y14.005
G1 X174.740 Y11.912
G1 X174.881 Y9.800
G1 X175.066 Y7.666
G1 X175.296 Y5.517
G1 X175.543 Y3.583
G1 X175.999 Y3.258
G1 X176.057 Y3.217
G1 X176.538 Y2.873
G1 X176.593 Y2.835
G1 X176.632 Y2.807
G1 X176.314 Y5.094
G1 X176.313 Y5.102
G1 X176.049 Y7.375
G1 X176.048 Y7.382
G1 X175.835 Y9.641
G1 X175.835 Y9.645
G1 X175.671 Y11.883
G1 X175.672 Y11.885
G1 X175.558 Y14.100
G1 X175.492 Y16.286
G1 X175.472 Y18.440
G1 X175.497 Y20.562
G1 X175.562 Y22.646
G1 X175.667 Y24.692
G1 X175.806 Y26.698
G1 X175.958 Y28.666
G1 X176.112 Y30.601
G1 X176.261 Y32.503
G1 X176.402 Y34.374
G1 X176.529 Y36.216
G1 X176.637 Y38.034
G1 X176.723 Y39.830
G1 X176.783 Y41.607
G1 X176.812 Y43.369
G1 X176.807 Y45.121
G1 X176.765 Y46.863
G1 X176.681 Y48.602
G1 X176.557 Y50.342
G1 X176.384 Y52.085
G1 X176.165 Y53.836
G1 X175.896 Y55.599
G1 X175.573 Y57.378
G1 X175.194 Y59.178
G1 X174.770 Y60.997
G1 X174.336 Y62.815
G1 X173.899 Y64.629
G1 X173.461 Y66.441
G1 X173.017 Y68.250
G1 X172.572 Y70.058
G1 X172.122 Y71.865
G1 X171.667 Y73.673
G1 X171.206 Y75.482
G1 X170.741 Y77.294
G1 X170.270 Y79.109
G1 X169.795 Y80.930
G1 X169.314 Y82.756
G1 X168.828 Y84.590
G1 X168.338 Y86.433
G1 X167.842 Y88.286
G1 X167.343 Y90.151
G1 X165.818 Y95.826
G1 X165.302 Y97.750
G1 X164.784 Y99.682
G1 X164.781 Y99.692
G1 X164.264 Y101.624
G1 X164.257 Y101.654
G1 X163.737 Y103.585
G1 X163.725 Y103.635
G1 X163.207 Y105.567
G1 X163.188 Y105.638
G1 X162.667 Y107.569
G1 X162.642 Y107.664
G1 X162.120 Y109.593
G1 X162.088 Y109.713
G1 X161.561 Y111.642
G1 X161.522 Y111.785
G1 X160.989 Y113.713
G1 X160.942 Y113.882
G1 X160.399 Y115.806
G1 X160.345 Y116.003
G1 X159.790 Y117.924
G1 X159.725 Y118.146
G1 X159.155 Y120.063
G1 X159.081 Y120.313
G1 X158.492 Y122.224
G1 X158.408 Y122.499
G1 X157.796 Y124.403
G1 X157.700 Y124.701
G1 X157.060 Y126.596
G1 X156.952 Y126.916
G1 X156.280 Y128.800
G1 X156.160 Y129.138
G1 X155.451 Y131.008
G1 X155.318 Y131.359
G1 X154.568 Y133.213
G1 X154.423 Y133.572
G1 X153.626 Y135.406
G1 X153.471 Y135.764
G1 X152.624 Y137.576
G1 X152.461 Y137.926
G1 X151.559 Y139.712
G1 X151.699 Y140.630
G1 X149.730 Y140.980
G1 X149.041 Y141.103
G1 X146.410 Y141.705
G1 X143.810 Y142.436
G1 X141.915 Y143.071
G1 X141.253 Y143.294
G1 X138.737 Y144.276
G1 X136.912 Y145.094
G1 X136.274 Y145.381
G1 X134.492 Y146.287
G1 X133.868 Y146.605
G1 X132.132 Y147.598
G1 X131.525 Y147.945
G1 X129.840 Y149.023
G1 X129.250 Y149.399
G1 X127.620 Y150.557
G1 X127.049 Y150.962
G1 X125.478 Y152.200
G1 X124.928 Y152.633
G1 X123.419 Y153.946
G1 X122.892 Y154.405
G1 X120.945 Y156.275
G1 X119.571 Y157.728
G1 X119.091 Y158.237
G1 X117.792 Y159.757
G1 X117.337 Y160.289
G1 X115.685 Y162.424
G1 X114.540 Y164.064
G1 X114.140 Y164.638
G1 X113.077 Y166.332
G1 X112.705 Y166.925
G1 X111.727 Y168.669
G1 X111.384 Y169.279
G1 X110.494 Y171.069
G1 X110.181 Y171.696
G1 X109.379 Y173.527
G1 X109.097 Y174.168
G1 X108.137 Y176.691
G1 X107.517 Y178.593
G1 X107.300 Y179.258
G1 X106.775 Y181.189
G1 X106.592 Y181.862
G1 X106.163 Y183.816
G1 X106.011 Y184.499
G1 X105.679 Y186.470
G1 X105.563 Y187.161
G1 X105.325 Y189.147
G1 X105.243 Y189.841
G1 X105.104 Y191.836
G1 X105.054 Y192.534
G1 X105.000 Y195.235
G1 X105.058 Y197.232
G1 X105.078 Y197.932
G1 X105.234 Y199.926
G1 X105.288 Y200.623
G1 X105.541 Y202.608
G1 X105.629 Y203.301
G1 X105.980 Y205.270
G1 X106.103 Y205.959
G1 X106.548 Y207.909
G1 X106.705 Y208.590
G1 X107.247 Y210.516
G1 X107.436 Y211.189
G1 X108.072 Y213.085
G1 X108.295 Y213.749
G1 X109.022 Y215.611
G1 X109.277 Y216.263
G1 X110.094 Y218.088
G1 X110.381 Y218.726
G1 X111.288 Y220.510
G1 X111.605 Y221.132
G1 X112.598 Y222.868
G1 X112.945 Y223.475
G1 X114.022 Y225.160
G1 X114.399 Y225.750
G1 X115.558 Y227.380
G1 X115.963 Y227.951
G1 X117.199 Y229.522
G1 X117.634 Y230.072
G1 X118.946 Y231.581
G1 X119.404 Y232.108
G1 X120.790 Y233.551
G1 X121.274 Y234.055
G1 X122.728 Y235.429
G1 X123.237 Y235.909
G1 X124.758 Y237.209
G1 X125.289 Y237.663
G1 X126.865 Y238.894
G1 X126.991 Y238.992
G1 X125.878 Y241.385
G1 X124.900 Y243.130
G1 X124.441 Y243.947
G1 X122.909 Y246.281
G1 X121.339 Y248.386
G1 X120.115 Y249.850
G1 X119.857 Y250.155
G1 X118.696 Y251.389
G1 X118.558 Y251.533
G1 X117.470 Y252.572
G1 X117.442 Y252.597
G1 X116.507 Y253.422
G1 X115.752 Y254.072
G1 X115.173 Y254.607
G1 X114.768 Y255.074
G1 X114.531 Y255.512
G1 X114.461 Y255.945
G1 X114.548 Y256.391
G1 X114.788 Y256.863
G1 X115.165 Y257.377
G1 X115.639 Y257.976
G1 X116.201 Y258.655
G1 X116.838 Y259.421
G1 X117.539 Y260.270
G1 X118.291 Y261.198
G1 X119.083 Y262.205
G1 X119.908 Y263.288
G1 X120.754 Y264.446
G1 X121.616 Y265.677
G1 X122.485 Y266.981
G1 X123.356 Y268.359
G1 X124.224 Y269.809
G1 X125.085 Y271.333
G1 X125.934 Y272.932
G1 X126.769 Y274.610
G1 X127.584 Y276.368
G1 X128.376 Y278.205
G1 X128.377 Y278.211
G1 X129.115 Y280.070
G1 X129.147 Y280.145
G1 X129.831 Y282.025
G1 X129.886 Y282.175
G1 X130.514 Y284.074
G1 X130.592 Y284.309
G1 X131.164 Y286.224
G1 X131.261 Y286.551
G1 X131.261 Y286.554
G1 X131.773 Y288.488
G1 X131.886 Y288.916
G1 X131.888 Y288.922
G1 X132.337 Y290.871
G1 X132.463 Y291.413
G1 X132.466 Y291.426
G1 X132.853 Y293.387
G1 X132.984 Y294.054
G1 X132.988 Y294.079
G1 X133.310 Y296.053
G1 X133.440 Y296.857
G1 X133.447 Y296.900
G1 X133.699 Y298.884
G1 X133.821 Y299.839
G1 X133.829 Y299.907
G1 X134.011 Y301.898
G1 X134.114 Y303.020
G1 X134.122 Y303.122
G1 X134.231 Y305.118
G1 X134.303 Y306.420
G1 X134.310 Y306.566
G1 X134.367 Y310.065
G1 X134.367 Y310.265
G1 X134.320 Y312.265
G1 X134.280 Y313.969
G1 X134.268 Y314.240
G1 X134.138 Y316.236
G1 X134.013 Y318.155
G1 X133.983 Y318.507
G1 X133.763 Y320.494
G1 X133.544 Y322.483
G1 X133.528 Y322.628
G1 X133.468 Y323.076
G1 X132.845 Y327.027
G1 X132.789 Y327.388
G1 X132.687 Y327.939
G1 X131.868 Y331.854
G1 X131.753 Y332.410
G1 X131.596 Y333.070
G1 X131.085 Y335.004
G1 X130.573 Y336.937
G1 X130.385 Y337.651
G1 X130.160 Y338.415
G1 X128.666 Y343.037
G1 X128.359 Y343.898
G1 X127.639 Y345.762
G1 X126.918 Y347.628
G1 X126.591 Y348.475
G1 X126.198 Y349.408
G1 X125.375 Y351.230
G1 X124.551 Y353.053
G1 X124.188 Y353.855
G1 X123.709 Y354.832
G1 X122.787 Y356.606
G1 X121.865 Y358.381
G1 X121.511 Y359.061
G1 X120.956 Y360.052
G1 X118.930 Y363.500
G1 X118.640 Y363.992
G1 X118.031 Y364.964
G1 X115.838 Y368.309
G1 X115.669 Y368.568
G1 X115.026 Y369.494
G1 X113.859 Y371.118
G1 X112.694 Y372.741
G1 X112.044 Y373.600
G1 X109.802 Y376.491
G1 X109.169 Y377.271
G1 X107.895 Y378.813
G1 X107.061 Y379.825
G1 X106.465 Y380.519
G1 X104.521 Y382.767
G1 X103.977 Y383.372
G1 X102.642 Y384.863
G1 X102.212 Y385.344
G1 X101.729 Y385.868
G1 X100.381 Y387.345
G1 X100.146 Y387.603
G1 X99.728 Y388.048
G1 X98.374 Y389.521
G1 X98.320 Y389.578
G1 X97.969 Y389.953
G1 X97.926 Y390.000
G1 X101.824 Y390.000
G1 X102.187 Y389.604
G1 X102.534 Y389.219
G1 X103.889 Y387.747
G1 X103.920 Y387.714
G1 X104.343 Y387.243
G1 X105.693 Y385.766
G1 X105.900 Y385.539
G1 X106.400 Y384.976
G1 X107.733 Y383.485
G1 X108.127 Y383.044
G1 X108.700 Y382.382
G1 X110.008 Y380.868
G1 X110.591 Y380.192
G1 X111.225 Y379.430
G1 X112.495 Y377.884
G1 X113.258 Y376.956
G1 X113.935 Y376.096
G1 X115.158 Y374.513
G1 X116.077 Y373.322
G1 X116.774 Y372.373
G1 X117.937 Y370.747
G1 X118.977 Y369.294
G1 X119.665 Y368.279
G1 X120.760 Y366.605
G1 X121.854 Y364.931
G1 X121.871 Y364.905
G1 X122.521 Y363.849
G1 X124.554 Y360.405
G1 X124.666 Y360.214
G1 X125.254 Y359.152
G1 X127.116 Y355.612
G1 X127.276 Y355.307
G1 X127.782 Y354.277
G1 X128.623 Y352.462
G1 X129.463 Y350.648
G1 X129.631 Y350.286
G1 X130.045 Y349.323
G1 X131.541 Y345.613
G1 X131.684 Y345.258
G1 X132.007 Y344.390
G1 X132.662 Y342.501
G1 X133.318 Y340.610
G1 X133.418 Y340.320
G1 X133.656 Y339.567
G1 X134.218 Y337.648
G1 X134.783 Y335.728
G1 X134.835 Y335.547
G1 X135.003 Y334.918
G1 X135.951 Y331.033
G1 X135.960 Y330.995
G1 X136.070 Y330.493
G1 X136.459 Y328.531
G1 X136.822 Y326.695
G1 X136.888 Y326.311
G1 X137.193 Y324.334
G1 X137.452 Y322.656
G1 X137.489 Y322.379
G1 X137.715 Y320.391
G1 X137.887 Y318.874
G1 X137.904 Y318.689
G1 X138.052 Y316.695
G1 X138.154 Y315.333
G1 X138.160 Y315.226
G1 X138.279 Y312.013
G1 X138.280 Y311.969
G1 X138.282 Y309.969
G1 X138.283 Y308.899
G1 X138.184 Y305.994
G1 X138.048 Y303.997
G1 X137.996 Y303.233
G1 X137.793 Y301.243
G1 X137.728 Y300.602
G1 X137.462 Y298.620
G1 X137.390 Y298.085
G1 X137.062 Y296.112
G1 X136.988 Y295.670
G1 X136.599 Y293.708
G1 X136.527 Y293.349
G1 X136.080 Y291.399
G1 X136.014 Y291.111
G1 X135.510 Y289.175
G1 X135.452 Y288.951
G1 X134.893 Y287.032
G1 X134.846 Y286.867
G1 X134.235 Y284.963
G1 X134.199 Y284.852
G1 X133.537 Y282.965
G1 X133.517 Y282.908
G1 X133.515 Y282.903
G1 X132.805 Y281.038
G1 X132.797 Y281.018
G1 X132.062 Y279.231
G1 X132.047 Y279.196
G1 X131.290 Y277.483
G1 X131.268 Y277.434
G1 X130.491 Y275.787
G1 X130.463 Y275.731
G1 X129.668 Y274.151
G1 X129.634 Y274.086
G1 X128.820 Y272.567
G1 X128.782 Y272.499
G1 X127.951 Y271.037
G1 X127.911 Y270.967
G1 X127.063 Y269.560
G1 X127.023 Y269.495
G1 X126.159 Y268.137
G1 X126.121 Y268.079
G1 X125.240 Y266.767
G1 X125.208 Y266.723
G1 X124.310 Y265.454
G1 X124.289 Y265.424
G1 X123.378 Y264.198
G1 X123.370 Y264.188
G1 X122.457 Y263.017
G1 X121.569 Y261.900
G1 X120.759 Y260.787
G1 X120.032 Y259.680
G1 X119.393 Y258.593
G1 X118.845 Y257.535
G1 X118.395 Y256.517
G1 X118.055 Y255.547
G1 X117.837 Y254.631
G1 X117.757 Y253.766
G1 X117.832 Y252.945
G1 X118.077 Y252.150
G1 X118.509 Y251.355
G1 X119.146 Y250.522
G1 X119.997 Y249.601
G1 X121.077 Y248.530
G1 X122.369 Y247.276
G1 X123.793 Y245.871
G1 X123.808 Y245.857
G1 X125.190 Y244.413
G1 X125.356 Y244.240
G1 X126.673 Y242.735
G1 X126.972 Y242.393
G1 X128.200 Y240.814
G1 X128.638 Y240.182
G1 X127.023 Y239.002
G1 X126.459 Y238.589
G1 X124.904 Y237.331
G1 X124.361 Y236.891
G1 X122.870 Y235.558
G1 X122.348 Y235.092
G1 X120.924 Y233.687
G1 X120.426 Y233.196
G1 X119.073 Y231.725
G1 X118.600 Y231.208
G1 X117.320 Y229.671
G1 X116.873 Y229.133
G1 X115.670 Y227.534
G1 X115.250 Y226.976
G1 X114.128 Y225.320
G1 X113.735 Y224.742
G1 X112.694 Y223.034
G1 X112.331 Y222.437
G1 X111.044 Y220.064
G1 X110.176 Y218.262
G1 X109.872 Y217.631
G1 X109.094 Y215.788
G1 X108.822 Y215.144
G1 X108.135 Y213.266
G1 X107.895 Y212.609
G1 X107.302 Y210.699
G1 X107.093 Y210.031
G1 X106.595 Y208.094
G1 X106.420 Y207.418
G1 X106.016 Y205.458
G1 X105.875 Y204.773
G1 X105.568 Y202.797
G1 X105.461 Y202.105
G1 X105.252 Y200.116
G1 X105.178 Y199.422
G1 X105.066 Y197.424
G1 X105.027 Y196.727
G1 X105.014 Y194.725
G1 X105.009 Y194.026
G1 X105.093 Y192.027
G1 X105.123 Y191.328
G1 X105.305 Y189.337
G1 X105.369 Y188.640
G1 X105.649 Y186.659
G1 X105.747 Y185.967
G1 X106.123 Y184.004
G1 X106.255 Y183.316
G1 X106.728 Y181.373
G1 X106.893 Y180.693
G1 X107.461 Y178.775
G1 X107.659 Y178.105
G1 X108.552 Y175.558
G1 X109.303 Y173.704
G1 X109.567 Y173.055
G1 X110.409 Y171.242
G1 X110.705 Y170.607
G1 X111.636 Y168.837
G1 X111.961 Y168.218
G1 X112.978 Y166.495
G1 X113.333 Y165.893
G1 X114.818 Y163.640
G1 X115.998 Y162.025
G1 X116.411 Y161.459
G1 X118.109 Y159.361
G1 X119.442 Y157.870
G1 X119.909 Y157.349
G1 X121.804 Y155.425
G1 X123.277 Y154.073
G1 X123.792 Y153.599
G1 X125.329 Y152.320
G1 X125.867 Y151.873
G1 X127.465 Y150.670
G1 X128.024 Y150.250
G1 X129.680 Y149.129
G1 X130.258 Y148.735
G1 X132.564 Y147.331
G1 X134.322 Y146.377
G1 X134.936 Y146.043
G1 X136.738 Y145.176
G1 X137.369 Y144.872
G1 X139.211 Y144.094
G1 X139.856 Y143.822
G1 X141.734 Y143.135
G1 X142.391 Y142.894
G1 X144.301 Y142.302
G1 X144.968 Y142.094
G1 X146.906 Y141.596
G1 X147.583 Y141.420
G1 X149.541 Y141.016
G1 X150.227 Y140.875
G1 X152.514 Y139.697
G1 X153.572 Y137.999
G1 X153.608 Y137.941
G1 X154.621 Y136.218
G1 X154.683 Y136.112
G1 X155.651 Y134.365
G1 X155.730 Y134.219
G1 X156.654 Y132.447
G1 X156.743 Y132.273
G1 X157.624 Y130.478
G1 X157.719 Y130.282
G1 X158.558 Y128.468
G1 X158.654 Y128.260
G1 X159.455 Y126.428
G1 X159.548 Y126.213
G1 X160.315 Y124.367
G1 X160.404 Y124.150
G1 X161.136 Y122.289
G1 X161.219 Y122.077
G1 X161.924 Y120.205
G1 X162.001 Y120.001
G1 X162.678 Y118.119
G1 X162.748 Y117.925
G1 X163.401 Y116.035
G1 X163.464 Y115.855
G1 X164.096 Y113.957
G1 X164.152 Y113.792
G1 X164.766 Y111.888
G1 X164.814 Y111.738
G1 X165.413 Y109.830
G1 X165.454 Y109.696
G1 X166.038 Y107.784
G1 X166.074 Y107.667
G1 X166.646 Y105.751
G1 X166.675 Y105.652
G1 X167.236 Y103.733
G1 X167.260 Y103.650
G1 X167.812 Y101.728
G1 X167.832 Y101.661
G1 X168.373 Y99.736
G1 X168.388 Y99.686
G1 X168.923 Y97.759
G1 X168.934 Y97.723
G1 X169.462 Y95.794
G1 X169.469 Y95.771
G1 X169.991 Y93.841
G1 X169.994 Y93.831
G1 X170.510 Y91.902
G1 X171.019 Y89.981
G1 X171.521 Y88.069
G1 X172.015 Y86.165
G1 X172.503 Y84.266
G1 X172.986 Y82.374
G1 X173.464 Y80.485
G1 X173.937 Y78.601
G1 X174.407 Y76.719
G1 X174.873 Y74.840
G1 X175.336 Y72.961
G1 X175.797 Y71.083
G1 X176.256 Y69.205
G1 X177.172 Y65.447
G1 X177.625 Y63.566
G1 X178.026 Y61.716
G1 X178.365 Y59.896
G1 X178.643 Y58.104
G1 X178.861 Y56.336
G1 X179.018 Y54.585
G1 X179.122 Y52.846
G1 X179.170 Y51.116
G1 X179.167 Y49.389
G1 X179.116 Y47.660
G1 X179.019 Y45.925
G1 X178.878 Y44.178
G1 X178.698 Y42.414
G1 X178.484 Y40.630
G1 X178.239 Y38.819
G1 X177.969 Y36.977
G1 X177.678 Y35.102
G1 X177.397 Y33.180
G1 X177.147 Y31.213
G1 X177.146 Y31.209
G1 X176.930 Y29.197
G1 X176.929 Y29.189
G1 X176.748 Y27.132
G1 X176.747 Y27.120
G1 X176.605 Y25.019
G1 X176.605 Y25.003
G1 X176.503 Y22.861
G1 X176.503 Y22.839
G1 X176.445 Y20.656
G1 X176.444 Y20.631
G1 X176.432 Y18.410
G1 X176.433 Y18.381
G1 X176.469 Y16.124
G1 X176.471 Y16.092
G1 X176.559 Y13.802
G1 X176.560 Y13.801
G1 X176.560 Y13.765
G1 X176.701 Y11.445
G1 X176.704 Y11.406
G1 X176.900 Y9.059
G1 X176.904 Y9.017
G1 X177.156 Y6.648
G1 X177.161 Y6.604
G1 X177.471 Y4.217
G1 X177.478 Y4.170
G1 X177.812 Y1.981
G1 X178.376 Y1.598
G1 X178.418 Y1.569
G1 X179.014 Y1.175
G1 X179.051 Y1.151
G1 X179.097 Y1.121
G1 X178.682 Y3.644
G1 X178.667 Y3.738
G1 X178.318 Y6.246
G1 X178.307 Y6.338
G1 X178.022 Y8.823
G1 X178.012 Y8.914
G1 X177.792 Y11.373
G1 X177.783 Y11.462
G1 X177.624 Y13.889
G1 X177.620 Y13.973
G1 X177.518 Y16.366
G1 X177.516 Y16.445
G1 X177.470 Y18.797
G1 X177.470 Y18.873
G1 X177.477 Y21.183
G1 X177.478 Y21.254
G1 X177.537 Y23.515
G1 X177.538 Y23.582
G1 X177.644 Y25.796
G1 X177.647 Y25.858
G1 X177.796 Y28.021
G1 X177.800 Y28.078
G1 X177.989 Y30.190
G1 X177.994 Y30.241
G1 X178.221 Y32.301
G1 X178.227 Y32.347
G1 X178.488 Y34.354
G1 X178.495 Y34.396
G1 X178.787 Y36.349
G1 X178.793 Y36.386
G1 X179.114 Y38.286
G1 X179.115 Y38.287
G1 X179.120 Y38.318
G1 X179.467 Y40.165
G1 X179.468 Y40.166
G1 X179.473 Y40.194
G1 X179.844 Y41.988
G1 X179.849 Y42.011
G1 X180.222 Y43.763
G1 X180.226 Y43.782
G1 X180.558 Y45.506
G1 X180.562 Y45.523
G1 X180.846 Y47.228
G1 X180.848 Y47.242
G1 X181.083 Y48.933
G1 X181.086 Y48.945
G1 X181.264 Y50.628
G1 X181.266 Y50.637
G1 X181.389 Y52.320
G1 X181.389 Y52.326
G1 X181.451 Y54.013
G1 X181.451 Y54.017
G1 X181.449 Y55.716
G1 X181.451 Y55.717
G1 X181.384 Y57.431
G1 X181.252 Y59.166
G1 X181.049 Y60.926
G1 X180.777 Y62.719
G1 X180.433 Y64.545
G1 X180.017 Y66.416
G1 X179.530 Y68.329
G1 X179.026 Y70.254
G1 X178.523 Y72.179
G1 X177.512 Y76.031
G1 X177.005 Y77.958
G1 X176.493 Y79.886
G1 X175.978 Y81.817
G1 X175.459 Y83.749
G1 X175.458 Y83.750
G1 X174.934 Y85.680
G1 X174.933 Y85.685
G1 X174.404 Y87.613
G1 X174.401 Y87.623
G1 X173.866 Y89.550
G1 X173.863 Y89.564
G1 X173.320 Y91.488
G1 X173.314 Y91.509
G1 X172.764 Y93.431
G1 X172.757 Y93.459
G1 X172.198 Y95.376
G1 X172.189 Y95.410
G1 X171.621 Y97.327
G1 X171.609 Y97.367
G1 X171.030 Y99.280
G1 X171.016 Y99.327
G1 X170.425 Y101.238
G1 X170.408 Y101.292
G1 X169.804 Y103.199
G1 X169.784 Y103.260
G1 X169.166 Y105.162
G1 X169.143 Y105.231
G1 X168.509 Y107.128
G1 X168.483 Y107.204
G1 X167.831 Y109.094
G1 X167.831 Y109.097
G1 X167.804 Y109.177
G1 X167.132 Y111.061
G1 X167.100 Y111.149
G1 X166.408 Y113.025
G1 X166.374 Y113.117
G1 X165.660 Y114.985
G1 X165.625 Y115.079
G1 X164.884 Y116.937
G1 X164.847 Y117.031
G1 X164.082 Y118.878
G1 X164.044 Y118.970
G1 X163.250 Y120.807
G1 X163.214 Y120.891
G1 X162.391 Y122.714
G1 X162.357 Y122.789
G1 X161.503 Y124.597
G1 X161.474 Y124.658
G1 X160.590 Y126.452
G1 X160.589 Y126.452
G1 X160.570 Y126.492
G1 X159.652 Y128.269
G1 X159.643 Y128.284
G1 X158.702 Y130.027
G1 X157.753 Y131.715
G1 X156.805 Y133.340
G1 X155.865 Y134.897
G1 X154.950 Y136.383
G1 X154.074 Y137.795
G1 X153.250 Y139.134
G1 X152.499 Y140.403
G1 X152.514 Y140.512
G1 X150.540 Y140.833
G1 X149.848 Y140.945
G1 X147.209 Y141.508
G1 X145.276 Y142.021
G1 X144.599 Y142.200
G1 X142.028 Y143.019
G1 X139.498 Y143.964
G1 X137.019 Y145.031
G1 X135.223 Y145.911
G1 X134.595 Y146.219
G1 X132.232 Y147.524
G1 X129.936 Y148.944
G1 X128.289 Y150.078
G1 X127.713 Y150.475
G1 X126.122 Y151.689
G1 X125.566 Y152.112
G1 X123.504 Y153.856
G1 X122.040 Y155.217
G1 X121.529 Y155.694
G1 X119.646 Y157.629
G1 X118.324 Y159.129
G1 X117.861 Y159.654
G1 X116.178 Y161.764
G1 X115.010 Y163.387
G1 X114.600 Y163.955
G1 X113.512 Y165.633
G1 X113.131 Y166.220
G1 X112.126 Y167.949
G1 X111.775 Y168.554
G1 X110.856 Y170.331
G1 X110.536 Y170.952
G1 X109.707 Y172.772
G1 X109.415 Y173.408
G1 X108.676 Y175.267
G1 X108.417 Y175.917
G1 X107.769 Y177.809
G1 X107.543 Y178.471
G1 X106.988 Y180.392
G1 X106.795 Y181.064
G1 X106.336 Y183.011
G1 X106.175 Y183.691
G1 X105.812 Y185.660
G1 X105.685 Y186.348
G1 X105.419 Y188.329
G1 X105.327 Y189.022
G1 X105.157 Y191.014
G1 X105.098 Y191.712
G1 X105.028 Y193.710
G1 X105.004 Y194.410
G1 X105.030 Y196.411
G1 X105.040 Y197.109
G1 X105.166 Y199.105
G1 X105.210 Y199.802
G1 X105.433 Y201.791
G1 X105.511 Y202.486
G1 X105.832 Y204.460
G1 X105.945 Y205.151
G1 X106.363 Y207.107
G1 X106.508 Y207.791
G1 X107.020 Y209.724
G1 X107.200 Y210.400
G1 X107.807 Y212.306
G1 X108.020 Y212.972
G1 X108.719 Y214.845
G1 X108.964 Y215.501
G1 X109.755 Y217.338
G1 X110.030 Y217.981
G1 X110.912 Y219.777
G1 X111.219 Y220.405
G1 X112.186 Y222.156
G1 X112.524 Y222.769
G1 X113.944 Y225.064
G1 X115.078 Y226.713
G1 X115.475 Y227.288
G1 X116.689 Y228.878
G1 X117.113 Y229.434
G1 X118.403 Y230.962
G1 X118.854 Y231.496
G1 X120.217 Y232.959
G1 X120.693 Y233.471
G1 X122.127 Y234.867
G1 X122.629 Y235.353
G1 X124.654 Y237.139
G1 X126.218 Y238.386
G1 X126.765 Y238.822
G1 X128.385 Y239.993
G1 X128.832 Y240.316
G1 X127.645 Y241.400
G1 X126.384 Y242.543
G1 X125.321 Y243.567
G1 X124.467 Y244.521
G1 X123.823 Y245.454
G1 X123.375 Y246.408
G1 X123.106 Y247.422
G1 X122.993 Y248.524
G1 X123.005 Y249.737
G1 X123.130 Y251.050
G1 X123.352 Y252.455
G1 X123.649 Y253.942
G1 X124.007 Y255.499
G1 X124.414 Y257.110
G1 X124.865 Y258.754
G1 X125.348 Y260.381
G1 X125.358 Y260.411
G1 X125.867 Y261.980
G1 X125.897 Y262.062
G1 X126.436 Y263.572
G1 X126.482 Y263.692
G1 X127.062 Y265.143
G1 X127.125 Y265.288
G1 X127.752 Y266.681
G1 X127.830 Y266.840
G1 X128.515 Y268.179
G1 X128.605 Y268.345
G1 X129.356 Y269.635
G1 X129.456 Y269.799
G1 X130.238 Y271.086
G1 X130.338 Y271.254
G1 X131.102 Y272.586
G1 X131.198 Y272.754
G1 X131.945 Y274.135
G1 X132.033 Y274.299
G1 X132.768 Y275.733
G1 X132.845 Y275.889
G1 X133.565 Y277.381
G1 X133.632 Y277.524
G1 X134.339 Y279.078
G1 X134.395 Y279.206
G1 X135.086 Y280.827
G1 X135.132 Y280.935
G1 X135.809 Y282.626
G1 X135.842 Y282.712
G1 X136.502 Y284.476
G1 X136.523 Y284.536
G1 X137.162 Y286.377
G1 X137.174 Y286.408
G1 X137.786 Y288.313
G1 X137.790 Y288.330
G1 X138.356 Y290.246
G1 X138.372 Y290.294
G1 X138.890 Y292.226
G1 X138.913 Y292.306
G1 X139.385 Y294.250
G1 X139.413 Y294.364
G1 X139.835 Y296.318
G1 X139.867 Y296.467
G1 X140.238 Y298.433
G1 X140.272 Y298.615
G1 X140.588 Y300.589
G1 X140.623 Y300.808
G1 X140.883 Y302.791
G1 X140.917 Y303.049
G1 X141.118 Y305.039
G1 X141.149 Y305.342
G1 X141.290 Y307.337
G1 X141.315 Y307.695
G1 X141.394 Y309.694
G1 X141.410 Y310.116
G1 X141.425 Y312.115
G1 X141.429 Y312.615
G1 X141.377 Y314.613
G1 X141.361 Y315.208
G1 X141.244 Y317.204
G1 X141.201 Y317.915
G1 X141.015 Y319.907
G1 X140.936 Y320.755
G1 X140.683 Y322.740
G1 X140.551 Y323.754
G1 X140.227 Y325.728
G1 X140.031 Y326.927
G1 X140.030 Y326.934
G1 X139.637 Y328.895
G1 X139.375 Y330.206
G1 X139.351 Y330.316
G1 X138.887 Y332.262
G1 X138.547 Y333.690
G1 X138.488 Y333.919
G1 X137.954 Y335.846
G1 X137.525 Y337.390
G1 X137.418 Y337.750
G1 X136.809 Y339.656
G1 X136.279 Y341.305
G1 X136.108 Y341.807
G1 X135.422 Y343.684
G1 X134.789 Y345.419
G1 X134.538 Y346.060
G1 X133.775 Y347.909
G1 X133.036 Y349.696
G1 X132.695 Y350.469
G1 X131.017 Y354.081
G1 X130.576 Y354.967
G1 X128.744 Y358.499
G1 X128.205 Y359.471
G1 X127.208 Y361.204
G1 X126.253 Y362.865
G1 X125.628 Y363.885
G1 X124.560 Y365.575
G1 X123.601 Y367.088
G1 X122.910 Y368.118
G1 X121.775 Y369.763
G1 X120.861 Y371.088
G1 X120.132 Y372.089
G1 X118.939 Y373.695
G1 X118.115 Y374.802
G1 X117.379 Y375.745
G1 X116.137 Y377.312
G1 X115.443 Y378.187
G1 X114.732 Y379.049
G1 X113.449 Y380.585
G1 X112.915 Y381.227
G1 X112.251 Y381.992
G1 X110.943 Y383.504
G1 X110.583 Y383.921
G1 X109.988 Y384.585
G1 X108.662 Y386.083
G1 X108.482 Y386.286
G1 X107.968 Y386.851
G1 X106.635 Y388.342
G1 X106.627 Y388.350
G1 X106.198 Y388.818
G1 X105.145 Y390.000
G1 X108.017 Y390.000
G1 X108.238 Y389.741
G1 X109.356 Y388.464
G1 X109.734 Y388.023
G1 X111.010 Y386.578
G1 X111.484 Y386.027
G1 X112.803 Y384.524
G1 X112.921 Y384.390
G1 X113.490 Y383.725
G1 X114.793 Y382.206
G1 X115.081 Y381.871
G1 X115.734 Y381.085
G1 X117.011 Y379.546
G1 X117.464 Y379.000
G1 X118.182 Y378.102
G1 X119.423 Y376.534
G1 X120.021 Y375.778
G1 X120.776 Y374.781
G1 X121.970 Y373.177
G1 X122.685 Y372.217
G1 X123.443 Y371.149
G1 X125.375 Y368.362
G1 X126.099 Y367.261
G1 X127.176 Y365.576
G1 X128.003 Y364.282
G1 X128.662 Y363.191
G1 X129.672 Y361.464
G1 X130.490 Y360.065
G1 X131.060 Y359.031
G1 X131.998 Y357.266
G1 X132.772 Y355.809
G1 X133.240 Y354.875
G1 X134.106 Y353.073
G1 X134.811 Y351.608
G1 X135.173 Y350.808
G1 X135.969 Y348.973
G1 X136.590 Y347.543
G1 X136.852 Y346.899
G1 X137.578 Y345.034
G1 X138.108 Y343.671
G1 X138.285 Y343.190
G1 X138.943 Y341.301
G1 X139.387 Y340.025
G1 X139.491 Y339.707
G1 X140.083 Y337.797
G1 X140.449 Y336.616
G1 X140.494 Y336.454
G1 X141.022 Y334.525
G1 X141.318 Y333.438
G1 X141.323 Y333.418
G1 X141.787 Y331.472
G1 X141.998 Y330.578
G1 X142.542 Y327.907
G1 X142.876 Y325.934
G1 X142.970 Y325.376
G1 X143.239 Y323.394
G1 X143.298 Y322.958
G1 X143.501 Y320.967
G1 X143.536 Y320.624
G1 X143.673 Y318.629
G1 X143.692 Y318.355
G1 X143.765 Y316.357
G1 X143.773 Y316.130
G1 X143.783 Y314.129
G1 X143.784 Y313.937
G1 X143.734 Y311.938
G1 X143.730 Y311.765
G1 X143.618 Y309.768
G1 X143.610 Y309.607
G1 X143.445 Y307.614
G1 X143.432 Y307.461
G1 X143.213 Y305.473
G1 X143.196 Y305.326
G1 X142.927 Y303.343
G1 X142.908 Y303.207
G1 X142.590 Y301.231
G1 X142.570 Y301.103
G1 X142.182 Y299.022
G1 X141.774 Y297.064
G1 X141.753 Y296.968
G1 X141.301 Y295.020
G1 X141.284 Y294.947
G1 X140.790 Y293.009
G1 X140.779 Y292.962
G1 X140.246 Y291.035
G1 X140.243 Y291.020
G1 X139.675 Y289.122
G1 X139.095 Y287.305
G1 X139.083 Y287.269
G1 X138.492 Y285.533
G1 X138.468 Y285.464
G1 X137.867 Y283.805
G1 X137.831 Y283.707
G1 X137.222 Y282.122
G1 X137.173 Y281.995
G1 X136.557 Y280.481
G1 X136.494 Y280.332
G1 X135.874 Y278.882
G1 X135.797 Y278.711
G1 X135.167 Y277.321
G1 X135.078 Y277.131
G1 X134.444 Y275.793
G1 X134.348 Y275.584
G1 X133.783 Y274.234
G1 X133.694 Y273.997
G1 X133.215 Y272.606
G1 X133.135 Y272.340
G1 X132.738 Y270.897
G1 X132.669 Y270.603
G1 X132.345 Y269.098
G1 X132.288 Y268.778
G1 X132.028 Y267.203
G1 X131.982 Y266.859
G1 X131.775 Y265.211
G1 X131.741 Y264.851
G1 X131.575 Y263.124
G1 X131.549 Y262.757
G1 X131.411 Y260.953
G1 X131.393 Y260.591
G1 X131.272 Y258.708
G1 X131.257 Y258.369
G1 X131.141 Y256.411
G1 X131.129 Y256.114
G1 X130.979 Y254.121
G1 X130.962 Y253.898
G1 X130.740 Y251.911
G1 X130.726 Y251.779
G1 X130.440 Y249.800
G1 X130.437 Y249.782
G1 X130.115 Y247.918
G1 X129.787 Y246.206
G1 X129.484 Y244.653
G1 X129.239 Y243.262
G1 X129.090 Y242.026
G1 X129.075 Y240.930
G1 X129.282 Y240.622
G1 X127.080 Y239.060
G1 X125.508 Y237.824
G1 X124.958 Y237.392
G1 X123.448 Y236.080
G1 X122.920 Y235.620
G1 X121.476 Y234.237
G1 X120.972 Y233.753
G1 X119.598 Y232.300
G1 X119.117 Y231.791
G1 X117.816 Y230.272
G1 X117.361 Y229.741
G1 X116.136 Y228.160
G1 X115.708 Y227.607
G1 X114.562 Y225.968
G1 X114.161 Y225.394
G1 X113.097 Y223.701
G1 X112.726 Y223.109
G1 X111.746 Y221.365
G1 X111.403 Y220.755
G1 X110.510 Y218.965
G1 X110.198 Y218.340
G1 X109.394 Y216.509
G1 X109.112 Y215.868
G1 X108.400 Y213.999
G1 X108.150 Y213.346
G1 X107.530 Y211.445
G1 X107.312 Y210.779
G1 X106.785 Y208.850
G1 X106.601 Y208.175
G1 X106.170 Y206.222
G1 X106.020 Y205.539
G1 X105.684 Y203.567
G1 X105.568 Y202.878
G1 X105.329 Y200.892
G1 X105.246 Y200.197
G1 X105.106 Y198.202
G1 X105.057 Y197.503
G1 X105.015 Y195.504
G1 X105.001 Y194.805
G1 X105.057 Y192.806
G1 X105.076 Y192.107
G1 X105.230 Y190.113
G1 X105.284 Y189.415
G1 X105.536 Y187.431
G1 X105.624 Y186.737
G1 X105.972 Y184.768
G1 X106.094 Y184.079
G1 X106.541 Y182.129
G1 X106.696 Y181.448
G1 X107.237 Y179.521
G1 X107.425 Y178.847
G1 X108.059 Y176.952
G1 X108.281 Y176.288
G1 X109.007 Y174.424
G1 X109.262 Y173.773
G1 X110.078 Y171.947
G1 X110.364 Y171.309
G1 X111.270 Y169.526
G1 X111.587 Y168.902
G1 X112.578 Y167.166
G1 X112.925 Y166.558
G1 X114.378 Y164.282
G1 X115.535 Y162.650
G1 X115.940 Y162.080
G1 X117.608 Y159.959
G1 X118.920 Y158.448
G1 X119.379 Y157.922
G1 X120.763 Y156.476
G1 X121.248 Y155.972
G1 X122.700 Y154.598
G1 X123.209 Y154.117
G1 X124.728 Y152.817
G1 X125.259 Y152.362
G1 X126.840 Y151.136
G1 X127.393 Y150.709
G1 X129.607 Y149.161
G1 X131.299 Y148.097
G1 X131.891 Y147.725
G1 X133.635 Y146.746
G1 X134.245 Y146.403
G1 X136.035 Y145.511
G1 X136.660 Y145.198
G1 X138.491 Y144.393
G1 X139.132 Y144.111
G1 X141.001 Y143.399
G1 X141.653 Y143.150
G1 X144.221 Y142.312
G1 X146.151 Y141.785
G1 X146.826 Y141.601
G1 X148.778 Y141.170
G1 X149.461 Y141.019
G1 X151.432 Y140.684
G1 X152.122 Y140.566
G1 X154.108 Y140.329
G1 X154.803 Y140.248
G1 X156.658 Y139.497
G1 X156.688 Y139.485
G1 X156.740 Y138.193
G1 X156.912 Y136.932
G1 X157.197 Y135.685
G1 X157.588 Y134.430
G1 X158.071 Y133.152
G1 X158.638 Y131.839
G1 X159.271 Y130.485
G1 X159.959 Y129.083
G1 X160.691 Y127.628
G1 X161.454 Y126.123
G1 X162.239 Y124.569
G1 X163.037 Y122.966
G1 X163.842 Y121.319
G1 X164.646 Y119.632
G1 X165.446 Y117.904
G1 X166.238 Y116.145
G1 X167.018 Y114.358
G1 X167.786 Y112.543
G1 X168.538 Y110.709
G1 X169.276 Y108.856
G1 X169.996 Y106.990
G1 X169.997 Y106.988
G1 X170.699 Y105.115
G1 X170.705 Y105.104
G1 X171.389 Y103.226
G1 X171.395 Y103.211
G1 X172.065 Y101.327
G1 X172.071 Y101.309
G1 X172.727 Y99.420
G1 X172.734 Y99.400
G1 X173.376 Y97.506
G1 X173.383 Y97.485
G1 X174.014 Y95.587
G1 X174.021 Y95.566
G1 X174.640 Y93.664
G1 X174.647 Y93.643
G1 X175.256 Y91.738
G1 X175.263 Y91.717
G1 X175.863 Y89.809
G1 X175.870 Y89.789
G1 X176.463 Y87.880
G1 X176.468 Y87.859
G1 X177.054 Y85.947
G1 X177.059 Y85.928
G1 X177.640 Y84.015
G1 X177.644 Y83.996
G1 X178.219 Y82.080
G1 X178.224 Y82.063
G1 X178.793 Y80.146
G1 X178.800 Y80.130
G1 X179.366 Y78.212
G1 X179.371 Y78.196
G1 X179.935 Y76.277
G1 X179.940 Y76.261
G1 X180.502 Y74.342
G1 X180.506 Y74.327
G1 X181.067 Y72.408
G1 X181.072 Y72.392
G1 X181.632 Y70.472
G1 X181.637 Y70.456
G1 X182.155 Y68.566
G1 X182.159 Y68.550
G1 X182.595 Y66.715
G1 X182.599 Y66.699
G1 X182.953 Y64.915
G1 X182.955 Y64.899
G1 X183.229 Y63.159
G1 X183.231 Y63.143
G1 X183.424 Y61.442
G1 X183.426 Y61.426
G1 X183.541 Y59.758
G1 X183.543 Y59.739
G1 X183.580 Y58.101
G1 X183.581 Y58.081
G1 X183.542 Y56.463
G1 X183.541 Y56.441
G1 X183.429 Y54.839
G1 X183.426 Y54.818
G1 X183.242 Y53.223
G1 X183.239 Y53.198
G1 X182.984 Y51.605
G1 X182.979 Y51.577
G1 X182.658 Y49.980
G1 X182.652 Y49.950
G1 X182.268 Y48.340
G1 X182.259 Y48.306
G1 X181.835 Y46.667
G1 X181.825 Y46.629
G1 X181.414 Y44.935
G1 X181.405 Y44.896
G1 X181.011 Y43.144
G1 X181.000 Y43.097
G1 X180.627 Y41.288
G1 X180.617 Y41.237
G1 X180.266 Y39.368
G1 X180.255 Y39.311
G1 X179.930 Y37.382
G1 X179.920 Y37.318
G1 X179.623 Y35.329
G1 X179.614 Y35.259
G1 X179.349 Y33.207
G1 X179.339 Y33.130
G1 X179.110 Y31.016
G1 X179.102 Y30.933
G1 X178.911 Y28.759
G1 X178.904 Y28.667
G1 X178.757 Y26.431
G1 X178.751 Y26.332
G1 X178.651 Y24.038
G1 X178.647 Y23.932
G1 X178.596 Y21.580
G1 X178.596 Y21.466
G1 X178.600 Y19.059
G1 X178.602 Y18.939
G1 X178.664 Y16.480
G1 X178.668 Y16.354
G1 X178.793 Y13.847
G1 X178.801 Y13.715
G1 X178.991 Y11.167
G1 X179.003 Y11.029
G1 X179.262 Y8.443
G1 X179.278 Y8.301
G1 X179.606 Y5.683
G1 X179.626 Y5.540
G1 X180.028 Y2.898
G1 X180.030 Y2.897
G1 X180.054 Y2.751
G1 X180.503 Y0.242
G1 X180.912 Y0.000
G1 X181.924 Y0.000
G1 X181.510 Y2.154
G1 X181.474 Y2.358
G1 X181.020 Y5.146
G1 X180.990 Y5.348
G1 X180.618 Y8.106
G1 X180.593 Y8.307
G1 X180.301 Y11.029
G1 X180.283 Y11.223
G1 X180.068 Y13.899
G1 X180.055 Y14.087
G1 X179.912 Y16.712
G1 X179.905 Y16.892
G1 X179.831 Y19.459
G1 X179.828 Y19.632
G1 X179.817 Y22.134
G1 X179.819 Y22.296
G1 X179.867 Y24.733
G1 X179.872 Y24.884
G1 X179.973 Y27.254
G1 X179.981 Y27.395
G1 X180.131 Y29.693
G1 X180.142 Y29.824
G1 X180.337 Y32.049
G1 X180.348 Y32.170
G1 X180.583 Y34.322
G1 X180.596 Y34.432
G1 X180.865 Y36.514
G1 X180.879 Y36.611
G1 X181.180 Y38.623
G1 X181.194 Y38.712
G1 X181.523 Y40.654
G1 X181.537 Y40.733
G1 X181.889 Y42.606
G1 X181.903 Y42.679
G1 X182.276 Y44.483
G1 X182.290 Y44.545
G1 X182.682 Y46.287
G1 X182.694 Y46.342
G1 X183.100 Y48.021
G1 X183.113 Y48.070
G1 X183.533 Y49.687
G1 X183.544 Y49.731
G1 X183.974 Y51.291
G1 X183.984 Y51.327
G1 X184.420 Y52.835
G1 X184.429 Y52.866
G1 X184.807 Y54.354
G1 X184.814 Y54.382
G1 X185.111 Y55.870
G1 X185.115 Y55.895
G1 X185.330 Y57.389
G1 X185.332 Y57.412
G1 X185.465 Y58.921
G1 X185.467 Y58.942
G1 X185.513 Y60.473
G1 X185.514 Y60.491
G1 X185.475 Y62.051
G1 X185.474 Y62.066
G1 X185.350 Y63.662
G1 X185.348 Y63.676
G1 X185.136 Y65.312
G1 X185.135 Y65.323
G1 X184.834 Y67.007
G1 X184.833 Y67.017
G1 X184.444 Y68.754
G1 X184.443 Y68.759
G1 X183.967 Y70.554
G1 X183.965 Y70.559
G1 X183.401 Y72.415
G1 X183.401 Y72.417
G1 X182.779 Y74.317
G1 X182.155 Y76.215
G1 X181.531 Y78.110
G1 X180.906 Y80.001
G1 X180.277 Y81.889
G1 X179.647 Y83.773
G1 X179.013 Y85.652
G1 X178.376 Y87.526
G1 X177.735 Y89.393
G1 X177.089 Y91.253
G1 X176.437 Y93.105
G1 X175.781 Y94.947
G1 X175.118 Y96.779
G1 X174.450 Y98.598
G1 X173.777 Y100.404
G1 X173.098 Y102.195
G1 X172.415 Y103.967
G1 X171.728 Y105.720
G1 X171.040 Y107.451
G1 X170.352 Y109.159
G1 X169.665 Y110.840
G1 X168.984 Y112.495
G1 X168.312 Y114.118
G1 X167.653 Y115.710
G1 X167.014 Y117.271
G1 X166.397 Y118.796
G1 X165.813 Y120.289
G1 X165.267 Y121.750
G1 X164.768 Y123.183
G1 X164.326 Y124.591
G1 X163.946 Y125.982
G1 X163.639 Y127.363
G1 X163.411 Y128.746
G1 X163.270 Y130.144
G1 X163.218 Y131.572
G1 X163.257 Y133.053
G1 X163.385 Y134.602
G1 X163.594 Y136.242
G1 X163.872 Y137.994
G1 X164.202 Y139.880
G1 X164.180 Y140.159
G1 X162.183 Y140.057
G1 X161.484 Y140.020
G1 X159.484 Y140.015
G1 X158.784 Y140.013
G1 X156.786 Y140.106
G1 X156.089 Y140.139
G1 X154.097 Y140.330
G1 X153.400 Y140.397
G1 X151.421 Y140.686
G1 X150.730 Y140.787
G1 X148.766 Y141.173
G1 X148.080 Y141.308
G1 X146.139 Y141.789
G1 X145.460 Y141.956
G1 X143.544 Y142.533
G1 X142.875 Y142.734
G1 X140.331 Y143.637
G1 X138.483 Y144.398
G1 X137.834 Y144.664
G1 X136.024 Y145.516
G1 X135.391 Y145.812
G1 X133.624 Y146.751
G1 X133.007 Y147.080
G1 X131.289 Y148.103
G1 X130.688 Y148.461
G1 X128.441 Y149.956
G1 X126.831 Y151.143
G1 X126.269 Y151.559
G1 X124.719 Y152.823
G1 X124.178 Y153.266
G1 X122.692 Y154.605
G1 X122.172 Y155.074
G1 X120.756 Y156.485
G1 X120.259 Y156.978
G1 X118.912 Y158.458
G1 X118.441 Y158.974
G1 X117.170 Y160.517
G1 X116.724 Y161.057
G1 X115.528 Y162.660
G1 X115.110 Y163.221
G1 X113.996 Y164.881
G1 X113.605 Y165.461
G1 X112.573 Y167.175
G1 X112.211 Y167.774
G1 X110.933 Y170.152
G1 X110.074 Y171.958
G1 X109.773 Y172.589
G1 X109.004 Y174.435
G1 X108.734 Y175.081
G1 X108.055 Y176.962
G1 X107.818 Y177.620
G1 X107.233 Y179.533
G1 X107.029 Y180.202
G1 X106.538 Y182.141
G1 X106.366 Y182.819
G1 X105.971 Y184.779
G1 X105.833 Y185.465
G1 X105.430 Y188.133
G1 X105.159 Y190.820
G1 X105.056 Y192.817
G1 X105.019 Y193.516
G1 X105.015 Y195.516
G1 X105.013 Y196.216
G1 X105.106 Y198.214
G1 X105.139 Y198.912
G1 X105.330 Y200.903
G1 X105.397 Y201.600
G1 X105.686 Y203.579
G1 X105.787 Y204.271
G1 X106.172 Y206.233
G1 X106.307 Y206.920
G1 X106.788 Y208.861
G1 X106.957 Y209.542
G1 X107.532 Y211.455
G1 X107.734 Y212.127
G1 X108.403 Y214.010
G1 X108.637 Y214.668
G1 X109.663 Y217.166
G1 X110.516 Y218.976
G1 X110.813 Y219.609
G1 X111.751 Y221.375
G1 X112.079 Y221.993
G1 X113.103 Y223.711
G1 X113.461 Y224.312
G1 X114.568 Y225.978
G1 X114.956 Y226.562
G1 X116.144 Y228.170
G1 X116.559 Y228.732
G1 X117.824 Y230.281
G1 X118.266 Y230.823
G1 X119.605 Y232.308
G1 X120.074 Y232.828
G1 X121.485 Y234.247
G1 X121.978 Y234.741
G1 X123.456 Y236.088
G1 X123.974 Y236.559
G1 X125.518 Y237.831
G1 X126.056 Y238.276
G1 X127.660 Y239.472
G1 X128.221 Y239.890
G1 X129.882 Y241.005
G1 X130.462 Y241.395
G1 X132.175 Y242.427
G1 X132.774 Y242.789
G1 X134.536 Y243.736
G1 X135.152 Y244.067
G1 X136.954 Y244.933
G1 X137.223 Y245.063
G1 X137.403 Y246.278
G1 X137.433 Y246.491
G1 X137.637 Y248.480
G1 X137.672 Y248.808
G1 X137.786 Y250.804
G1 X137.810 Y251.226
G1 X137.832 Y253.226
G1 X137.838 Y253.718
G1 X137.772 Y255.718
G1 X137.755 Y256.261
G1 X137.604 Y258.255
G1 X137.561 Y258.828
G1 X137.331 Y260.815
G1 X137.264 Y261.401
G1 X136.977 Y263.365
G1 X136.906 Y263.933
G1 X136.655 Y265.800
G1 X136.599 Y266.326
G1 X136.407 Y268.094
G1 X136.371 Y268.574
G1 X136.249 Y270.247
G1 X136.233 Y270.676
G1 X136.197 Y272.265
G1 X136.202 Y272.646
G1 X136.259 Y274.157
G1 X136.285 Y274.490
G1 X136.443 Y275.938
G1 X136.487 Y276.227
G1 X136.752 Y277.627
G1 X136.811 Y277.875
G1 X137.186 Y279.241
G1 X137.254 Y279.453
G1 X137.742 Y280.801
G1 X137.813 Y280.983
G1 X138.346 Y282.368
G1 X138.406 Y282.529
G1 X138.942 Y283.987
G1 X138.992 Y284.124
G1 X139.529 Y285.661
G1 X139.567 Y285.774
G1 X140.106 Y287.393
G1 X140.134 Y287.481
G1 X140.672 Y289.188
G1 X140.690 Y289.247
G1 X141.226 Y291.043
G1 X141.234 Y291.073
G1 X141.763 Y292.958
G1 X142.272 Y294.893
G1 X142.274 Y294.901
G1 X142.748 Y296.845
G1 X142.761 Y296.897
G1 X143.199 Y298.848
G1 X143.220 Y298.939
G1 X143.621 Y300.899
G1 X143.646 Y301.022
G1 X144.008 Y302.990
G1 X144.035 Y303.137
G1 X144.357 Y305.111
G1 X144.383 Y305.273
G1 X144.662 Y307.254
G1 X144.685 Y307.418
G1 X144.920 Y309.405
G1 X144.938 Y309.565
G1 X145.125 Y311.556
G1 X145.139 Y311.701
G1 X145.278 Y313.696
G1 X145.286 Y313.819
G1 X145.374 Y315.817
G1 X145.378 Y315.911
G1 X145.411 Y317.911
G1 X145.412 Y317.974
G1 X145.389 Y319.973
G1 X145.389 Y320.011
G1 X145.306 Y322.008
G1 X145.305 Y322.022
G1 X145.160 Y324.017
G1 X145.159 Y324.021
G1 X144.947 Y326.009
G1 X144.945 Y326.020
G1 X144.669 Y328.001
G1 X144.663 Y328.041
G1 X144.319 Y330.011
G1 X144.302 Y330.108
G1 X143.893 Y332.066
G1 X143.853 Y332.254
G1 X143.379 Y334.195
G1 X143.303 Y334.506
G1 X142.769 Y336.433
G1 X142.639 Y336.906
G1 X142.045 Y338.815
G1 X141.837 Y339.483
G1 X141.187 Y341.376
G1 X140.880 Y342.269
G1 X140.878 Y342.275
G1 X140.174 Y344.147
G1 X139.809 Y345.119
G1 X139.737 Y345.299
G1 X138.978 Y347.151
G1 X138.547 Y348.204
G1 X138.388 Y348.569
G1 X137.572 Y350.395
G1 X137.069 Y351.522
G1 X136.810 Y352.071
G1 X135.936 Y353.871
G1 X135.363 Y355.051
G1 X134.991 Y355.776
G1 X134.056 Y357.544
G1 X133.421 Y358.746
G1 X132.933 Y359.622
G1 X131.937 Y361.357
G1 X131.258 Y362.541
G1 X130.660 Y363.531
G1 X129.604 Y365.230
G1 X128.908 Y366.347
G1 X128.214 Y367.407
G1 X127.100 Y369.069
G1 X126.426 Y370.076
G1 X125.667 Y371.153
G1 X124.502 Y372.780
G1 X123.888 Y373.636
G1 X123.100 Y374.685
G1 X121.890 Y376.277
G1 X121.375 Y376.954
G1 X120.599 Y377.932
G1 X119.352 Y379.495
G1 X118.969 Y379.978
G1 X118.240 Y380.856
G1 X116.968 Y382.399
G1 X116.739 Y382.677
G1 X116.086 Y383.441
G1 X114.798 Y384.971
G1 X114.733 Y385.049
G1 X114.176 Y385.692
G1 X112.980 Y387.106
G1 X112.526 Y387.629
G1 X111.488 Y388.870
G1 X111.138 Y389.280
G1 X110.550 Y390.000
G1 X112.821 Y390.000
G1 X112.931 Y389.851
G1 X113.745 Y388.820
G1 X113.993 Y388.497
G1 X114.950 Y387.323
G1 X115.304 Y386.880
G1 X116.414 Y385.541
G1 X116.881 Y384.964
G1 X118.146 Y383.443
G1 X118.726 Y382.725
G1 X120.137 Y381.004
G1 X120.816 Y380.146
G1 X122.063 Y378.583
G1 X122.353 Y378.216
G1 X123.108 Y377.231
G1 X124.322 Y375.641
G1 X124.740 Y375.093
G1 X125.532 Y374.009
G1 X127.217 Y371.677
G1 X128.004 Y370.536
G1 X129.126 Y368.880
G1 X129.697 Y368.037
G1 X130.435 Y366.894
G1 X131.504 Y365.203
G1 X132.092 Y364.269
G1 X132.745 Y363.181
G1 X133.757 Y361.455
G1 X134.329 Y360.479
G1 X134.873 Y359.503
G1 X136.357 Y356.770
G1 X136.778 Y355.952
G1 X137.676 Y354.168
G1 X138.146 Y353.231
G1 X138.446 Y352.602
G1 X139.696 Y349.921
G1 X139.885 Y349.497
G1 X140.678 Y347.660
G1 X141.018 Y346.873
G1 X141.107 Y346.658
G1 X141.849 Y344.799
G1 X142.132 Y344.089
G1 X142.139 Y344.072
G1 X142.831 Y342.197
G1 X143.004 Y341.724
G1 X143.645 Y339.829
G1 X143.731 Y339.575
G1 X144.311 Y337.662
G1 X144.335 Y337.586
G1 X144.840 Y335.710
G1 X145.258 Y333.909
G1 X145.601 Y332.144
G1 X145.881 Y330.381
G1 X146.100 Y328.592
G1 X146.263 Y326.756
G1 X146.377 Y324.858
G1 X146.436 Y322.889
G1 X146.445 Y320.890
G1 X146.444 Y320.847
G1 X146.401 Y318.848
G1 X146.398 Y318.739
G1 X146.306 Y316.739
G1 X146.298 Y316.564
G1 X146.160 Y314.568
G1 X146.144 Y314.341
G1 X145.962 Y312.349
G1 X145.937 Y312.082
G1 X145.710 Y310.095
G1 X145.677 Y309.805
G1 X145.408 Y307.823
G1 X145.367 Y307.526
G1 X145.057 Y305.551
G1 X145.013 Y305.263
G1 X144.662 Y303.294
G1 X144.616 Y303.031
G1 X144.229 Y301.069
G1 X144.185 Y300.844
G1 X143.762 Y298.889
G1 X143.725 Y298.715
G1 X143.265 Y296.768
G1 X143.239 Y296.653
G1 X142.751 Y294.713
G1 X142.738 Y294.664
G1 X142.225 Y292.754
G1 X141.706 Y290.927
G1 X141.705 Y290.925
G1 X141.189 Y289.194
G1 X141.185 Y289.177
G1 X140.674 Y287.540
G1 X140.663 Y287.509
G1 X140.163 Y285.963
G1 X140.148 Y285.917
G1 X139.658 Y284.458
G1 X139.637 Y284.398
G1 X139.163 Y283.022
G1 X139.136 Y282.944
G1 X138.747 Y281.601
G1 X138.722 Y281.499
G1 X138.457 Y280.154
G1 X138.438 Y280.026
G1 X138.299 Y278.660
G1 X138.289 Y278.500
G1 X138.277 Y277.098
G1 X138.284 Y276.898
G1 X138.395 Y275.445
G1 X138.424 Y275.199
G1 X138.654 Y273.679
G1 X138.711 Y273.377
G1 X139.055 Y271.776
G1 X139.146 Y271.412
G1 X139.595 Y269.714
G1 X139.724 Y269.278
G1 X140.266 Y267.478
G1 X140.435 Y266.962
G1 X141.041 Y265.063
G1 X141.228 Y264.483
G1 X141.782 Y262.562
G1 X141.965 Y261.935
G1 X142.455 Y259.994
G1 X142.624 Y259.324
G1 X143.040 Y257.368
G1 X143.189 Y256.665
G1 X143.521 Y254.693
G1 X143.642 Y253.974
G1 X143.882 Y251.988
G1 X143.968 Y251.268
G1 X144.111 Y249.273
G1 X144.160 Y248.574
G1 X144.407 Y247.743
G1 X142.503 Y247.129
G1 X141.837 Y246.914
G1 X139.966 Y246.207
G1 X139.311 Y245.960
G1 X137.477 Y245.164
G1 X136.836 Y244.884
G1 X135.043 Y243.998
G1 X134.416 Y243.687
G1 X132.669 Y242.713
G1 X132.058 Y242.373
G1 X130.360 Y241.315
G1 X129.767 Y240.945
G1 X127.549 Y239.407
G1 X125.965 Y238.187
G1 X125.409 Y237.760
G1 X123.885 Y236.465
G1 X123.352 Y236.012
G1 X121.894 Y234.643
G1 X121.384 Y234.164
G1 X119.995 Y232.725
G1 X119.509 Y232.223
G1 X118.192 Y230.717
G1 X117.731 Y230.190
G1 X116.489 Y228.622
G1 X116.056 Y228.074
G1 X114.893 Y226.446
G1 X114.486 Y225.878
G1 X113.404 Y224.196
G1 X113.025 Y223.607
G1 X111.678 Y221.268
G1 X110.767 Y219.488
G1 X110.448 Y218.867
G1 X109.623 Y217.043
G1 X109.336 Y216.405
G1 X108.604 Y214.544
G1 X108.347 Y213.893
G1 X107.705 Y211.999
G1 X107.482 Y211.336
G1 X106.935 Y209.412
G1 X106.744 Y208.740
G1 X106.292 Y206.791
G1 X106.134 Y206.110
G1 X105.779 Y204.142
G1 X105.654 Y203.452
G1 X105.395 Y201.469
G1 X105.304 Y200.776
G1 X105.144 Y198.784
G1 X105.087 Y198.086
G1 X105.023 Y196.087
G1 X105.001 Y195.388
G1 X105.037 Y193.389
G1 X105.049 Y192.689
G1 X105.182 Y190.693
G1 X105.228 Y189.995
G1 X105.459 Y188.009
G1 X105.541 Y187.313
G1 X105.868 Y185.340
G1 X105.983 Y184.650
G1 X106.407 Y182.696
G1 X106.556 Y182.012
G1 X107.076 Y180.081
G1 X107.257 Y179.406
G1 X107.871 Y177.503
G1 X108.086 Y176.837
G1 X108.791 Y174.966
G1 X109.040 Y174.311
G1 X109.839 Y172.477
G1 X110.115 Y171.836
G1 X111.003 Y170.043
G1 X111.313 Y169.416
G1 X112.287 Y167.669
G1 X112.628 Y167.058
G1 X113.685 Y165.361
G1 X114.055 Y164.766
G1 X115.195 Y163.123
G1 X115.594 Y162.549
G1 X116.815 Y160.964
G1 X117.240 Y160.409
G1 X118.535 Y158.885
G1 X118.988 Y158.351
G1 X120.357 Y156.893
G1 X120.836 Y156.383
G1 X122.274 Y154.995
G1 X122.778 Y154.509
G1 X124.283 Y153.192
G1 X124.810 Y152.731
G1 X126.926 Y151.055
G1 X128.553 Y149.893
G1 X129.122 Y149.486
G1 X130.804 Y148.405
G1 X131.393 Y148.025
G1 X133.732 Y146.678
G1 X136.135 Y145.448
G1 X137.958 Y144.624
G1 X138.595 Y144.336
G1 X140.456 Y143.605
G1 X141.107 Y143.347
G1 X143.002 Y142.706
G1 X143.664 Y142.481
G1 X145.589 Y141.936
G1 X146.260 Y141.744
G1 X148.208 Y141.293
G1 X148.890 Y141.133
G1 X150.858 Y140.779
G1 X151.547 Y140.654
G1 X153.530 Y140.395
G1 X154.223 Y140.304
G1 X156.216 Y140.143
G1 X156.914 Y140.087
G1 X158.913 Y140.023
G1 X159.612 Y140.001
G1 X161.612 Y140.036
G1 X162.311 Y140.049
G1 X165.006 Y140.228
G1 X167.687 Y140.540
G1 X169.660 Y140.870
G1 X170.349 Y140.983
G1 X171.581 Y140.950
G1 X171.439 Y138.955
G1 X171.406 Y138.498
G1 X171.212 Y136.507
G1 X171.181 Y136.185
G1 X170.954 Y134.198
G1 X170.933 Y134.009
G1 X170.694 Y132.023
G1 X170.688 Y131.961
G1 X170.465 Y130.029
G1 X170.283 Y128.200
G1 X170.149 Y126.458
G1 X170.075 Y124.789
G1 X170.065 Y123.176
G1 X170.121 Y121.607
G1 X170.240 Y120.067
G1 X170.423 Y118.548
G1 X170.664 Y117.038
G1 X170.962 Y115.531
G1 X171.308 Y114.019
G1 X171.700 Y112.498
G1 X172.131 Y110.963
G1 X172.596 Y109.415
G1 X173.092 Y107.845
G1 X173.615 Y106.259
G1 X174.157 Y104.651
G1 X174.718 Y103.026
G1 X175.294 Y101.383
G1 X175.883 Y99.718
G1 X176.482 Y98.038
G1 X177.089 Y96.340
G1 X177.703 Y94.628
G1 X178.323 Y92.902
G1 X178.947 Y91.162
G1 X179.574 Y89.410
G1 X180.205 Y87.647
G1 X180.838 Y85.874
G1 X181.474 Y84.092
G1 X182.752 Y80.503
G1 X183.394 Y78.698
G1 X184.040 Y76.887
G1 X184.688 Y75.070
G1 X185.312 Y73.269
G1 X185.855 Y71.527
G1 X186.311 Y69.845
G1 X186.682 Y68.218
G1 X186.966 Y66.642
G1 X187.162 Y65.112
G1 X187.268 Y63.622
G1 X187.284 Y62.169
G1 X187.211 Y60.745
G1 X187.047 Y59.345
G1 X186.791 Y57.960
G1 X186.443 Y56.585
G1 X186.021 Y55.206
G1 X186.019 Y55.199
G1 X185.594 Y53.773
G1 X185.591 Y53.761
G1 X185.171 Y52.277
G1 X185.166 Y52.259
G1 X184.754 Y50.717
G1 X184.748 Y50.690
G1 X184.345 Y49.087
G1 X184.337 Y49.052
G1 X183.945 Y47.384
G1 X183.936 Y47.341
G1 X183.558 Y45.606
G1 X183.545 Y45.551
G1 X183.183 Y43.745
G1 X183.171 Y43.680
G1 X182.826 Y41.801
G1 X182.813 Y41.724
G1 X182.493 Y39.768
G1 X182.477 Y39.679
G1 X182.182 Y37.645
G1 X182.169 Y37.542
G1 X181.903 Y35.425
G1 X181.891 Y35.308
G1 X181.659 Y33.109
G1 X181.647 Y32.977
G1 X181.456 Y30.695
G1 X181.445 Y30.547
G1 X181.300 Y28.180
G1 X181.300 Y28.179
G1 X181.291 Y28.015
G1 X181.195 Y25.565
G1 X181.191 Y25.387
G1 X181.153 Y22.852
G1 X181.152 Y22.656
G1 X181.176 Y20.045
G1 X181.182 Y19.836
G1 X181.276 Y17.149
G1 X181.287 Y16.922
G1 X181.456 Y14.167
G1 X181.474 Y13.929
G1 X181.724 Y11.111
G1 X181.751 Y10.863
G1 X182.086 Y7.990
G1 X182.121 Y7.735
G1 X182.547 Y4.817
G1 X182.591 Y4.553
G1 X183.110 Y1.605
G1 X183.162 Y1.337
G1 X183.439 Y0.000
G1 X185.117 Y0.000
G1 X184.969 Y0.667
G1 X184.899 Y1.002
G1 X184.307 Y4.128
G1 X184.306 Y4.129
G1 X184.250 Y4.459
G1 X183.764 Y7.546
G1 X183.718 Y7.869
G1 X183.334 Y10.904
G1 X183.299 Y11.216
G1 X183.014 Y14.186
G1 X182.988 Y14.483
G1 X182.792 Y17.376
G1 X182.776 Y17.656
G1 X182.663 Y20.467
G1 X182.656 Y20.726
G1 X182.618 Y23.443
G1 X182.617 Y23.683
G1 X182.645 Y26.305
G1 X182.650 Y26.523
G1 X182.738 Y29.046
G1 X182.739 Y29.047
G1 X182.748 Y29.243
G1 X182.888 Y31.668
G1 X182.900 Y31.842
G1 X183.086 Y34.167
G1 X183.100 Y34.321
G1 X183.325 Y36.548
G1 X183.339 Y36.680
G1 X183.597 Y38.813
G1 X183.612 Y38.925
G1 X183.897 Y40.968
G1 X183.911 Y41.060
G1 X184.219 Y43.014
G1 X184.233 Y43.091
G1 X184.563 Y44.960
G1 X184.574 Y45.020
G1 X184.918 Y46.809
G1 X184.928 Y46.853
G1 X185.289 Y48.567
G1 X185.295 Y48.596
G1 X185.666 Y50.241
G1 X185.670 Y50.257
G1 X186.050 Y51.834
G1 X186.052 Y51.839
G1 X186.439 Y53.347
G1 X186.830 Y54.786
G1 X187.224 Y56.162
G1 X187.620 Y57.479
G1 X188.016 Y58.738
G1 X188.390 Y59.961
G1 X188.675 Y61.194
G1 X188.870 Y62.448
G1 X188.978 Y63.728
G1 X188.999 Y65.039
G1 X188.937 Y66.386
G1 X188.792 Y67.774
G1 X188.567 Y69.207
G1 X188.266 Y70.688
G1 X187.888 Y72.219
G1 X187.437 Y73.806
G1 X186.914 Y75.448
G1 X186.325 Y77.146
G1 X185.726 Y78.854
G1 X185.138 Y80.557
G1 X184.560 Y82.252
G1 X183.991 Y83.941
G1 X183.435 Y85.621
G1 X182.891 Y87.293
G1 X182.360 Y88.959
G1 X181.844 Y90.617
G1 X181.344 Y92.265
G1 X180.861 Y93.907
G1 X180.397 Y95.537
G1 X179.955 Y97.162
G1 X179.536 Y98.780
G1 X179.144 Y100.392
G1 X178.780 Y102.001
G1 X178.448 Y103.606
G1 X178.149 Y105.213
G1 X177.889 Y106.824
G1 X177.665 Y108.443
G1 X177.485 Y110.079
G1 X177.349 Y111.730
G1 X177.256 Y113.410
G1 X177.209 Y115.123
G1 X177.206 Y116.881
G1 X177.244 Y118.691
G1 X177.319 Y120.564
G1 X177.424 Y122.511
G1 X177.548 Y124.507
G1 X177.550 Y124.540
G1 X177.676 Y126.535
G1 X177.684 Y126.663
G1 X177.800 Y128.659
G1 X177.801 Y128.661
G1 X177.813 Y128.886
G1 X177.903 Y130.883
G1 X177.918 Y131.216
G1 X177.968 Y133.215
G1 X177.979 Y133.655
G1 X177.974 Y135.655
G1 X177.973 Y136.202
G1 X177.899 Y138.200
G1 X177.900 Y138.201
G1 X177.876 Y138.850
G1 X177.720 Y140.844
G1 X177.662 Y141.588
G1 X177.502 Y142.859
G1 X179.383 Y143.542
G1 X180.039 Y143.781
G1 X181.883 Y144.555
G1 X182.528 Y144.826
G1 X184.332 Y145.689
G1 X184.963 Y145.991
G1 X186.723 Y146.942
G1 X187.338 Y147.275
G1 X189.050 Y148.312
G1 X189.647 Y148.674
G1 X191.305 Y149.794
G1 X191.884 Y150.185
G1 X193.485 Y151.383
G1 X194.045 Y151.804
G1 X195.585 Y153.080
G1 X196.123 Y153.526
G1 X198.115 Y155.348
G1 X199.522 Y156.768
G1 X200.014 Y157.265
G1 X201.350 Y158.754
G1 X201.818 Y159.275
G1 X203.079 Y160.827
G1 X203.521 Y161.370
G1 X204.703 Y162.982
G1 X205.117 Y163.546
G1 X206.221 Y165.214
G1 X206.607 Y165.799
G1 X207.628 Y167.518
G1 X207.983 Y168.120
G1 X208.918 Y169.890
G1 X209.245 Y170.507
G1 X210.092 Y172.319
G1 X210.388 Y172.951
G1 X211.144 Y174.804
G1 X211.408 Y175.451
G1 X212.074 Y177.337
G1 X212.305 Y177.997
G1 X212.877 Y179.914
G1 X213.078 Y180.584
G1 X213.554 Y182.526
G1 X213.720 Y183.206
G1 X214.235 Y185.855
G1 X214.519 Y187.836
G1 X214.618 Y188.528
G1 X214.805 Y190.519
G1 X214.870 Y191.216
G1 X214.958 Y193.214
G1 X214.989 Y193.913
G1 X214.979 Y195.913
G1 X214.976 Y196.614
G1 X214.869 Y198.610
G1 X214.831 Y199.308
G1 X214.626 Y201.297
G1 X214.554 Y201.993
G1 X214.250 Y203.970
G1 X214.145 Y204.662
G1 X213.604 Y207.307
G1 X213.110 Y209.245
G1 X212.937 Y209.922
G1 X212.348 Y211.833
G1 X212.141 Y212.503
G1 X211.458 Y214.382
G1 X211.219 Y215.039
G1 X210.445 Y216.884
G1 X210.174 Y217.528
G1 X209.311 Y219.332
G1 X209.010 Y219.963
G1 X208.058 Y221.722
G1 X207.724 Y222.338
G1 X206.690 Y224.049
G1 X206.326 Y224.647
G1 X204.815 Y226.886
G1 X203.616 Y228.485
G1 X203.197 Y229.045
G1 X201.921 Y230.584
G1 X201.474 Y231.122
G1 X200.124 Y232.599
G1 X199.652 Y233.115
G1 X199.127 Y233.635
G1 X189.516 Y240.618
G1 X189.900 Y241.146
G1 X189.786 Y241.222
G1 X189.202 Y241.607
G1 X186.880 Y242.984
G1 X184.493 Y244.245
G1 X182.681 Y245.092
G1 X182.048 Y245.388
G1 X180.197 Y246.144
G1 X179.549 Y246.409
G1 X177.003 Y247.306
G1 X175.086 Y247.877
G1 X174.416 Y248.077
G1 X172.473 Y248.554
G1 X171.794 Y248.721
G1 X169.144 Y249.235
G1 X167.164 Y249.519
G1 X166.472 Y249.619
G1 X164.482 Y249.805
G1 X163.783 Y249.870
G1 X161.786 Y249.958
G1 X161.087 Y249.988
G1 X159.087 Y249.979
G1 X158.387 Y249.976
G1 X156.390 Y249.868
G1 X155.692 Y249.831
G1 X153.702 Y249.626
G1 X153.007 Y249.554
G1 X151.031 Y249.251
G1 X150.339 Y249.145
G1 X149.333 Y249.578
G1 X148.872 Y251.525
G1 X148.681 Y252.335
G1 X148.126 Y254.257
G1 X147.905 Y255.028
G1 X147.030 Y257.643
G1 X146.323 Y259.513
G1 X146.077 Y260.166
G1 X145.309 Y262.013
G1 X145.067 Y262.596
G1 X144.252 Y264.421
G1 X144.024 Y264.932
G1 X143.171 Y266.742
G1 X142.965 Y267.180
G1 X142.091 Y268.973
G1 X141.920 Y269.333
G1 X141.141 Y271.039
G1 X141.021 Y271.318
G1 X140.373 Y272.927
G1 X140.294 Y273.137
G1 X139.785 Y274.665
G1 X139.739 Y274.820
G1 X139.369 Y276.284
G1 X139.346 Y276.392
G1 X139.119 Y277.804
G1 X139.110 Y277.877
G1 X139.027 Y279.256
G1 X139.026 Y279.301
G1 X139.082 Y280.659
G1 X139.084 Y280.684
G1 X139.276 Y282.038
G1 X139.277 Y282.047
G1 X139.599 Y283.408
G1 X140.039 Y284.790
G1 X140.527 Y286.239
G1 X141.031 Y287.780
G1 X141.545 Y289.416
G1 X142.072 Y291.153
G1 X142.601 Y292.985
G1 X142.603 Y292.992
G1 X143.130 Y294.921
G1 X143.134 Y294.934
G1 X143.630 Y296.873
G1 X143.652 Y296.956
G1 X143.658 Y296.978
G1 X144.122 Y298.923
G1 X144.162 Y299.094
G1 X144.168 Y299.121
G1 X144.597 Y301.075
G1 X144.653 Y301.327
G1 X144.658 Y301.357
G1 X145.048 Y303.318
G1 X145.115 Y303.648
G1 X145.119 Y303.676
G1 X145.471 Y305.644
G1 X145.542 Y306.047
G1 X145.544 Y306.062
G1 X145.854 Y308.039
G1 X145.927 Y308.504
G1 X146.194 Y310.486
G1 X146.262 Y310.980
G1 X146.484 Y312.967
G1 X146.541 Y313.464
G1 X146.721 Y315.457
G1 X146.764 Y315.939
G1 X146.899 Y317.934
G1 X146.929 Y318.375
G1 X147.020 Y320.373
G1 X147.037 Y320.750
G1 X147.083 Y322.749
G1 X147.090 Y323.042
G1 X147.090 Y325.233
G1 X147.043 Y327.233
G1 X147.041 Y327.311
G1 X146.948 Y329.268
G1 X146.812 Y331.109
G1 X146.632 Y332.840
G1 X146.412 Y334.477
G1 X146.143 Y336.045
G1 X145.820 Y337.577
G1 X145.434 Y339.110
G1 X144.971 Y340.690
G1 X144.416 Y342.364
G1 X143.748 Y344.185
G1 X143.010 Y346.044
G1 X142.947 Y346.202
G1 X142.163 Y348.042
G1 X141.986 Y348.459
G1 X140.903 Y350.850
G1 X140.838 Y350.989
G1 X139.662 Y353.442
G1 X139.481 Y353.806
G1 X138.206 Y356.314
G1 X137.894 Y356.900
G1 X136.943 Y358.661
G1 X136.522 Y359.440
G1 X136.073 Y360.230
G1 X135.074 Y361.963
G1 X134.611 Y362.767
G1 X134.032 Y363.725
G1 X132.501 Y366.212
G1 X131.807 Y367.286
G1 X130.710 Y368.959
G1 X130.240 Y369.676
G1 X129.465 Y370.804
G1 X128.323 Y372.446
G1 X127.902 Y373.052
G1 X127.088 Y374.172
G1 X125.906 Y375.783
G1 X125.572 Y376.240
G1 X124.769 Y377.293
G1 X123.556 Y378.883
G1 X123.342 Y379.165
G1 X122.594 Y380.109
G1 X121.361 Y381.683
G1 X121.288 Y381.777
G1 X120.633 Y382.586
G1 X119.471 Y384.054
G1 X118.930 Y384.718
G1 X117.921 Y386.000
G1 X117.502 Y386.519
G1 X116.646 Y387.635
G1 X116.346 Y388.018
G1 X115.631 Y388.988
G1 X115.435 Y389.252
G1 X114.916 Y390.000
G1 X117.011 Y390.000
G1 X117.306 Y389.334
G1 X117.327 Y389.299
G1 X117.835 Y388.512
G1 X117.918 Y388.382
G1 X118.544 Y387.483
G1 X118.712 Y387.237
G1 X119.476 Y386.202
G1 X119.754 Y385.821
G1 X120.668 Y384.629
G1 X121.070 Y384.093
G1 X122.136 Y382.726
G1 X122.668 Y382.023
G1 X123.879 Y380.470
G1 X124.533 Y379.600
G1 X125.746 Y378.009
G1 X125.868 Y377.849
G1 X126.617 Y376.831
G1 X127.805 Y375.222
G1 X128.047 Y374.893
G1 X128.847 Y373.760
G1 X130.000 Y372.125
G1 X130.332 Y371.653
G1 X131.135 Y370.461
G1 X132.629 Y368.220
G1 X133.382 Y367.037
G1 X134.445 Y365.343
G1 X134.844 Y364.707
G1 X135.503 Y363.606
G1 X136.899 Y361.237
G1 X137.434 Y360.288
G1 X138.743 Y357.928
G1 X139.141 Y357.178
G1 X140.068 Y355.406
G1 X140.353 Y354.861
G1 X140.612 Y354.345
G1 X141.500 Y352.553
G1 X141.727 Y352.093
G1 X141.858 Y351.821
G1 X142.708 Y350.010
G1 X142.883 Y349.637
G1 X142.897 Y349.604
G1 X143.757 Y347.669
G1 X144.465 Y345.971
G1 X145.047 Y344.456
G1 X145.528 Y343.064
G1 X145.925 Y341.737
G1 X146.258 Y340.418
G1 X146.541 Y339.057
G1 X146.784 Y337.612
G1 X146.996 Y336.047
G1 X147.176 Y334.339
G1 X147.327 Y332.466
G1 X147.444 Y330.470
G1 X147.446 Y330.427
G1 X147.519 Y328.428
G1 X147.528 Y328.223
G1 X147.559 Y326.223
G1 X147.563 Y325.867
G1 X147.551 Y323.867
G1 X147.550 Y323.378
G1 X147.492 Y321.379
G1 X147.476 Y320.789
G1 X147.476 Y320.784
G1 X147.375 Y318.787
G1 X147.345 Y318.198
G1 X147.340 Y318.115
G1 X147.193 Y316.120
G1 X147.150 Y315.547
G1 X147.139 Y315.403
G1 X146.947 Y313.412
G1 X146.894 Y312.869
G1 X146.873 Y312.684
G1 X146.635 Y310.698
G1 X146.575 Y310.197
G1 X146.547 Y309.986
G1 X146.263 Y308.007
G1 X146.199 Y307.559
G1 X146.164 Y307.340
G1 X145.835 Y305.367
G1 X145.771 Y304.984
G1 X145.731 Y304.766
G1 X145.360 Y302.801
G1 X145.301 Y302.489
G1 X145.259 Y302.285
G1 X144.845 Y300.326
G1 X144.796 Y300.091
G1 X144.754 Y299.905
G1 X144.301 Y297.957
G1 X144.265 Y297.801
G1 X144.226 Y297.640
G1 X143.735 Y295.701
G1 X143.716 Y295.625
G1 X143.681 Y295.493
G1 X143.156 Y293.567
G1 X142.593 Y291.628
G1 X142.570 Y291.556
G1 X142.032 Y289.806
G1 X142.019 Y289.762
G1 X141.480 Y288.099
G1 X141.474 Y288.082
G1 X140.942 Y286.508
G1 X140.445 Y285.029
G1 X140.045 Y283.599
G1 X139.751 Y282.207
G1 X139.568 Y280.843
G1 X139.501 Y279.491
G1 X139.555 Y278.143
G1 X139.734 Y276.780
G1 X140.049 Y275.391
G1 X140.506 Y273.959
G1 X141.115 Y272.462
G1 X141.886 Y270.879
G1 X142.824 Y269.197
G1 X142.829 Y269.187
G1 X143.853 Y267.469
G1 X143.893 Y267.403
G1 X144.928 Y265.690
G1 X145.008 Y265.558
G1 X146.043 Y263.846
G1 X146.168 Y263.640
G1 X147.190 Y261.920
G1 X147.360 Y261.633
G1 X148.356 Y259.898
G1 X148.571 Y259.524
G1 X149.527 Y257.768
G1 X149.780 Y257.303
G1 X150.684 Y255.519
G1 X150.966 Y254.963
G1 X151.805 Y253.146
G1 X152.104 Y252.497
G1 X152.863 Y250.647
G1 X153.165 Y249.911
G1 X153.206 Y249.578
G1 X155.196 Y249.777
G1 X155.893 Y249.846
G1 X157.891 Y249.946
G1 X158.589 Y249.982
G1 X160.589 Y249.984
G1 X161.288 Y249.984
G1 X163.286 Y249.888
G1 X163.985 Y249.855
G1 X165.975 Y249.662
G1 X166.672 Y249.593
G1 X168.650 Y249.303
G1 X169.342 Y249.201
G1 X171.991 Y248.677
G1 X173.931 Y248.193
G1 X174.610 Y248.024
G1 X176.524 Y247.445
G1 X177.194 Y247.242
G1 X179.079 Y246.572
G1 X179.737 Y246.337
G1 X181.585 Y245.572
G1 X182.232 Y245.306
G1 X184.041 Y244.453
G1 X184.674 Y244.157
G1 X186.439 Y243.215
G1 X187.056 Y242.884
G1 X188.773 Y241.859
G1 X189.374 Y241.500
G1 X189.902 Y241.148
G1 X189.516 Y240.618
G1 X199.114 Y233.644
G1 X199.296 Y233.463
G1 X199.791 Y232.969
G1 X201.135 Y231.489
G1 X201.606 Y230.971
G1 X202.877 Y229.426
G1 X203.321 Y228.886
G1 X204.514 Y227.281
G1 X204.933 Y226.720
G1 X206.045 Y225.059
G1 X206.434 Y224.477
G1 X207.464 Y222.762
G1 X207.824 Y222.163
G1 X208.769 Y220.401
G1 X209.100 Y219.784
G1 X210.257 Y217.345
G1 X211.023 Y215.498
G1 X211.293 Y214.852
G1 X211.968 Y212.971
G1 X212.206 Y212.311
G1 X212.788 Y210.398
G1 X212.991 Y209.728
G1 X213.479 Y207.789
G1 X213.650 Y207.111
G1 X214.043 Y205.150
G1 X214.180 Y204.464
G1 X214.476 Y202.486
G1 X214.579 Y201.794
G1 X214.777 Y199.804
G1 X214.847 Y199.107
G1 X214.947 Y197.110
G1 X214.982 Y196.411
G1 X214.985 Y194.411
G1 X214.985 Y193.712
G1 X214.888 Y191.715
G1 X214.855 Y191.015
G1 X214.662 Y189.024
G1 X214.594 Y188.328
G1 X214.303 Y186.349
G1 X214.201 Y185.658
G1 X213.677 Y183.009
G1 X213.193 Y181.069
G1 X213.024 Y180.390
G1 X212.445 Y178.475
G1 X212.243 Y177.806
G1 X211.572 Y175.922
G1 X211.337 Y175.263
G1 X210.573 Y173.415
G1 X210.306 Y172.768
G1 X209.454 Y170.959
G1 X209.155 Y170.326
G1 X208.214 Y168.561
G1 X207.885 Y167.944
G1 X206.859 Y166.229
G1 X206.500 Y165.627
G1 X205.391 Y163.963
G1 X205.003 Y163.381
G1 X203.813 Y161.773
G1 X203.398 Y161.211
G1 X202.131 Y159.663
G1 X201.686 Y159.122
G1 X200.346 Y157.639
G1 X199.876 Y157.119
G1 X198.463 Y155.705
G1 X197.968 Y155.209
G1 X196.488 Y153.864
G1 X195.971 Y153.394
G1 X193.886 Y151.679
G1 X192.280 Y150.486
G1 X191.720 Y150.068
G1 X190.058 Y148.955
G1 X189.478 Y148.566
G1 X187.763 Y147.537
G1 X187.163 Y147.176
G1 X185.401 Y146.230
G1 X184.784 Y145.900
G1 X182.977 Y145.043
G1 X182.345 Y144.743
G1 X181.698 Y144.461
G1 X182.403 Y142.065
G1 X182.867 Y140.121
G1 X183.064 Y139.294
G1 X183.434 Y137.329
G1 X183.583 Y136.540
G1 X183.869 Y134.561
G1 X183.973 Y133.826
G1 X184.184 Y131.838
G1 X184.255 Y131.169
G1 X184.400 Y129.174
G1 X184.443 Y128.581
G1 X184.532 Y126.584
G1 X184.555 Y126.070
G1 X184.601 Y124.070
G1 X184.610 Y123.641
G1 X184.622 Y121.641
G1 X184.624 Y121.295
G1 X184.613 Y119.295
G1 X184.611 Y119.029
G1 X184.586 Y117.032
G1 X184.584 Y116.844
G1 X184.556 Y114.845
G1 X184.554 Y114.731
G1 X184.530 Y112.731
G1 X184.530 Y112.686
G1 X184.519 Y110.703
G1 X184.527 Y108.776
G1 X184.557 Y106.896
G1 X184.613 Y105.060
G1 X184.699 Y103.260
G1 X184.814 Y101.492
G1 X184.958 Y99.750
G1 X185.132 Y98.031
G1 X185.335 Y96.330
G1 X185.567 Y94.644
G1 X185.826 Y92.970
G1 X186.111 Y91.307
G1 X186.422 Y89.651
G1 X186.758 Y88.001
G1 X187.115 Y86.355
G1 X187.494 Y84.714
G1 X187.895 Y83.076
G1 X188.316 Y81.436
G1 X188.757 Y79.799
G1 X189.199 Y78.178
G1 X189.598 Y76.611
G1 X189.948 Y75.100
G1 X190.249 Y73.640
G1 X190.492 Y72.231
G1 X190.680 Y70.872
G1 X190.810 Y69.559
G1 X190.877 Y68.291
G1 X190.880 Y67.063
G1 X190.813 Y65.874
G1 X190.678 Y64.719
G1 X190.468 Y63.596
G1 X190.181 Y62.498
G1 X189.823 Y61.414
G1 X189.455 Y60.300
G1 X189.090 Y59.139
G1 X188.725 Y57.930
G1 X188.366 Y56.666
G1 X188.008 Y55.345
G1 X187.654 Y53.960
G1 X187.304 Y52.506
G1 X186.959 Y50.975
G1 X186.619 Y49.362
G1 X186.287 Y47.662
G1 X185.967 Y45.873
G1 X185.966 Y45.864
G1 X185.660 Y43.991
G1 X185.657 Y43.961
G1 X185.370 Y41.999
G1 X185.362 Y41.948
G1 X185.098 Y39.892
G1 X185.088 Y39.814
G1 X184.850 Y37.658
G1 X184.839 Y37.557
G1 X184.633 Y35.293
G1 X184.621 Y35.164
G1 X184.453 Y32.792
G1 X184.452 Y32.791
G1 X184.443 Y32.631
G1 X184.319 Y30.145
G1 X184.311 Y29.956
G1 X184.240 Y27.355
G1 X184.236 Y27.135
G1 X184.226 Y24.419
G1 X184.228 Y24.168
G1 X184.289 Y21.337
G1 X184.299 Y21.057
G1 X184.441 Y18.117
G1 X184.461 Y17.806
G1 X184.692 Y14.764
G1 X184.724 Y14.425
G1 X185.056 Y11.292
G1 X185.100 Y10.931
G1 X185.542 Y7.716
G1 X185.602 Y7.338
G1 X186.158 Y4.060
G1 X186.232 Y3.665
G1 X186.911 Y0.343
G1 X186.988 Y0.000
G1 X189.104 Y0.000
G1 X188.395 Y3.201
G1 X188.301 Y3.672
G1 X187.655 Y7.158
G1 X187.581 Y7.611
G1 X187.069 Y11.021
G1 X187.012 Y11.448
G1 X186.624 Y14.761
G1 X186.584 Y15.158
G1 X186.308 Y18.357
G1 X186.283 Y18.718
G1 X186.106 Y21.792
G1 X186.092 Y22.119
G1 X186.003 Y25.057
G1 X185.999 Y25.344
G1 X185.985 Y28.147
G1 X185.987 Y28.393
G1 X186.037 Y31.061
G1 X186.043 Y31.268
G1 X186.146 Y33.801
G1 X186.154 Y33.967
G1 X186.301 Y36.372
G1 X186.311 Y36.502
G1 X186.495 Y38.783
G1 X186.502 Y38.877
G1 X186.715 Y41.041
G1 X186.717 Y41.042
G1 X186.723 Y41.103
G1 X186.961 Y43.158
G1 X186.965 Y43.187
G1 X187.225 Y45.142
G1 X187.225 Y45.144
G1 X187.498 Y46.982
G1 X187.784 Y48.711
G1 X188.077 Y50.341
G1 X188.380 Y51.882
G1 X188.690 Y53.342
G1 X189.006 Y54.729
G1 X189.330 Y56.051
G1 X189.660 Y57.315
G1 X189.998 Y58.527
G1 X190.344 Y59.692
G1 X190.697 Y60.816
G1 X191.059 Y61.903
G1 X191.430 Y62.958
G1 X191.810 Y63.981
G1 X192.199 Y64.979
G1 X192.563 Y65.978
G1 X192.871 Y67.010
G1 X193.125 Y68.078
G1 X193.331 Y69.183
G1 X193.490 Y70.328
G1 X193.604 Y71.519
G1 X193.676 Y72.755
G1 X193.707 Y74.041
G1 X193.698 Y75.379
G1 X193.651 Y76.771
G1 X193.568 Y78.225
G1 X193.451 Y79.736
G1 X193.299 Y81.315
G1 X193.113 Y82.963
G1 X192.906 Y84.675
G1 X192.715 Y86.408
G1 X192.546 Y88.165
G1 X192.396 Y89.948
G1 X192.266 Y91.758
G1 X192.155 Y93.598
G1 X192.060 Y95.471
G1 X191.981 Y97.380
G1 X191.916 Y99.330
G1 X191.861 Y101.322
G1 X191.813 Y103.321
G1 X191.812 Y103.362
G1 X191.769 Y105.361
G1 X191.766 Y105.452
G1 X191.720 Y107.451
G1 X191.717 Y107.596
G1 X191.664 Y109.595
G1 X191.660 Y109.797
G1 X191.593 Y111.796
G1 X191.583 Y112.059
G1 X191.499 Y114.057
G1 X191.485 Y114.381
G1 X191.372 Y116.378
G1 X191.350 Y116.766
G1 X191.204 Y118.761
G1 X191.171 Y119.212
G1 X190.983 Y121.203
G1 X190.934 Y121.717
G1 X190.697 Y123.703
G1 X190.628 Y124.277
G1 X190.334 Y126.256
G1 X190.240 Y126.884
G1 X189.881 Y128.852
G1 X189.759 Y129.528
G1 X189.328 Y131.481
G1 X189.170 Y132.195
G1 X188.660 Y134.130
G1 X188.465 Y134.870
G1 X187.871 Y136.782
G1 X187.637 Y137.533
G1 X186.952 Y139.412
G1 X186.680 Y140.159
G1 X185.900 Y142.001
G1 X185.595 Y142.724
G1 X184.718 Y144.521
G1 X184.387 Y145.198
G1 X184.188 Y145.604
G1 X185.961 Y146.528
G1 X186.583 Y146.851
G1 X188.309 Y147.860
G1 X188.913 Y148.213
G1 X190.587 Y149.306
G1 X191.174 Y149.688
G1 X192.794 Y150.861
G1 X193.359 Y151.272
G1 X194.920 Y152.524
G1 X195.465 Y152.964
G1 X196.962 Y154.289
G1 X197.485 Y154.753
G1 X198.915 Y156.151
G1 X199.415 Y156.640
G1 X200.774 Y158.109
G1 X201.250 Y158.621
G1 X202.536 Y160.153
G1 X202.985 Y160.689
G1 X204.194 Y162.283
G1 X204.617 Y162.839
G1 X205.746 Y164.490
G1 X206.141 Y165.067
G1 X207.188 Y166.771
G1 X207.554 Y167.367
G1 X208.516 Y169.120
G1 X208.853 Y169.734
G1 X209.728 Y171.532
G1 X210.034 Y172.161
G1 X210.819 Y174.000
G1 X211.094 Y174.644
G1 X211.789 Y176.519
G1 X212.032 Y177.175
G1 X212.634 Y179.082
G1 X212.844 Y179.750
G1 X213.351 Y181.685
G1 X213.528 Y182.361
G1 X213.940 Y184.320
G1 X214.084 Y185.003
G1 X214.399 Y186.978
G1 X214.509 Y187.669
G1 X214.728 Y189.657
G1 X214.804 Y190.352
G1 X214.923 Y192.348
G1 X214.965 Y193.047
G1 X214.987 Y195.047
G1 X214.995 Y195.746
G1 X214.918 Y197.745
G1 X214.892 Y198.444
G1 X214.719 Y200.436
G1 X214.657 Y201.133
G1 X214.384 Y203.115
G1 X214.290 Y203.808
G1 X213.793 Y206.461
G1 X213.327 Y208.406
G1 X213.166 Y209.087
G1 X212.605 Y211.007
G1 X212.410 Y211.678
G1 X211.758 Y213.568
G1 X211.529 Y214.230
G1 X210.784 Y216.086
G1 X210.523 Y216.735
G1 X209.688 Y218.552
G1 X209.396 Y219.188
G1 X208.472 Y220.961
G1 X208.150 Y221.583
G1 X207.140 Y223.309
G1 X206.787 Y223.913
G1 X205.694 Y225.588
G1 X205.312 Y226.175
G1 X204.139 Y227.793
G1 X203.728 Y228.360
G1 X202.476 Y229.920
G1 X202.039 Y230.465
G1 X200.711 Y231.961
G1 X200.247 Y232.485
G1 X199.112 Y233.646
G1 X189.516 Y240.618
G1 X189.908 Y241.157
G1 X187.633 Y242.556
G1 X185.879 Y243.516
G1 X185.265 Y243.853
G1 X183.468 Y244.727
G1 X182.839 Y245.034
G1 X181.000 Y245.818
G1 X180.356 Y246.094
G1 X178.482 Y246.789
G1 X177.824 Y247.032
G1 X175.250 Y247.844
G1 X173.316 Y248.351
G1 X172.638 Y248.528
G1 X169.997 Y249.084
G1 X168.022 Y249.399
G1 X167.331 Y249.509
G1 X165.343 Y249.727
G1 X164.648 Y249.803
G1 X161.953 Y249.965
G1 X159.953 Y249.987
G1 X159.255 Y249.995
G1 X157.256 Y249.918
G1 X156.556 Y249.894
G1 X155.605 Y249.936
G1 X154.566 Y251.644
G1 X154.271 Y252.130
G1 X153.181 Y253.806
G1 X152.937 Y254.180
G1 X151.809 Y255.832
G1 X151.628 Y256.098
G1 X150.479 Y257.735
G1 X150.365 Y257.899
G1 X149.212 Y259.533
G1 X149.160 Y259.603
G1 X148.029 Y261.230
G1 X146.973 Y262.797
G1 X145.996 Y264.325
G1 X145.095 Y265.830
G1 X144.266 Y267.327
G1 X143.504 Y268.829
G1 X142.810 Y270.339
G1 X142.233 Y271.826
G1 X141.771 Y273.295
G1 X141.415 Y274.756
G1 X141.158 Y276.216
G1 X140.994 Y277.681
G1 X140.919 Y279.157
G1 X140.933 Y280.646
G1 X141.032 Y282.157
G1 X141.217 Y283.694
G1 X141.489 Y285.265
G1 X141.842 Y286.859
G1 X141.847 Y286.878
G1 X142.274 Y288.488
G1 X142.290 Y288.542
G1 X142.787 Y290.180
G1 X142.816 Y290.271
G1 X143.330 Y291.968
G1 X143.369 Y292.099
G1 X143.872 Y293.872
G1 X143.920 Y294.048
G1 X144.409 Y295.900
G1 X144.465 Y296.121
G1 X144.936 Y298.056
G1 X144.998 Y298.323
G1 X145.432 Y300.277
G1 X145.447 Y300.345
G1 X145.513 Y300.659
G1 X145.904 Y302.621
G1 X145.934 Y302.767
G1 X146.001 Y303.126
G1 X146.351 Y305.096
G1 X146.391 Y305.321
G1 X146.456 Y305.720
G1 X146.759 Y307.697
G1 X146.806 Y307.997
G1 X146.866 Y308.430
G1 X147.124 Y310.413
G1 X147.172 Y310.784
G1 X147.224 Y311.239
G1 X147.433 Y313.228
G1 X147.479 Y313.659
G1 X147.521 Y314.122
G1 X147.682 Y316.115
G1 X147.720 Y316.593
G1 X147.750 Y317.045
G1 X147.861 Y319.043
G1 X147.890 Y319.553
G1 X147.908 Y319.975
G1 X147.971 Y321.975
G1 X147.988 Y322.499
G1 X147.994 Y322.868
G1 X148.010 Y324.868
G1 X148.015 Y325.388
G1 X148.013 Y325.677
G1 X147.984 Y327.677
G1 X147.977 Y328.177
G1 X147.971 Y328.365
G1 X147.898 Y330.365
G1 X147.882 Y330.827
G1 X147.879 Y330.895
G1 X147.767 Y332.892
G1 X147.748 Y333.234
G1 X147.597 Y335.228
G1 X147.587 Y335.365
G1 X147.406 Y337.282
G1 X147.210 Y338.987
G1 X147.000 Y340.502
G1 X146.772 Y341.851
G1 X146.518 Y343.076
G1 X146.225 Y344.226
G1 X145.877 Y345.358
G1 X145.451 Y346.537
G1 X144.926 Y347.831
G1 X144.277 Y349.306
G1 X143.474 Y351.028
G1 X142.598 Y352.826
G1 X142.491 Y353.042
G1 X142.489 Y353.048
G1 X141.585 Y354.832
G1 X141.432 Y355.134
G1 X141.294 Y355.398
G1 X140.157 Y357.558
G1 X139.870 Y358.083
G1 X138.649 Y360.300
G1 X138.208 Y361.066
G1 X137.207 Y362.796
G1 X136.911 Y363.308
G1 X136.324 Y364.277
G1 X135.283 Y365.984
G1 X134.970 Y366.498
G1 X134.260 Y367.609
G1 X133.177 Y369.290
G1 X132.876 Y369.757
G1 X132.083 Y370.935
G1 X130.961 Y372.591
G1 X130.711 Y372.961
G1 X128.733 Y375.760
G1 X128.570 Y375.991
G1 X127.773 Y377.074
G1 X126.595 Y378.690
G1 X126.550 Y378.753
G1 X125.833 Y379.704
G1 X124.734 Y381.187
G1 X124.135 Y381.976
G1 X123.181 Y383.267
G1 X122.717 Y383.882
G1 X121.918 Y384.995
G1 X121.590 Y385.441
G1 X120.937 Y386.395
G1 X120.735 Y386.697
G1 X120.290 Y387.608
G1 X120.212 Y387.812
G1 X120.001 Y388.778
G1 X119.988 Y388.866
G1 X119.964 Y389.861
G1 X119.975 Y390.000
G1 X123.392 Y390.000
G1 X123.373 Y389.925
G1 X123.134 Y388.818
G1 X123.018 Y387.620
G1 X123.018 Y387.599
G1 X123.114 Y386.452
G1 X123.140 Y386.276
G1 X123.483 Y385.159
G1 X123.604 Y384.850
G1 X124.217 Y383.737
G1 X124.494 Y383.303
G1 X125.345 Y382.119
G1 X125.774 Y381.510
G1 X126.772 Y380.144
G1 X127.344 Y379.340
G1 X128.474 Y377.788
G1 X129.170 Y376.799
G1 X130.331 Y375.172
G1 X130.405 Y375.067
G1 X131.184 Y373.930
G1 X132.318 Y372.282
G1 X132.485 Y372.036
G1 X133.293 Y370.812
G1 X134.391 Y369.140
G1 X134.618 Y368.794
G1 X135.393 Y367.562
G1 X136.450 Y365.865
G1 X136.697 Y365.468
G1 X137.383 Y364.318
G1 X138.401 Y362.599
G1 X138.633 Y362.205
G1 X139.192 Y361.219
G1 X140.366 Y359.134
G1 X140.777 Y358.375
G1 X141.726 Y356.614
G1 X141.865 Y356.356
G1 X142.122 Y355.859
G1 X143.043 Y354.084
G1 X143.124 Y353.926
G1 X143.236 Y353.704
G1 X144.131 Y351.916
G1 X144.140 Y351.896
G1 X144.863 Y350.397
G1 X145.435 Y349.141
G1 X145.884 Y348.057
G1 X146.243 Y347.067
G1 X146.536 Y346.093
G1 X146.784 Y345.065
G1 X147.008 Y343.918
G1 X147.221 Y342.599
G1 X147.436 Y341.066
G1 X147.653 Y339.289
G1 X147.862 Y337.301
G1 X147.868 Y337.255
G1 X148.048 Y335.263
G1 X148.071 Y335.010
G1 X148.074 Y334.963
G1 X148.221 Y332.969
G1 X148.245 Y332.649
G1 X148.258 Y332.432
G1 X148.369 Y330.435
G1 X148.389 Y330.054
G1 X148.405 Y329.692
G1 X148.475 Y327.693
G1 X148.489 Y327.268
G1 X148.499 Y326.784
G1 X148.525 Y324.784
G1 X148.530 Y324.340
G1 X148.528 Y323.763
G1 X148.507 Y321.764
G1 X148.502 Y321.318
G1 X148.485 Y320.683
G1 X148.415 Y318.684
G1 X148.399 Y318.261
G1 X148.366 Y317.595
G1 X148.246 Y315.600
G1 X148.223 Y315.219
G1 X148.172 Y314.554
G1 X148.003 Y312.559
G1 X147.975 Y312.237
G1 X147.912 Y311.591
G1 X147.694 Y309.603
G1 X147.667 Y309.353
G1 X147.591 Y308.745
G1 X147.328 Y306.762
G1 X147.304 Y306.592
G1 X147.223 Y306.033
G1 X146.913 Y304.057
G1 X146.900 Y303.970
G1 X146.816 Y303.468
G1 X146.463 Y301.499
G1 X146.462 Y301.495
G1 X146.377 Y301.052
G1 X145.998 Y299.167
G1 X145.917 Y298.786
G1 X145.517 Y296.983
G1 X145.440 Y296.657
G1 X145.049 Y294.924
G1 X144.990 Y294.650
G1 X144.661 Y292.953
G1 X144.620 Y292.722
G1 X144.359 Y291.050
G1 X144.333 Y290.860
G1 X144.141 Y289.199
G1 X144.126 Y289.049
G1 X144.005 Y287.387
G1 X143.998 Y287.274
G1 X143.944 Y285.602
G1 X143.943 Y285.524
G1 X143.957 Y283.833
G1 X143.958 Y283.791
G1 X144.036 Y282.075
G1 X144.037 Y282.069
G1 X144.175 Y280.352
G1 X144.369 Y278.638
G1 X144.616 Y276.925
G1 X144.913 Y275.214
G1 X145.261 Y273.504
G1 X145.647 Y271.804
G1 X146.034 Y270.146
G1 X146.423 Y268.536
G1 X146.824 Y266.975
G1 X147.247 Y265.462
G1 X147.700 Y263.998
G1 X148.199 Y262.577
G1 X148.756 Y261.195
G1 X149.381 Y259.844
G1 X150.089 Y258.512
G1 X150.886 Y257.184
G1 X151.785 Y255.841
G1 X152.786 Y254.465
G1 X153.891 Y253.034
G1 X155.097 Y251.521
G1 X156.346 Y249.960
G1 X156.352 Y249.878
G1 X158.351 Y249.963
G1 X159.049 Y249.992
G1 X161.049 Y249.977
G1 X161.750 Y249.972
G1 X163.746 Y249.859
G1 X164.444 Y249.820
G1 X166.433 Y249.610
G1 X167.129 Y249.536
G1 X169.796 Y249.121
G1 X171.754 Y248.717
G1 X172.441 Y248.575
G1 X174.376 Y248.075
G1 X175.054 Y247.900
G1 X176.964 Y247.305
G1 X177.631 Y247.097
G1 X179.510 Y246.410
G1 X180.166 Y246.170
G1 X182.008 Y245.391
G1 X182.653 Y245.118
G1 X184.454 Y244.250
G1 X185.085 Y243.946
G1 X186.842 Y242.991
G1 X187.456 Y242.657
G1 X189.163 Y241.616
G1 X189.761 Y241.252
G1 X189.906 Y241.154
G1 X189.516 Y240.618
G1 X199.110 Y233.648
G1 X199.617 Y233.133
G1 X200.108 Y232.635
G1 X201.440 Y231.142
G1 X201.906 Y230.621
G1 X203.164 Y229.066
G1 X203.604 Y228.522
G1 X204.783 Y226.907
G1 X205.196 Y226.342
G1 X206.295 Y224.671
G1 X206.678 Y224.087
G1 X207.694 Y222.364
G1 X208.050 Y221.762
G1 X209.305 Y219.371
G1 X210.148 Y217.557
G1 X210.442 Y216.922
G1 X211.194 Y215.070
G1 X211.457 Y214.421
G1 X212.117 Y212.534
G1 X212.348 Y211.872
G1 X212.915 Y209.955
G1 X213.113 Y209.285
G1 X213.585 Y207.340
G1 X213.750 Y206.661
G1 X214.125 Y204.697
G1 X214.256 Y204.009
G1 X214.537 Y202.028
G1 X214.635 Y201.336
G1 X214.816 Y199.344
G1 X214.879 Y198.648
G1 X214.962 Y196.650
G1 X214.991 Y195.951
G1 X214.977 Y193.951
G1 X214.972 Y193.251
G1 X214.859 Y191.254
G1 X214.820 Y190.557
G1 X214.610 Y188.567
G1 X214.536 Y187.870
G1 X214.229 Y185.895
G1 X214.121 Y185.204
G1 X213.716 Y183.245
G1 X213.575 Y182.560
G1 X213.075 Y180.623
G1 X212.899 Y179.946
G1 X212.305 Y178.037
G1 X212.098 Y177.369
G1 X211.410 Y175.490
G1 X211.170 Y174.834
G1 X210.390 Y172.992
G1 X210.117 Y172.347
G1 X209.249 Y170.545
G1 X208.946 Y169.915
G1 X207.991 Y168.158
G1 X207.656 Y167.544
G1 X206.616 Y165.837
G1 X206.253 Y165.239
G1 X205.129 Y163.584
G1 X204.736 Y163.005
G1 X203.533 Y161.407
G1 X203.112 Y160.849
G1 X201.833 Y159.311
G1 X201.385 Y158.773
G1 X200.031 Y157.304
G1 X199.557 Y156.787
G1 X198.133 Y155.384
G1 X197.636 Y154.892
G1 X196.143 Y153.560
G1 X195.621 Y153.094
G1 X194.065 Y151.837
G1 X193.522 Y151.396
G1 X191.907 Y150.216
G1 X191.343 Y149.804
G1 X189.671 Y148.705
G1 X189.087 Y148.321
G1 X186.761 Y146.950
G1 X185.257 Y145.776
G1 X186.449 Y144.170
G1 X186.672 Y143.869
G1 X187.785 Y142.207
G1 X188.052 Y141.810
G1 X189.081 Y140.094
G1 X189.371 Y139.610
G1 X190.317 Y137.849
G1 X190.317 Y137.848
G1 X190.612 Y137.296
G1 X191.473 Y135.491
G1 X191.761 Y134.887
G1 X192.539 Y133.045
G1 X192.810 Y132.404
G1 X193.510 Y130.530
G1 X193.757 Y129.866
G1 X194.380 Y127.969
G1 X194.600 Y127.296
G1 X195.151 Y125.374
G1 X195.342 Y124.708
G1 X195.826 Y122.768
G1 X195.988 Y122.118
G1 X196.412 Y120.164
G1 X196.546 Y119.538
G1 X196.912 Y117.572
G1 X197.021 Y116.979
G1 X197.336 Y115.004
G1 X197.424 Y114.449
G1 X197.692 Y112.469
G1 X197.761 Y111.957
G1 X197.989 Y109.970
G1 X198.042 Y109.505
G1 X198.235 Y107.514
G1 X198.276 Y107.097
G1 X198.437 Y105.104
G1 X198.468 Y104.736
G1 X198.604 Y102.741
G1 X198.625 Y102.422
G1 X198.741 Y100.427
G1 X198.757 Y100.158
G1 X198.856 Y98.161
G1 X198.867 Y97.941
G1 X198.954 Y95.943
G1 X198.963 Y95.772
G1 X199.040 Y93.773
G1 X199.045 Y93.648
G1 X199.119 Y91.649
G1 X199.122 Y91.568
G1 X199.195 Y89.571
G1 X199.197 Y89.534
G1 X199.252 Y87.563
G1 X199.250 Y85.705
G1 X199.189 Y83.952
G1 X199.080 Y82.293
G1 X198.923 Y80.723
G1 X198.719 Y79.231
G1 X198.476 Y77.814
G1 X198.192 Y76.465
G1 X197.872 Y75.178
G1 X197.515 Y73.948
G1 X197.124 Y72.771
G1 X196.698 Y71.645
G1 X196.239 Y70.563
G1 X195.745 Y69.524
G1 X195.227 Y68.517
G1 X194.723 Y67.502
G1 X194.239 Y66.478
G1 X193.773 Y65.443
G1 X193.329 Y64.395
G1 X192.904 Y63.331
G1 X192.497 Y62.247
G1 X192.108 Y61.142
G1 X191.738 Y60.011
G1 X191.385 Y58.850
G1 X191.049 Y57.650
G1 X190.725 Y56.408
G1 X190.419 Y55.118
G1 X190.125 Y53.769
G1 X189.843 Y52.353
G1 X189.574 Y50.861
G1 X189.318 Y49.281
G1 X189.074 Y47.604
G1 X188.844 Y45.815
G1 X188.626 Y43.901
G1 X188.429 Y41.849
G1 X188.254 Y39.656
G1 X188.252 Y39.645
G1 X188.107 Y37.329
G1 X188.105 Y37.274
G1 X187.994 Y34.823
G1 X187.991 Y34.725
G1 X187.924 Y32.131
G1 X187.922 Y31.983
G1 X187.910 Y29.238
G1 X187.910 Y29.040
G1 X187.962 Y26.137
G1 X187.970 Y25.887
G1 X188.100 Y22.827
G1 X188.099 Y22.825
G1 X188.116 Y22.522
G1 X188.338 Y19.304
G1 X188.370 Y18.947
G1 X188.699 Y15.578
G1 X188.747 Y15.170
G1 X189.202 Y11.663
G1 X189.270 Y11.212
G1 X189.864 Y7.584
G1 X189.954 Y7.092
G1 X190.700 Y3.372
G1 X190.817 Y2.847
G1 X191.498 Y0.000
G1 X194.220 Y0.000
G1 X193.612 Y2.309
G1 X193.469 Y2.913
G1 X192.588 Y6.894
G1 X192.476 Y7.461
G1 X191.771 Y11.328
G1 X191.687 Y11.844
G1 X191.142 Y15.562
G1 X191.084 Y16.024
G1 X190.679 Y19.572
G1 X190.641 Y19.972
G1 X190.358 Y23.338
G1 X190.336 Y23.672
G1 X190.152 Y26.849
G1 X190.141 Y27.117
G1 X190.040 Y30.105
G1 X190.037 Y30.310
G1 X190.004 Y33.118
G1 X190.004 Y33.261
G1 X190.026 Y35.899
G1 X190.027 Y35.982
G1 X190.093 Y38.462
G1 X190.095 Y38.492
G1 X190.197 Y40.806
G1 X190.326 Y42.944
G1 X190.480 Y44.925
G1 X190.655 Y46.766
G1 X190.848 Y48.485
G1 X191.060 Y50.098
G1 X191.292 Y51.619
G1 X191.544 Y53.064
G1 X191.818 Y54.445
G1 X192.115 Y55.770
G1 X192.437 Y57.054
G1 X192.785 Y58.301
G1 X193.161 Y59.520
G1 X193.565 Y60.719
G1 X194.000 Y61.903
G1 X194.465 Y63.076
G1 X194.963 Y64.240
G1 X195.491 Y65.399
G1 X196.049 Y66.554
G1 X196.638 Y67.705
G1 X197.257 Y68.855
G1 X197.905 Y70.002
G1 X198.581 Y71.144
G1 X199.281 Y72.282
G1 X200.004 Y73.413
G1 X200.748 Y74.536
G1 X201.498 Y75.660
G1 X202.211 Y76.829
G1 X202.875 Y78.056
G1 X203.483 Y79.347
G1 X204.032 Y80.711
G1 X204.506 Y82.140
G1 X204.511 Y82.158
G1 X204.905 Y83.645
G1 X204.917 Y83.697
G1 X205.224 Y85.251
G1 X205.239 Y85.341
G1 X205.457 Y86.970
G1 X205.471 Y87.100
G1 X205.595 Y88.811
G1 X205.595 Y88.812
G1 X205.603 Y88.989
G1 X205.632 Y90.793
G1 X205.629 Y91.024
G1 X205.555 Y92.928
G1 X205.538 Y93.215
G1 X205.378 Y95.204
G1 X205.377 Y95.205
G1 X205.350 Y95.542
G1 X205.157 Y97.530
G1 X205.120 Y97.906
G1 X204.897 Y99.895
G1 X204.848 Y100.312
G1 X204.588 Y102.297
G1 X204.527 Y102.751
G1 X204.228 Y104.727
G1 X204.154 Y105.220
G1 X203.811 Y107.190
G1 X203.721 Y107.714
G1 X203.331 Y109.676
G1 X203.222 Y110.230
G1 X202.783 Y112.179
G1 X202.783 Y112.180
G1 X202.653 Y112.756
G1 X202.161 Y114.694
G1 X202.010 Y115.288
G1 X201.461 Y117.211
G1 X201.289 Y117.816
G1 X200.679 Y119.720
G1 X200.483 Y120.329
G1 X199.811 Y122.212
G1 X199.593 Y122.815
G1 X198.855 Y124.673
G1 X198.621 Y125.260
G1 X197.813 Y127.090
G1 X197.565 Y127.652
G1 X196.687 Y129.448
G1 X196.431 Y129.972
G1 X195.481 Y131.732
G1 X195.226 Y132.206
G1 X194.206 Y133.925
G1 X193.962 Y134.339
G1 X192.870 Y136.015
G1 X192.650 Y136.354
G1 X191.493 Y137.985
G1 X191.311 Y138.239
G1 X190.091 Y139.823
G1 X189.968 Y139.983
G1 X188.692 Y141.523
G1 X188.645 Y141.578
G1 X187.373 Y143.024
G1 X186.183 Y144.322
G1 X185.106 Y145.485
G1 X184.873 Y145.946
G1 X186.634 Y146.894
G1 X187.250 Y147.227
G1 X188.963 Y148.257
G1 X189.562 Y148.619
G1 X191.222 Y149.736
G1 X191.802 Y150.125
G1 X193.405 Y151.322
G1 X193.965 Y151.741
G1 X195.508 Y153.014
G1 X196.048 Y153.460
G1 X197.525 Y154.807
G1 X198.042 Y155.278
G1 X199.452 Y156.696
G1 X199.945 Y157.193
G1 X201.284 Y158.679
G1 X201.752 Y159.198
G1 X203.016 Y160.748
G1 X203.459 Y161.290
G1 X204.645 Y162.900
G1 X205.060 Y163.463
G1 X206.166 Y165.129
G1 X206.553 Y165.712
G1 X207.577 Y167.430
G1 X207.935 Y168.031
G1 X208.873 Y169.799
G1 X209.200 Y170.416
G1 X210.050 Y172.227
G1 X210.347 Y172.860
G1 X211.108 Y174.710
G1 X211.372 Y175.357
G1 X212.041 Y177.242
G1 X212.275 Y177.902
G1 X212.850 Y179.818
G1 X213.051 Y180.487
G1 X213.531 Y182.429
G1 X213.699 Y183.108
G1 X214.084 Y185.071
G1 X214.218 Y185.757
G1 X214.506 Y187.736
G1 X214.606 Y188.428
G1 X214.796 Y190.420
G1 X214.863 Y191.116
G1 X214.955 Y193.114
G1 X214.987 Y193.812
G1 X214.981 Y195.812
G1 X214.979 Y196.511
G1 X214.875 Y198.509
G1 X214.839 Y199.208
G1 X214.636 Y201.198
G1 X214.566 Y201.893
G1 X214.268 Y203.871
G1 X214.162 Y204.565
G1 X213.766 Y206.524
G1 X213.629 Y207.209
G1 X213.135 Y209.147
G1 X212.964 Y209.825
G1 X212.378 Y211.737
G1 X212.173 Y212.406
G1 X211.494 Y214.287
G1 X211.256 Y214.945
G1 X210.487 Y216.791
G1 X210.216 Y217.438
G1 X209.355 Y219.241
G1 X209.053 Y219.873
G1 X208.106 Y221.634
G1 X207.776 Y222.250
G1 X206.742 Y223.963
G1 X206.380 Y224.562
G1 X205.264 Y226.222
G1 X204.874 Y226.802
G1 X203.676 Y228.405
G1 X203.259 Y228.967
G1 X201.986 Y230.507
G1 X201.540 Y231.047
G1 X199.722 Y233.042
G1 X199.121 Y233.641
G1 X189.516 Y240.618
G1 X189.901 Y241.147
G1 X189.870 Y241.166
G1 X189.289 Y241.553
G1 X187.569 Y242.577
G1 X186.968 Y242.935
G1 X185.201 Y243.873
G1 X184.584 Y244.200
G1 X182.774 Y245.049
G1 X182.140 Y245.346
G1 X180.290 Y246.107
G1 X179.644 Y246.373
G1 X177.758 Y247.040
G1 X177.098 Y247.277
G1 X175.183 Y247.850
G1 X174.513 Y248.051
G1 X172.571 Y248.531
G1 X171.892 Y248.699
G1 X169.929 Y249.084
G1 X169.243 Y249.217
G1 X167.264 Y249.506
G1 X166.572 Y249.605
G1 X164.581 Y249.796
G1 X163.884 Y249.864
G1 X161.886 Y249.954
G1 X161.187 Y249.987
G1 X159.188 Y249.983
G1 X158.488 Y249.981
G1 X156.048 Y250.341
G1 X155.412 Y251.537
G1 X154.885 Y252.759
G1 X154.452 Y254.023
G1 X154.095 Y255.339
G1 X153.800 Y256.717
G1 X153.549 Y258.154
G1 X153.326 Y259.658
G1 X153.120 Y261.223
G1 X152.916 Y262.848
G1 X152.705 Y264.526
G1 X152.478 Y266.252
G1 X152.227 Y268.021
G1 X151.947 Y269.827
G1 X151.634 Y271.661
G1 X151.283 Y273.521
G1 X150.893 Y275.406
G1 X150.461 Y277.307
G1 X149.987 Y279.222
G1 X149.483 Y281.147
G1 X149.012 Y283.025
G1 X149.008 Y283.048
G1 X148.583 Y284.884
G1 X148.573 Y284.930
G1 X148.198 Y286.722
G1 X148.185 Y286.796
G1 X147.866 Y288.552
G1 X147.850 Y288.652
G1 X147.593 Y290.375
G1 X147.576 Y290.507
G1 X147.386 Y292.208
G1 X147.371 Y292.376
G1 X147.252 Y294.062
G1 X147.242 Y294.268
G1 X147.198 Y295.952
G1 X147.197 Y296.200
G1 X147.228 Y297.895
G1 X147.239 Y298.193
G1 X147.343 Y299.914
G1 X147.372 Y300.266
G1 X147.545 Y302.028
G1 X147.592 Y302.442
G1 X147.825 Y304.261
G1 X147.891 Y304.744
G1 X148.146 Y306.641
G1 X148.213 Y307.200
G1 X148.440 Y309.188
G1 X148.440 Y309.191
G1 X148.503 Y309.829
G1 X148.687 Y311.819
G1 X148.695 Y311.913
G1 X148.750 Y312.626
G1 X148.889 Y314.620
G1 X148.901 Y314.798
G1 X148.944 Y315.575
G1 X149.035 Y317.573
G1 X149.047 Y317.826
G1 X149.072 Y318.650
G1 X149.116 Y320.649
G1 X149.123 Y320.963
G1 X149.128 Y321.811
G1 X149.123 Y323.810
G1 X149.122 Y324.161
G1 X149.105 Y325.000
G1 X149.054 Y327.000
G1 X149.044 Y327.363
G1 X149.010 Y328.157
G1 X148.910 Y330.154
G1 X148.893 Y330.503
G1 X148.847 Y331.212
G1 X148.704 Y333.206
G1 X148.682 Y333.512
G1 X148.633 Y334.101
G1 X148.451 Y336.091
G1 X148.429 Y336.330
G1 X148.384 Y336.764
G1 X148.169 Y338.752
G1 X148.152 Y338.906
G1 X148.122 Y339.159
G1 X147.878 Y341.145
G1 X147.871 Y341.204
G1 X147.862 Y341.264
G1 X147.620 Y343.069
G1 X147.396 Y344.589
G1 X147.188 Y345.854
G1 X146.990 Y346.915
G1 X146.783 Y347.832
G1 X146.533 Y348.671
G1 X146.209 Y349.515
G1 X145.790 Y350.455
G1 X145.257 Y351.577
G1 X144.565 Y352.962
G1 X143.684 Y354.676
G1 X142.755 Y356.448
G1 X142.729 Y356.499
G1 X142.584 Y356.766
G1 X141.637 Y358.528
G1 X141.555 Y358.679
G1 X140.145 Y361.221
G1 X138.672 Y363.774
G1 X138.502 Y364.065
G1 X137.877 Y365.103
G1 X136.842 Y366.814
G1 X136.663 Y367.111
G1 X135.920 Y368.289
G1 X134.851 Y369.979
G1 X134.694 Y370.225
G1 X132.785 Y373.119
G1 X132.690 Y373.263
G1 X131.881 Y374.442
G1 X130.757 Y376.093
G1 X130.013 Y377.149
G1 X128.997 Y378.615
G1 X128.369 Y379.500
G1 X127.545 Y380.827
G1 X127.121 Y381.575
G1 X126.575 Y382.853
G1 X126.353 Y383.464
G1 X126.101 Y384.740
G1 X126.037 Y385.203
G1 X126.070 Y386.512
G1 X126.091 Y386.801
G1 X126.377 Y388.167
G1 X126.398 Y388.251
G1 X126.828 Y389.536
G1 X127.005 Y390.000
G1 X130.733 Y390.000
G1 X130.311 Y389.136
G1 X129.684 Y387.610
G1 X129.263 Y386.075
G1 X129.213 Y385.869
G1 X129.068 Y384.372
G1 X129.043 Y383.941
G1 X129.196 Y382.466
G1 X129.293 Y381.843
G1 X129.745 Y380.367
G1 X130.030 Y379.572
G1 X130.757 Y378.059
G1 X131.249 Y377.106
G1 X132.203 Y375.517
G1 X132.876 Y374.420
G1 X133.972 Y372.747
G1 X133.986 Y372.726
G1 X134.765 Y371.512
G1 X135.851 Y369.831
G1 X135.937 Y369.698
G1 X136.724 Y368.425
G1 X137.776 Y366.724
G1 X137.898 Y366.527
G1 X138.626 Y365.298
G1 X139.643 Y363.575
G1 X139.762 Y363.374
G1 X140.376 Y362.290
G1 X141.361 Y360.549
G1 X141.448 Y360.396
G1 X141.914 Y359.542
G1 X142.874 Y357.788
G1 X142.909 Y357.725
G1 X143.216 Y357.152
G1 X144.167 Y355.453
G1 X144.321 Y355.180
G1 X145.257 Y353.620
G1 X146.034 Y352.414
G1 X146.650 Y351.476
G1 X147.104 Y350.702
G1 X147.405 Y349.988
G1 X147.577 Y349.238
G1 X147.664 Y348.367
G1 X147.717 Y347.306
G1 X147.794 Y346.001
G1 X147.933 Y344.410
G1 X148.151 Y342.553
G1 X148.157 Y342.509
G1 X148.422 Y340.554
G1 X148.456 Y340.289
G1 X148.709 Y338.304
G1 X148.719 Y338.226
G1 X148.773 Y337.750
G1 X148.996 Y335.763
G1 X149.015 Y335.595
G1 X149.080 Y334.935
G1 X149.290 Y332.710
G1 X149.355 Y331.902
G1 X149.501 Y329.908
G1 X149.521 Y329.638
G1 X149.573 Y328.727
G1 X149.675 Y326.730
G1 X149.689 Y326.456
G1 X149.723 Y325.492
G1 X149.778 Y323.493
G1 X149.785 Y323.244
G1 X149.796 Y322.274
G1 X149.805 Y320.274
G1 X149.805 Y320.080
G1 X149.794 Y319.143
G1 X149.758 Y317.143
G1 X149.755 Y317.024
G1 X149.725 Y316.152
G1 X149.646 Y314.154
G1 X149.644 Y314.123
G1 X149.607 Y313.334
G1 X149.537 Y311.397
G1 X149.512 Y310.701
G1 X149.485 Y308.844
G1 X149.482 Y308.241
G1 X149.517 Y306.454
G1 X149.535 Y305.938
G1 X149.648 Y304.205
G1 X149.685 Y303.768
G1 X149.884 Y302.070
G1 X149.935 Y301.707
G1 X150.222 Y300.026
G1 X150.281 Y299.729
G1 X150.656 Y298.050
G1 X150.716 Y297.810
G1 X151.174 Y296.118
G1 X151.230 Y295.929
G1 X151.764 Y294.214
G1 X151.812 Y294.069
G1 X152.414 Y292.321
G1 X152.453 Y292.213
G1 X153.115 Y290.425
G1 X153.145 Y290.348
G1 X153.858 Y288.513
G1 X153.879 Y288.463
G1 X154.595 Y286.596
G1 X154.595 Y286.595
G1 X154.607 Y286.565
G1 X155.282 Y284.682
G1 X155.282 Y284.681
G1 X155.288 Y284.665
G1 X155.920 Y282.768
G1 X155.922 Y282.760
G1 X156.510 Y280.848
G1 X156.510 Y280.846
G1 X157.054 Y278.921
G1 X157.552 Y276.984
G1 X158.007 Y275.037
G1 X158.415 Y273.079
G1 X158.779 Y271.116
G1 X159.099 Y269.151
G1 X159.373 Y267.190
G1 X159.602 Y265.238
G1 X159.787 Y263.305
G1 X159.931 Y261.398
G1 X160.036 Y259.526
G1 X160.108 Y257.700
G1 X160.154 Y255.930
G1 X160.183 Y254.222
G1 X160.207 Y252.590
G1 X160.239 Y251.037
G1 X160.281 Y249.999
G1 X162.280 Y249.940
G1 X162.979 Y249.919
G1 X164.973 Y249.762
G1 X165.671 Y249.709
G1 X167.655 Y249.452
G1 X168.348 Y249.363
G1 X171.005 Y248.887
G1 X173.636 Y248.283
G1 X175.561 Y247.739
G1 X176.233 Y247.549
G1 X178.794 Y246.690
G1 X180.655 Y245.960
G1 X181.306 Y245.705
G1 X183.131 Y244.886
G1 X183.769 Y244.599
G1 X185.551 Y243.690
G1 X186.175 Y243.373
G1 X187.909 Y242.378
G1 X188.516 Y242.030
G1 X189.899 Y241.144
G1 X189.516 Y240.618
G1 X199.177 Y233.599
G1 X200.939 Y231.727
G1 X202.239 Y230.206
G1 X202.693 Y229.675
G1 X203.915 Y228.090
G1 X204.343 Y227.538
G1 X205.486 Y225.896
G1 X205.886 Y225.322
G1 X206.947 Y223.627
G1 X207.319 Y223.034
G1 X208.636 Y220.679
G1 X209.528 Y218.888
G1 X209.838 Y218.261
G1 X210.640 Y216.429
G1 X210.920 Y215.788
G1 X211.630 Y213.918
G1 X211.879 Y213.264
G1 X212.498 Y211.362
G1 X212.713 Y210.696
G1 X213.236 Y208.767
G1 X213.419 Y208.091
G1 X213.847 Y206.137
G1 X213.997 Y205.454
G1 X214.328 Y203.482
G1 X214.445 Y202.792
G1 X214.680 Y200.805
G1 X214.762 Y200.110
G1 X214.899 Y198.116
G1 X214.947 Y197.418
G1 X214.986 Y195.418
G1 X215.000 Y194.719
G1 X214.940 Y192.719
G1 X214.919 Y192.021
G1 X214.762 Y190.028
G1 X214.707 Y189.328
G1 X214.451 Y187.346
G1 X214.363 Y186.653
G1 X214.011 Y184.685
G1 X213.888 Y183.995
G1 X213.439 Y182.046
G1 X213.283 Y181.364
G1 X212.740 Y179.439
G1 X212.549 Y178.766
G1 X211.912 Y176.870
G1 X211.690 Y176.207
G1 X210.961 Y174.345
G1 X210.705 Y173.693
G1 X209.886 Y171.868
G1 X209.599 Y171.232
G1 X208.691 Y169.449
G1 X208.373 Y168.826
G1 X207.378 Y167.093
G1 X207.030 Y166.484
G1 X205.951 Y164.799
G1 X205.573 Y164.210
G1 X204.413 Y162.581
G1 X204.008 Y162.011
G1 X202.769 Y160.440
G1 X202.337 Y159.891
G1 X201.023 Y158.384
G1 X200.563 Y157.856
G1 X199.176 Y156.415
G1 X198.691 Y155.911
G1 X197.236 Y154.540
G1 X196.727 Y154.060
G1 X195.206 Y152.761
G1 X194.674 Y152.307
G1 X193.091 Y151.084
G1 X192.537 Y150.657
G1 X190.896 Y149.513
G1 X190.322 Y149.116
G1 X189.189 Y147.747
G1 X188.742 Y146.323
G1 X188.444 Y145.080
G1 X188.325 Y143.971
G1 X188.396 Y142.954
G1 X188.666 Y141.984
G1 X189.131 Y141.019
G1 X189.778 Y140.021
G1 X190.587 Y138.960
G1 X191.537 Y137.811
G1 X192.602 Y136.554
G1 X193.757 Y135.180
G1 X194.976 Y133.680
G1 X196.199 Y132.098
G1 X196.235 Y132.052
G1 X197.412 Y130.434
G1 X197.511 Y130.298
G1 X198.636 Y128.645
G1 X198.784 Y128.425
G1 X199.853 Y126.734
G1 X200.039 Y126.440
G1 X201.047 Y124.713
G1 X201.258 Y124.353
G1 X202.207 Y122.592
G1 X202.433 Y122.174
G1 X203.318 Y120.382
G1 X203.550 Y119.916
G1 X204.376 Y118.096
G1 X204.606 Y117.590
G1 X205.370 Y115.743
G1 X205.371 Y115.742
G1 X205.594 Y115.207
G1 X206.300 Y113.336
G1 X206.509 Y112.779
G1 X207.158 Y110.887
G1 X207.353 Y110.316
G1 X207.945 Y108.406
G1 X208.124 Y107.830
G1 X208.662 Y105.904
G1 X208.823 Y105.327
G1 X209.308 Y103.387
G1 X209.449 Y102.818
G1 X209.887 Y100.867
G1 X210.010 Y100.311
G1 X210.397 Y98.351
G1 X210.503 Y97.811
G1 X210.831 Y95.864
G1 X210.906 Y95.373
G1 X211.102 Y93.558
G1 X211.138 Y93.129
G1 X211.202 Y91.447
G1 X211.205 Y91.076
G1 X211.136 Y89.515
G1 X211.111 Y89.197
G1 X210.914 Y87.747
G1 X210.867 Y87.478
G1 X210.541 Y86.128
G1 X210.477 Y85.902
G1 X210.029 Y84.635
G1 X209.953 Y84.452
G1 X209.386 Y83.259
G1 X209.307 Y83.111
G1 X208.620 Y81.978
G1 X208.544 Y81.863
G1 X207.744 Y80.778
G1 X207.678 Y80.693
G1 X206.815 Y79.586
G1 X206.768 Y79.525
G1 X205.879 Y78.358
G1 X205.852 Y78.324
G1 X204.940 Y77.096
G1 X204.937 Y77.093
G1 X204.027 Y75.837
G1 X203.127 Y74.560
G1 X202.245 Y73.265
G1 X201.387 Y71.960
G1 X200.557 Y70.646
G1 X199.759 Y69.327
G1 X198.997 Y68.011
G1 X198.274 Y66.694
G1 X197.594 Y65.384
G1 X196.959 Y64.077
G1 X196.367 Y62.776
G1 X195.822 Y61.478
G1 X195.322 Y60.179
G1 X194.867 Y58.878
G1 X194.457 Y57.567
G1 X194.087 Y56.237
G1 X193.757 Y54.882
G1 X193.466 Y53.487
G1 X193.212 Y52.044
G1 X192.987 Y50.535
G1 X192.797 Y48.949
G1 X192.635 Y47.260
G1 X192.500 Y45.455
G1 X192.396 Y43.513
G1 X192.321 Y41.406
G1 X192.280 Y39.115
G1 X192.277 Y36.616
G1 X192.322 Y33.900
G1 X192.322 Y33.880
G1 X192.423 Y30.980
G1 X192.428 Y30.889
G1 X192.598 Y27.786
G1 X192.610 Y27.618
G1 X192.868 Y24.303
G1 X192.890 Y24.053
G1 X193.257 Y20.519
G1 X193.297 Y20.186
G1 X193.794 Y16.433
G1 X193.857 Y16.018
G1 X194.511 Y12.061
G1 X194.603 Y11.564
G1 X195.440 Y7.430
G1 X195.567 Y6.862
G1 X196.605 Y2.586
G1 X196.774 Y1.959
G1 X197.337 Y0.000
G1 X200.933 Y0.000
G1 X200.532 Y1.246
G1 X200.531 Y1.249
G1 X200.324 Y1.957
G1 X199.065 Y6.567
G1 X199.065 Y6.569
G1 X198.907 Y7.209
G1 X197.891 Y11.649
G1 X197.776 Y12.203
G1 X196.974 Y16.424
G1 X196.897 Y16.880
G1 X196.276 Y20.850
G1 X196.228 Y21.208
G1 X195.756 Y24.916
G1 X195.755 Y24.917
G1 X195.727 Y25.174
G1 X195.375 Y28.625
G1 X195.361 Y28.787
G1 X195.105 Y31.992
G1 X195.099 Y32.062
G1 X194.921 Y35.031
G1 X194.808 Y37.722
G1 X194.747 Y40.164
G1 X194.733 Y42.391
G1 X194.764 Y44.437
G1 X194.834 Y46.327
G1 X194.946 Y48.091
G1 X195.101 Y49.749
G1 X195.301 Y51.328
G1 X195.552 Y52.847
G1 X195.854 Y54.322
G1 X196.211 Y55.771
G1 X196.625 Y57.204
G1 X197.100 Y58.634
G1 X197.637 Y60.070
G1 X198.236 Y61.511
G1 X198.898 Y62.968
G1 X199.622 Y64.439
G1 X200.406 Y65.926
G1 X201.246 Y67.421
G1 X202.136 Y68.923
G1 X203.073 Y70.429
G1 X204.048 Y71.929
G1 X205.053 Y73.417
G1 X206.080 Y74.884
G1 X207.118 Y76.325
G1 X208.130 Y77.693
G1 X208.131 Y77.695
G1 X208.159 Y77.731
G1 X209.134 Y79.023
G1 X209.192 Y79.097
G1 X210.124 Y80.308
G1 X210.208 Y80.414
G1 X211.093 Y81.549
G1 X211.197 Y81.680
G1 X212.030 Y82.740
G1 X212.148 Y82.889
G1 X212.929 Y83.876
G1 X213.058 Y84.039
G1 X213.778 Y84.955
G1 X213.916 Y85.126
G1 X214.557 Y86.009
G1 X214.683 Y86.208
G1 X215.175 Y87.170
G1 X215.277 Y87.410
G1 X215.615 Y88.473
G1 X215.687 Y88.756
G1 X215.875 Y89.936
G1 X215.910 Y90.266
G1 X215.945 Y91.572
G1 X215.945 Y91.573
G1 X215.940 Y91.958
G1 X215.824 Y93.401
G1 X215.823 Y93.401
G1 X215.774 Y93.842
G1 X215.507 Y95.433
G1 X215.412 Y95.929
G1 X214.993 Y97.674
G1 X214.853 Y98.225
G1 X214.288 Y100.118
G1 X214.114 Y100.697
G1 X213.484 Y102.594
G1 X213.294 Y103.165
G1 X212.608 Y105.043
G1 X212.406 Y105.597
G1 X211.663 Y107.454
G1 X211.452 Y107.986
G1 X210.652 Y109.819
G1 X210.434 Y110.322
G1 X209.579 Y112.130
G1 X209.579 Y112.131
G1 X209.359 Y112.598
G1 X208.449 Y114.379
G1 X208.234 Y114.801
G1 X207.270 Y116.552
G1 X207.066 Y116.921
G1 X206.048 Y118.642
G1 X206.048 Y118.645
G1 X205.864 Y118.955
G1 X204.796 Y120.646
G1 X204.641 Y120.892
G1 X203.526 Y122.554
G1 X203.409 Y122.728
G1 X202.250 Y124.359
G1 X202.182 Y124.456
G1 X200.988 Y126.060
G1 X200.977 Y126.073
G1 X199.815 Y127.580
G1 X198.711 Y128.979
G1 X197.689 Y130.276
G1 X196.767 Y131.482
G1 X195.965 Y132.609
G1 X195.302 Y133.679
G1 X194.795 Y134.714
G1 X194.453 Y135.744
G1 X194.285 Y136.799
G1 X194.289 Y137.917
G1 X194.459 Y139.136
G1 X194.775 Y140.492
G1 X195.216 Y142.022
G1 X195.741 Y143.757
G1 X196.296 Y145.679
G1 X196.308 Y145.719
G1 X196.798 Y147.659
G1 X196.864 Y147.924
G1 X197.255 Y149.885
G1 X197.352 Y150.370
G1 X197.619 Y152.352
G1 X197.713 Y153.045
G1 X197.837 Y155.041
G1 X197.815 Y155.063
G1 X199.235 Y156.473
G1 X199.730 Y156.967
G1 X201.076 Y158.445
G1 X201.548 Y158.961
G1 X202.821 Y160.504
G1 X203.267 Y161.044
G1 X204.463 Y162.647
G1 X204.881 Y163.207
G1 X205.996 Y164.868
G1 X206.387 Y165.449
G1 X207.420 Y167.161
G1 X207.781 Y167.760
G1 X208.728 Y169.521
G1 X209.060 Y170.138
G1 X209.921 Y171.944
G1 X210.221 Y172.574
G1 X210.992 Y174.421
G1 X211.260 Y175.066
G1 X211.939 Y176.947
G1 X212.178 Y177.605
G1 X212.762 Y179.518
G1 X212.967 Y180.186
G1 X213.458 Y182.125
G1 X213.631 Y182.802
G1 X214.026 Y184.764
G1 X214.163 Y185.449
G1 X214.464 Y187.426
G1 X214.568 Y188.119
G1 X214.771 Y190.109
G1 X214.840 Y190.804
G1 X214.945 Y192.802
G1 X214.979 Y193.500
G1 X214.985 Y195.500
G1 X214.987 Y196.200
G1 X214.895 Y198.198
G1 X214.862 Y198.897
G1 X214.672 Y200.887
G1 X214.605 Y201.584
G1 X214.318 Y203.564
G1 X214.216 Y204.255
G1 X213.831 Y206.217
G1 X213.696 Y206.906
G1 X213.215 Y208.846
G1 X213.048 Y209.525
G1 X212.471 Y211.441
G1 X212.271 Y212.110
G1 X211.602 Y213.995
G1 X211.368 Y214.654
G1 X210.608 Y216.504
G1 X210.341 Y217.151
G1 X209.492 Y218.961
G1 X209.195 Y219.595
G1 X208.257 Y221.363
G1 X207.929 Y221.979
G1 X206.906 Y223.697
G1 X206.548 Y224.298
G1 X205.440 Y225.964
G1 X205.053 Y226.547
G1 X203.866 Y228.156
G1 X203.450 Y228.719
G1 X201.745 Y230.811
G1 X200.405 Y232.296
G1 X199.936 Y232.816
G1 X199.109 Y233.648
G1 X189.516 Y240.618
G1 X189.903 Y241.150
G1 X189.551 Y241.387
G1 X187.838 Y242.420
G1 X187.240 Y242.780
G1 X184.862 Y244.060
G1 X183.057 Y244.920
G1 X182.425 Y245.221
G1 X180.579 Y245.991
G1 X179.933 Y246.260
G1 X178.053 Y246.939
G1 X177.395 Y247.177
G1 X175.482 Y247.762
G1 X174.814 Y247.967
G1 X172.197 Y248.631
G1 X169.551 Y249.164
G1 X167.329 Y249.993
G1 X167.398 Y251.924
G1 X167.425 Y253.916
G1 X167.404 Y255.917
G1 X167.404 Y255.956
G1 X167.334 Y257.955
G1 X167.331 Y258.033
G1 X167.214 Y260.029
G1 X167.207 Y260.132
G1 X167.041 Y262.125
G1 X167.030 Y262.244
G1 X166.817 Y264.233
G1 X166.804 Y264.358
G1 X166.547 Y266.341
G1 X166.530 Y266.465
G1 X166.230 Y268.442
G1 X166.213 Y268.558
G1 X165.872 Y270.529
G1 X165.854 Y270.631
G1 X165.474 Y272.594
G1 X165.458 Y272.680
G1 X165.040 Y274.635
G1 X165.026 Y274.698
G1 X164.572 Y276.647
G1 X164.571 Y276.647
G1 X164.561 Y276.688
G1 X164.068 Y278.626
G1 X164.064 Y278.642
G1 X163.536 Y280.563
G1 X162.975 Y282.449
G1 X162.381 Y284.302
G1 X161.751 Y286.124
G1 X161.083 Y287.920
G1 X160.372 Y289.693
G1 X159.614 Y291.446
G1 X158.806 Y293.190
G1 X157.943 Y294.936
G1 X157.023 Y296.688
G1 X156.093 Y298.431
G1 X156.080 Y298.455
G1 X155.211 Y300.157
G1 X155.174 Y300.234
G1 X154.381 Y301.907
G1 X154.319 Y302.043
G1 X153.612 Y303.699
G1 X153.531 Y303.905
G1 X152.920 Y305.559
G1 X152.825 Y305.842
G1 X152.317 Y307.511
G1 X152.214 Y307.881
G1 X151.810 Y309.584
G1 X151.710 Y310.051
G1 X151.405 Y311.804
G1 X151.316 Y312.375
G1 X151.098 Y314.197
G1 X151.024 Y314.882
G1 X150.872 Y316.781
G1 X150.813 Y317.580
G1 X150.705 Y319.565
G1 X150.653 Y320.474
G1 X150.562 Y322.472
G1 X150.558 Y322.539
G1 X150.505 Y323.541
G1 X150.405 Y325.537
G1 X150.398 Y325.670
G1 X150.331 Y326.730
G1 X150.203 Y328.725
G1 X150.192 Y328.903
G1 X150.105 Y329.977
G1 X149.925 Y332.158
G1 X149.825 Y333.193
G1 X149.629 Y335.183
G1 X149.612 Y335.345
G1 X149.507 Y336.284
G1 X149.296 Y338.273
G1 X149.286 Y338.374
G1 X149.195 Y339.166
G1 X148.999 Y341.156
G1 X148.999 Y341.169
G1 X148.937 Y341.772
G1 X148.803 Y343.675
G1 X148.778 Y344.061
G1 X148.738 Y345.867
G1 X148.736 Y346.015
G1 X148.801 Y347.639
G1 X148.931 Y348.948
G1 X149.056 Y349.982
G1 X149.100 Y350.797
G1 X148.990 Y351.463
G1 X148.674 Y352.076
G1 X148.125 Y352.743
G1 X147.349 Y353.582
G1 X146.368 Y354.707
G1 X145.262 Y356.142
G1 X145.205 Y356.214
G1 X144.131 Y357.789
G1 X143.883 Y358.157
G1 X142.828 Y359.855
G1 X142.821 Y359.867
G1 X142.400 Y360.540
G1 X141.384 Y362.262
G1 X141.333 Y362.349
G1 X140.759 Y363.297
G1 X139.757 Y365.027
G1 X139.684 Y365.154
G1 X138.991 Y366.310
G1 X137.992 Y368.041
G1 X137.928 Y368.155
G1 X137.172 Y369.422
G1 X136.195 Y371.168
G1 X136.169 Y371.214
G1 X135.435 Y372.501
G1 X134.564 Y374.217
G1 X133.946 Y375.451
G1 X133.282 Y377.100
G1 X132.857 Y378.230
G1 X132.466 Y379.841
G1 X132.264 Y380.835
G1 X132.188 Y382.444
G1 X132.184 Y383.263
G1 X132.439 Y384.901
G1 X132.555 Y385.503
G1 X133.130 Y387.187
G1 X133.251 Y387.518
G1 X134.104 Y389.257
G1 X134.108 Y389.265
G1 X134.525 Y390.000
G1 X138.325 Y390.000
G1 X137.822 Y389.155
G1 X136.927 Y387.366
G1 X136.850 Y387.211
G1 X136.155 Y385.360
G1 X135.979 Y384.861
G1 X135.616 Y383.041
G1 X135.485 Y382.260
G1 X135.470 Y380.476
G1 X135.497 Y379.470
G1 X135.812 Y377.704
G1 X136.058 Y376.521
G1 X136.655 Y374.753
G1 X137.118 Y373.445
G1 X137.934 Y371.656
G1 X138.559 Y370.285
G1 X139.499 Y368.519
G1 X139.519 Y368.478
G1 X140.224 Y367.127
G1 X141.231 Y365.399
G1 X141.271 Y365.330
G1 X141.970 Y364.100
G1 X143.037 Y362.408
G1 X143.067 Y362.359
G1 X143.695 Y361.347
G1 X144.836 Y359.718
G1 X145.343 Y358.992
G1 X146.541 Y357.518
G1 X146.882 Y357.104
G1 X148.155 Y355.799
G1 X148.274 Y355.679
G1 X149.471 Y354.655
G1 X150.413 Y353.928
G1 X151.053 Y353.368
G1 X151.375 Y352.844
G1 X151.401 Y352.230
G1 X151.198 Y351.430
G1 X150.862 Y350.366
G1 X150.498 Y348.988
G1 X150.203 Y347.271
G1 X150.203 Y347.268
G1 X150.058 Y345.471
G1 X150.040 Y345.196
G1 X150.035 Y343.312
G1 X150.036 Y342.781
G1 X150.140 Y340.813
G1 X150.180 Y340.054
G1 X150.353 Y338.062
G1 X150.357 Y338.015
G1 X150.432 Y337.071
G1 X150.638 Y335.082
G1 X150.648 Y334.984
G1 X150.747 Y333.911
G1 X150.964 Y331.923
G1 X150.977 Y331.808
G1 X151.087 Y330.669
G1 X151.313 Y328.681
G1 X151.324 Y328.584
G1 X151.440 Y327.444
G1 X151.684 Y325.460
G1 X151.692 Y325.410
G1 X151.817 Y324.325
G1 X152.101 Y322.361
G1 X152.245 Y321.371
G1 X152.588 Y319.489
G1 X152.754 Y318.619
G1 X153.185 Y316.819
G1 X153.372 Y316.081
G1 X153.909 Y314.354
G1 X154.112 Y313.747
G1 X154.772 Y312.076
G1 X154.973 Y311.596
G1 X155.761 Y309.963
G1 X155.945 Y309.602
G1 X156.854 Y307.986
G1 X157.003 Y307.734
G1 X158.024 Y306.118
G1 X158.124 Y305.963
G1 X159.237 Y304.327
G1 X159.279 Y304.265
G1 X160.383 Y302.629
G1 X161.406 Y301.038
G1 X162.351 Y299.474
G1 X163.222 Y297.920
G1 X164.027 Y296.361
G1 X164.769 Y294.785
G1 X165.463 Y293.184
G1 X166.111 Y291.551
G1 X166.727 Y289.881
G1 X167.314 Y288.169
G1 X167.879 Y286.414
G1 X168.429 Y284.614
G1 X168.964 Y282.768
G1 X169.491 Y280.876
G1 X170.006 Y278.944
G1 X170.008 Y278.938
G1 X170.504 Y277.001
G1 X170.515 Y276.955
G1 X170.992 Y275.013
G1 X171.013 Y274.926
G1 X171.468 Y272.979
G1 X171.497 Y272.853
G1 X171.928 Y270.901
G1 X171.929 Y270.901
G1 X171.964 Y270.739
G1 X172.369 Y268.781
G1 X172.410 Y268.583
G1 X172.786 Y266.622
G1 X172.829 Y266.393
G1 X173.171 Y264.423
G1 X173.215 Y264.168
G1 X173.518 Y262.191
G1 X173.561 Y261.915
G1 X173.860 Y259.641
G1 X174.074 Y257.652
G1 X174.106 Y257.355
G1 X174.267 Y255.362
G1 X174.267 Y255.361
G1 X174.291 Y255.066
G1 X174.398 Y253.069
G1 X174.413 Y252.786
G1 X174.461 Y250.787
G1 X174.467 Y250.529
G1 X174.454 Y248.529
G1 X174.337 Y248.098
G1 X176.255 Y247.529
G1 X176.926 Y247.331
G1 X178.813 Y246.669
G1 X179.473 Y246.439
G1 X181.974 Y245.420
G1 X183.787 Y244.576
G1 X184.421 Y244.281
G1 X186.809 Y243.023
G1 X189.134 Y241.650
G1 X189.899 Y241.145
G1 X189.516 Y240.618
G1 X199.131 Y233.632
G1 X199.596 Y233.173
G1 X200.948 Y231.699
G1 X201.421 Y231.184
G1 X202.700 Y229.646
G1 X203.147 Y229.109
G1 X204.348 Y227.509
G1 X204.768 Y226.950
G1 X206.282 Y224.715
G1 X207.321 Y223.006
G1 X207.684 Y222.408
G1 X208.638 Y220.651
G1 X208.972 Y220.035
G1 X209.839 Y218.232
G1 X210.141 Y217.602
G1 X210.918 Y215.759
G1 X211.190 Y215.114
G1 X211.874 Y213.235
G1 X212.115 Y212.578
G1 X212.708 Y210.668
G1 X212.915 Y210.000
G1 X213.413 Y208.063
G1 X213.587 Y207.387
G1 X213.990 Y205.427
G1 X214.130 Y204.741
G1 X214.436 Y202.765
G1 X214.543 Y202.074
G1 X214.752 Y200.084
G1 X214.825 Y199.390
G1 X214.936 Y197.392
G1 X214.974 Y196.693
G1 X214.987 Y194.693
G1 X214.991 Y193.994
G1 X214.905 Y191.996
G1 X214.874 Y191.297
G1 X214.692 Y189.305
G1 X214.627 Y188.609
G1 X214.249 Y185.936
G1 X213.870 Y183.973
G1 X213.738 Y183.285
G1 X213.264 Y181.341
G1 X213.098 Y180.662
G1 X212.529 Y178.744
G1 X212.330 Y178.074
G1 X211.668 Y176.187
G1 X211.437 Y175.527
G1 X210.685 Y173.675
G1 X210.420 Y173.025
G1 X209.575 Y171.213
G1 X209.281 Y170.579
G1 X208.349 Y168.810
G1 X208.023 Y168.190
G1 X207.006 Y166.468
G1 X206.651 Y165.867
G1 X205.548 Y164.197
G1 X205.164 Y163.612
G1 X203.983 Y161.998
G1 X203.570 Y161.434
G1 X202.890 Y159.553
G1 X202.684 Y158.984
G1 X203.042 Y157.016
G1 X203.041 Y157.015
G1 X203.249 Y155.872
G1 X203.542 Y152.800
G1 X203.573 Y150.801
G1 X203.589 Y149.829
G1 X203.474 Y147.832
G1 X203.427 Y147.007
G1 X203.182 Y145.022
G1 X203.102 Y144.370
G1 X202.747 Y142.403
G1 X202.665 Y141.945
G1 X202.224 Y139.993
G1 X202.166 Y139.737
G1 X201.669 Y137.800
G1 X201.656 Y137.748
G1 X201.177 Y135.964
G1 X200.769 Y134.369
G1 X200.463 Y132.935
G1 X200.283 Y131.633
G1 X200.245 Y130.433
G1 X200.357 Y129.301
G1 X200.622 Y128.208
G1 X201.040 Y127.128
G1 X201.602 Y126.034
G1 X202.297 Y124.903
G1 X203.113 Y123.716
G1 X204.036 Y122.459
G1 X205.047 Y121.119
G1 X206.131 Y119.687
G1 X207.271 Y118.157
G1 X208.444 Y116.537
G1 X208.452 Y116.526
G1 X209.594 Y114.884
G1 X209.657 Y114.793
G1 X210.762 Y113.126
G1 X210.872 Y112.959
G1 X211.934 Y111.266
G1 X212.082 Y111.028
G1 X213.100 Y109.306
G1 X213.279 Y109.003
G1 X214.245 Y107.252
G1 X214.446 Y106.891
G1 X215.361 Y105.110
G1 X215.576 Y104.693
G1 X216.436 Y102.888
G1 X216.658 Y102.422
G1 X217.464 Y100.593
G1 X217.683 Y100.094
G1 X218.368 Y98.366
G1 X218.556 Y97.889
G1 X219.091 Y96.324
G1 X219.239 Y95.877
G1 X219.618 Y94.473
G1 X219.720 Y94.068
G1 X219.943 Y92.824
G1 X219.996 Y92.462
G1 X220.059 Y91.374
G1 X220.060 Y91.059
G1 X219.957 Y90.119
G1 X219.907 Y89.852
G1 X219.636 Y89.049
G1 X219.536 Y88.828
G1 X219.101 Y88.132
G1 X218.967 Y87.925
G1 X218.450 Y87.176
G1 X218.302 Y86.959
G1 X217.708 Y86.138
G1 X217.548 Y85.913
G1 X216.878 Y85.014
G1 X216.710 Y84.787
G1 X215.963 Y83.804
G1 X215.794 Y83.579
G1 X214.971 Y82.509
G1 X214.970 Y82.508
G1 X214.805 Y82.292
G1 X213.909 Y81.129
G1 X213.755 Y80.929
G1 X212.789 Y79.670
G1 X212.655 Y79.491
G1 X211.625 Y78.135
G1 X211.515 Y77.990
G1 X210.428 Y76.532
G1 X210.352 Y76.429
G1 X209.217 Y74.870
G1 X209.179 Y74.818
G1 X208.011 Y73.169
G1 X206.863 Y71.491
G1 X205.750 Y69.798
G1 X204.683 Y68.097
G1 X203.674 Y66.402
G1 X202.731 Y64.721
G1 X201.862 Y63.058
G1 X201.072 Y61.421
G1 X200.364 Y59.806
G1 X199.740 Y58.216
G1 X199.198 Y56.643
G1 X198.737 Y55.075
G1 X198.357 Y53.506
G1 X198.050 Y51.916
G1 X197.814 Y50.285
G1 X197.648 Y48.594
G1 X197.545 Y46.818
G1 X197.503 Y44.925
G1 X197.519 Y42.885
G1 X197.595 Y40.662
G1 X197.732 Y38.219
G1 X197.936 Y35.516
G1 X198.221 Y32.510
G1 X198.600 Y29.162
G1 X199.089 Y25.519
G1 X199.102 Y25.432
G1 X199.722 Y21.495
G1 X199.723 Y21.494
G1 X199.759 Y21.288
G1 X200.548 Y17.048
G1 X200.616 Y16.715
G1 X201.613 Y12.178
G1 X201.723 Y11.722
G1 X202.970 Y6.922
G1 X203.135 Y6.347
G1 X204.665 Y1.347
G1 X204.666 Y1.345
G1 X204.893 Y0.671
G1 X205.134 Y0.000
G1 X210.095 Y0.000
G1 X209.958 Y0.366
G1 X208.043 Y5.824
G1 X207.840 Y6.464
G1 X206.278 Y11.685
G1 X206.141 Y12.190
G1 X204.886 Y17.087
G1 X204.804 Y17.443
G1 X203.801 Y21.976
G1 X203.759 Y22.190
G1 X202.957 Y26.356
G1 X202.942 Y26.435
G1 X202.304 Y30.210
G1 X201.805 Y33.565
G1 X201.420 Y36.553
G1 X201.131 Y39.226
G1 X200.931 Y41.638
G1 X200.812 Y43.839
G1 X200.777 Y45.873
G1 X200.827 Y47.778
G1 X200.964 Y49.593
G1 X201.195 Y51.350
G1 X201.520 Y53.073
G1 X201.948 Y54.787
G1 X202.480 Y56.509
G1 X203.118 Y58.252
G1 X203.864 Y60.028
G1 X204.716 Y61.835
G1 X205.670 Y63.676
G1 X206.718 Y65.548
G1 X207.851 Y67.436
G1 X209.053 Y69.333
G1 X210.310 Y71.219
G1 X211.604 Y73.084
G1 X212.886 Y74.875
G1 X212.911 Y74.909
G1 X214.137 Y76.579
G1 X214.213 Y76.681
G1 X215.369 Y78.228
G1 X215.486 Y78.384
G1 X216.562 Y79.811
G1 X216.713 Y80.009
G1 X217.701 Y81.319
G1 X217.874 Y81.546
G1 X218.768 Y82.745
G1 X218.954 Y82.990
G1 X219.749 Y84.081
G1 X219.938 Y84.336
G1 X220.637 Y85.326
G1 X220.820 Y85.583
G1 X221.420 Y86.479
G1 X221.590 Y86.730
G1 X222.096 Y87.538
G1 X222.247 Y87.779
G1 X222.660 Y88.508
G1 X222.791 Y88.734
G1 X223.115 Y89.387
G1 X223.219 Y89.597
G1 X223.460 Y90.182
G1 X223.540 Y90.373
G1 X223.700 Y90.905
G1 X223.739 Y91.102
G1 X223.742 Y91.755
G1 X223.725 Y92.003
G1 X223.560 Y92.817
G1 X223.491 Y93.110
G1 X223.167 Y94.088
G1 X223.166 Y94.088
G1 X223.050 Y94.422
G1 X222.572 Y95.563
G1 X222.418 Y95.929
G1 X221.789 Y97.234
G1 X221.605 Y97.618
G1 X220.833 Y99.083
G1 X220.631 Y99.470
G1 X219.722 Y101.091
G1 X219.513 Y101.465
G1 X218.492 Y103.183
G1 X218.305 Y103.500
G1 X217.238 Y105.192
G1 X217.082 Y105.440
G1 X215.976 Y107.105
G1 X215.861 Y107.279
G1 X214.719 Y108.920
G1 X214.719 Y108.921
G1 X214.651 Y109.019
G1 X213.481 Y110.639
G1 X213.470 Y110.654
G1 X212.330 Y112.193
G1 X211.249 Y113.639
G1 X210.239 Y114.996
G1 X209.316 Y116.278
G1 X208.492 Y117.493
G1 X207.783 Y118.656
G1 X207.197 Y119.785
G1 X206.743 Y120.899
G1 X206.426 Y122.019
G1 X206.250 Y123.170
G1 X206.213 Y124.376
G1 X206.308 Y125.666
G1 X206.520 Y127.065
G1 X206.838 Y128.597
G1 X207.233 Y130.285
G1 X207.679 Y132.153
G1 X208.114 Y134.105
G1 X208.139 Y134.210
G1 X208.518 Y136.174
G1 X208.575 Y136.467
G1 X208.872 Y138.444
G1 X208.943 Y138.920
G1 X209.138 Y140.911
G1 X209.202 Y141.561
G1 X209.305 Y144.367
G1 X209.242 Y146.366
G1 X209.213 Y147.306
G1 X209.004 Y149.295
G1 X208.894 Y150.335
G1 X208.528 Y152.301
G1 X208.323 Y153.402
G1 X207.795 Y155.331
G1 X207.491 Y156.446
G1 X206.797 Y158.322
G1 X206.399 Y159.404
G1 X205.542 Y161.211
G1 X205.068 Y162.214
G1 X204.475 Y162.643
G1 X205.610 Y164.289
G1 X206.009 Y164.865
G1 X207.064 Y166.564
G1 X207.433 Y167.158
G1 X208.403 Y168.907
G1 X208.742 Y169.519
G1 X209.625 Y171.313
G1 X209.933 Y171.942
G1 X210.726 Y173.777
G1 X211.004 Y174.420
G1 X211.707 Y176.292
G1 X211.952 Y176.947
G1 X212.563 Y178.852
G1 X212.776 Y179.518
G1 X213.291 Y181.450
G1 X213.472 Y182.126
G1 X213.893 Y184.081
G1 X214.039 Y184.766
G1 X214.363 Y186.738
G1 X214.475 Y187.429
G1 X214.703 Y189.416
G1 X214.782 Y190.112
G1 X214.911 Y192.108
G1 X214.956 Y192.805
G1 X214.987 Y194.805
G1 X214.998 Y195.505
G1 X214.929 Y197.504
G1 X214.907 Y198.203
G1 X214.741 Y200.196
G1 X214.683 Y200.893
G1 X214.420 Y202.875
G1 X214.328 Y203.569
G1 X213.968 Y205.538
G1 X213.842 Y206.223
G1 X213.387 Y208.171
G1 X213.227 Y208.853
G1 X212.676 Y210.776
G1 X212.483 Y211.448
G1 X211.612 Y214.003
G1 X210.618 Y216.513
G1 X209.791 Y218.335
G1 X209.502 Y218.971
G1 X208.587 Y220.749
G1 X208.266 Y221.371
G1 X207.264 Y223.103
G1 X206.914 Y223.707
G1 X205.829 Y225.386
G1 X205.449 Y225.975
G1 X204.282 Y227.599
G1 X203.874 Y228.167
G1 X202.629 Y229.732
G1 X202.195 Y230.280
G1 X200.412 Y232.308
G1 X199.119 Y233.641
G1 X189.516 Y240.618
G1 X189.905 Y241.152
G1 X188.436 Y242.063
G1 X187.843 Y242.433
G1 X186.093 Y243.403
G1 X185.481 Y243.742
G1 X183.685 Y244.625
G1 X183.058 Y244.933
G1 X181.226 Y245.736
G1 X181.070 Y245.804
G1 X180.995 Y247.714
G1 X180.978 Y248.146
G1 X180.828 Y250.140
G1 X180.794 Y250.594
G1 X180.580 Y252.582
G1 X180.531 Y253.044
G1 X180.257 Y255.026
G1 X180.194 Y255.482
G1 X179.868 Y257.455
G1 X179.795 Y257.898
G1 X179.423 Y259.863
G1 X179.343 Y260.284
G1 X178.932 Y262.241
G1 X178.849 Y262.632
G1 X178.404 Y264.582
G1 X178.322 Y264.939
G1 X177.851 Y266.882
G1 X177.851 Y266.883
G1 X177.774 Y267.203
G1 X177.282 Y269.141
G1 X177.212 Y269.421
G1 X176.704 Y271.356
G1 X176.641 Y271.593
G1 X176.125 Y273.526
G1 X176.073 Y273.720
G1 X175.550 Y275.651
G1 X175.510 Y275.802
G1 X174.987 Y277.732
G1 X174.957 Y277.840
G1 X174.436 Y279.770
G1 X174.418 Y279.833
G1 X173.898 Y281.764
G1 X173.893 Y281.782
G1 X173.385 Y283.687
G1 X172.891 Y285.546
G1 X172.411 Y287.360
G1 X171.940 Y289.127
G1 X171.475 Y290.845
G1 X171.008 Y292.514
G1 X170.532 Y294.132
G1 X170.038 Y295.702
G1 X169.515 Y297.220
G1 X168.952 Y298.695
G1 X168.335 Y300.124
G1 X167.651 Y301.526
G1 X166.888 Y302.906
G1 X166.033 Y304.283
G1 X165.076 Y305.670
G1 X164.016 Y307.097
G1 X162.844 Y308.587
G1 X161.590 Y310.145
G1 X161.571 Y310.168
G1 X160.321 Y311.730
G1 X160.206 Y311.874
G1 X159.026 Y313.452
G1 X158.832 Y313.724
G1 X157.797 Y315.331
G1 X157.545 Y315.741
G1 X156.661 Y317.398
G1 X156.377 Y317.957
G1 X155.642 Y319.679
G1 X155.352 Y320.394
G1 X154.754 Y322.193
G1 X154.476 Y323.062
G1 X153.996 Y324.943
G1 X153.743 Y325.957
G1 X153.356 Y327.912
G1 X153.128 Y329.040
G1 X152.821 Y331.016
G1 X152.815 Y331.054
G1 X152.619 Y332.252
G1 X152.375 Y334.237
G1 X152.206 Y335.502
G1 X152.023 Y337.494
G1 X152.019 Y337.543
G1 X151.905 Y338.689
G1 X151.806 Y340.687
G1 X151.806 Y340.695
G1 X151.752 Y341.709
G1 X151.774 Y343.655
G1 X151.787 Y344.477
G1 X151.971 Y346.349
G1 X152.035 Y346.932
G1 X152.412 Y348.725
G1 X152.483 Y349.033
G1 X153.068 Y350.754
G1 X153.071 Y350.762
G1 X153.694 Y352.121
G1 X154.220 Y353.136
G1 X154.511 Y353.861
G1 X154.457 Y354.383
G1 X153.994 Y354.821
G1 X153.118 Y355.318
G1 X151.881 Y356.024
G1 X150.367 Y357.078
G1 X148.954 Y358.331
G1 X148.675 Y358.585
G1 X147.385 Y360.028
G1 X146.888 Y360.594
G1 X145.718 Y362.202
G1 X145.074 Y363.085
G1 X144.034 Y364.793
G1 X144.019 Y364.817
G1 X143.304 Y365.972
G1 X142.388 Y367.750
G1 X142.374 Y367.778
G1 X141.669 Y369.123
G1 X140.300 Y372.398
G1 X139.752 Y374.245
G1 X139.344 Y375.686
G1 X139.082 Y377.543
G1 X138.922 Y378.907
G1 X139.003 Y380.792
G1 X139.090 Y382.007
G1 X139.543 Y383.935
G1 X139.776 Y384.896
G1 X140.484 Y386.766
G1 X140.714 Y387.374
G1 X141.625 Y389.155
G1 X141.740 Y389.380
G1 X142.130 Y390.000
G1 X145.968 Y390.000
G1 X145.466 Y389.204
G1 X144.584 Y387.409
G1 X144.402 Y387.038
G1 X143.751 Y385.147
G1 X143.486 Y384.379
G1 X143.095 Y382.418
G1 X142.871 Y381.297
G1 X142.759 Y379.300
G1 X142.690 Y377.915
G1 X142.911 Y375.955
G1 X143.108 Y374.445
G1 X143.647 Y372.545
G1 X144.096 Y371.006
G1 X144.892 Y369.171
G1 X145.525 Y367.708
G1 X146.522 Y365.974
G1 X146.527 Y365.966
G1 X147.258 Y364.685
G1 X148.440 Y363.072
G1 X149.175 Y362.071
G1 X150.527 Y360.639
G1 X151.174 Y359.963
G1 X152.704 Y358.743
G1 X153.152 Y358.396
G1 X154.864 Y357.395
G1 X154.983 Y357.327
G1 X156.491 Y356.638
G1 X157.557 Y356.184
G1 X158.138 Y355.812
G1 X158.241 Y355.369
G1 X157.921 Y354.715
G1 X157.271 Y353.738
G1 X156.411 Y352.365
G1 X155.536 Y350.607
G1 X155.521 Y350.578
G1 X154.893 Y348.755
G1 X154.775 Y348.396
G1 X154.394 Y346.511
G1 X154.270 Y345.852
G1 X154.113 Y343.908
G1 X154.045 Y342.997
G1 X154.076 Y341.010
G1 X154.093 Y339.904
G1 X154.275 Y337.913
G1 X154.277 Y337.896
G1 X154.383 Y336.669
G1 X154.690 Y334.692
G1 X154.694 Y334.670
G1 X154.884 Y333.399
G1 X155.310 Y331.445
G1 X155.311 Y331.439
G1 X155.577 Y330.203
G1 X156.129 Y328.304
G1 X156.461 Y327.165
G1 X157.154 Y325.345
G1 X157.544 Y324.347
G1 X158.398 Y322.612
G1 X158.824 Y321.779
G1 X159.855 Y320.124
G1 X160.283 Y319.465
G1 X161.490 Y317.879
G1 X161.860 Y317.392
G1 X163.145 Y315.860
G1 X163.412 Y315.544
G1 X164.741 Y314.050
G1 X164.742 Y314.049
G1 X164.884 Y313.889
G1 X166.232 Y312.412
G1 X166.232 Y312.411
G1 X166.249 Y312.395
G1 X167.481 Y311.022
G1 X168.575 Y309.736
G1 X169.529 Y308.499
G1 X170.349 Y307.279
G1 X171.048 Y306.052
G1 X171.642 Y304.797
G1 X172.145 Y303.498
G1 X172.579 Y302.147
G1 X172.961 Y300.736
G1 X173.307 Y299.262
G1 X173.633 Y297.727
G1 X173.951 Y296.133
G1 X174.272 Y294.483
G1 X174.607 Y292.783
G1 X174.961 Y291.035
G1 X175.341 Y289.246
G1 X175.751 Y287.418
G1 X176.194 Y285.554
G1 X176.672 Y283.658
G1 X177.185 Y281.730
G1 X177.725 Y279.805
G1 X177.734 Y279.772
G1 X178.296 Y277.853
G1 X178.316 Y277.783
G1 X178.899 Y275.870
G1 X178.931 Y275.760
G1 X179.528 Y273.851
G1 X179.576 Y273.702
G1 X180.184 Y271.797
G1 X180.244 Y271.607
G1 X180.857 Y269.704
G1 X180.857 Y269.703
G1 X180.933 Y269.470
G1 X181.548 Y267.566
G1 X181.636 Y267.289
G1 X182.345 Y265.060
G1 X182.937 Y263.149
G1 X183.052 Y262.780
G1 X183.622 Y260.863
G1 X183.745 Y260.448
G1 X184.285 Y258.522
G1 X184.414 Y258.063
G1 X184.916 Y256.127
G1 X185.047 Y255.626
G1 X185.502 Y253.679
G1 X185.628 Y253.141
G1 X186.029 Y251.182
G1 X186.145 Y250.613
G1 X186.483 Y248.642
G1 X186.585 Y248.052
G1 X186.854 Y246.070
G1 X186.934 Y245.471
G1 X187.124 Y243.482
G1 X186.854 Y242.998
G1 X188.575 Y241.979
G1 X189.177 Y241.623
G1 X189.900 Y241.146
G1 X189.516 Y240.618
G1 X199.126 Y233.636
G1 X199.133 Y233.628
G1 X199.631 Y233.135
G1 X200.983 Y231.661
G1 X201.455 Y231.146
G1 X202.732 Y229.606
G1 X203.178 Y229.068
G1 X204.798 Y226.908
G1 X205.918 Y225.251
G1 X206.310 Y224.672
G1 X207.347 Y222.962
G1 X207.709 Y222.364
G1 X208.662 Y220.605
G1 X208.995 Y219.990
G1 X209.860 Y218.186
G1 X210.161 Y217.555
G1 X210.937 Y215.712
G1 X211.209 Y215.067
G1 X211.893 Y213.187
G1 X212.132 Y212.530
G1 X212.723 Y210.619
G1 X212.929 Y209.951
G1 X213.425 Y208.014
G1 X213.599 Y207.336
G1 X213.999 Y205.376
G1 X214.139 Y204.693
G1 X214.444 Y202.714
G1 X214.550 Y202.023
G1 X214.756 Y200.034
G1 X214.829 Y199.338
G1 X214.937 Y197.341
G1 X214.974 Y196.642
G1 X214.986 Y194.644
G1 X214.989 Y193.943
G1 X214.903 Y191.945
G1 X214.872 Y191.246
G1 X214.621 Y188.558
G1 X214.339 Y186.579
G1 X214.240 Y185.885
G1 X213.727 Y183.235
G1 X213.252 Y181.292
G1 X213.085 Y180.615
G1 X212.515 Y178.696
G1 X212.315 Y178.026
G1 X211.651 Y176.140
G1 X211.419 Y175.479
G1 X210.664 Y173.627
G1 X210.400 Y172.979
G1 X209.553 Y171.166
G1 X209.258 Y170.533
G1 X208.324 Y168.765
G1 X207.999 Y168.146
G1 X206.623 Y165.823
G1 X206.080 Y163.898
G1 X205.992 Y163.586
G1 X206.367 Y163.185
G1 X207.603 Y161.614
G1 X208.066 Y161.028
G1 X209.166 Y159.358
G1 X209.664 Y158.605
G1 X210.616 Y156.847
G1 X211.100 Y155.955
G1 X211.901 Y154.122
G1 X212.336 Y153.127
G1 X212.982 Y151.235
G1 X213.342 Y150.179
G1 X213.834 Y148.241
G1 X214.106 Y147.167
G1 X214.447 Y145.197
G1 X214.628 Y144.148
G1 X214.825 Y142.160
G1 X214.922 Y141.174
G1 X214.983 Y139.175
G1 X215.010 Y138.289
G1 X214.945 Y136.290
G1 X214.922 Y135.531
G1 X214.748 Y133.536
G1 X214.694 Y132.922
G1 X214.425 Y130.940
G1 X214.364 Y130.486
G1 X214.020 Y128.516
G1 X213.971 Y128.230
G1 X213.573 Y126.271
G1 X213.550 Y126.159
G1 X213.137 Y124.265
G1 X212.765 Y122.536
G1 X212.459 Y120.958
G1 X212.242 Y119.513
G1 X212.132 Y118.179
G1 X212.141 Y116.930
G1 X212.279 Y115.746
G1 X212.551 Y114.602
G1 X212.955 Y113.476
G1 X213.491 Y112.346
G1 X214.153 Y111.193
G1 X214.932 Y110.001
G1 X215.819 Y108.751
G1 X216.799 Y107.428
G1 X218.995 Y104.528
G1 X220.179 Y102.933
G1 X221.335 Y101.337
G1 X221.387 Y101.264
G1 X222.449 Y99.784
G1 X222.548 Y99.647
G1 X223.498 Y98.299
G1 X223.630 Y98.118
G1 X224.462 Y96.910
G1 X224.612 Y96.701
G1 X225.319 Y95.640
G1 X225.470 Y95.423
G1 X226.045 Y94.514
G1 X226.185 Y94.304
G1 X226.620 Y93.556
G1 X226.733 Y93.370
G1 X227.019 Y92.784
G1 X227.096 Y92.633
G1 X227.230 Y92.207
G1 X227.230 Y92.206
G1 X227.269 Y92.075
G1 X227.315 Y91.636
G1 X227.331 Y91.479
G1 X227.298 Y90.979
G1 X227.286 Y90.797
G1 X227.167 Y90.231
G1 X227.123 Y90.022
G1 X226.912 Y89.384
G1 X226.834 Y89.148
G1 X226.520 Y88.431
G1 X226.408 Y88.171
G1 X225.989 Y87.366
G1 X225.842 Y87.085
G1 X225.309 Y86.184
G1 X225.133 Y85.884
G1 X224.481 Y84.879
G1 X224.284 Y84.569
G1 X223.510 Y83.449
G1 X223.295 Y83.134
G1 X222.400 Y81.892
G1 X222.400 Y81.891
G1 X222.180 Y81.585
G1 X221.165 Y80.209
G1 X220.956 Y79.921
G1 X219.823 Y78.405
G1 X219.636 Y78.151
G1 X218.398 Y76.489
G1 X218.250 Y76.287
G1 X216.917 Y74.472
G1 X216.821 Y74.340
G1 X215.410 Y72.373
G1 X215.380 Y72.329
G1 X213.955 Y70.273
G1 X212.577 Y68.193
G1 X211.267 Y66.105
G1 X210.049 Y64.034
G1 X208.942 Y61.990
G1 X207.958 Y59.985
G1 X207.104 Y58.021
G1 X206.385 Y56.098
G1 X205.802 Y54.204
G1 X205.355 Y52.326
G1 X205.039 Y50.441
G1 X204.849 Y48.520
G1 X204.781 Y46.531
G1 X204.832 Y44.431
G1 X204.997 Y42.175
G1 X205.279 Y39.711
G1 X205.677 Y36.981
G1 X206.205 Y33.918
G1 X206.879 Y30.451
G1 X207.727 Y26.515
G1 X208.799 Y22.034
G1 X210.121 Y17.082
G1 X210.155 Y16.961
G1 X211.782 Y11.582
G1 X211.880 Y11.281
G1 X213.883 Y5.526
G1 X213.883 Y5.524
G1 X214.063 Y5.050
G1 X216.106 Y0.000
G1 X223.510 Y0.000
G1 X221.567 Y4.086
G1 X221.566 Y4.088
G1 X221.335 Y4.621
G1 X218.728 Y11.019
G1 X218.603 Y11.352
G1 X216.492 Y17.291
G1 X216.492 Y17.294
G1 X216.447 Y17.422
G1 X214.753 Y22.762
G1 X213.406 Y27.409
G1 X212.333 Y31.448
G1 X211.480 Y34.967
G1 X210.816 Y38.066
G1 X210.320 Y40.831
G1 X209.985 Y43.338
G1 X209.809 Y45.654
G1 X209.792 Y47.839
G1 X209.936 Y49.945
G1 X210.248 Y52.010
G1 X210.728 Y54.072
G1 X211.379 Y56.153
G1 X212.202 Y58.274
G1 X213.189 Y60.437
G1 X214.332 Y62.643
G1 X215.615 Y64.884
G1 X217.015 Y67.145
G1 X218.504 Y69.404
G1 X220.048 Y71.636
G1 X221.586 Y73.784
G1 X221.609 Y73.817
G1 X223.051 Y75.790
G1 X223.149 Y75.922
G1 X224.472 Y77.723
G1 X224.631 Y77.934
G1 X225.819 Y79.568
G1 X226.016 Y79.834
G1 X227.060 Y81.306
G1 X227.281 Y81.612
G1 X228.176 Y82.934
G1 X228.398 Y83.258
G1 X229.142 Y84.442
G1 X229.354 Y84.774
G1 X229.952 Y85.830
G1 X230.137 Y86.157
G1 X230.593 Y87.095
G1 X230.745 Y87.407
G1 X231.068 Y88.240
G1 X231.181 Y88.533
G1 X231.378 Y89.270
G1 X231.450 Y89.537
G1 X231.532 Y90.187
G1 X231.563 Y90.426
G1 X231.541 Y90.998
G1 X231.533 Y91.207
G1 X231.417 Y91.708
G1 X231.375 Y91.888
G1 X231.174 Y92.321
G1 X231.105 Y92.473
G1 X230.828 Y92.850
G1 X230.739 Y92.973
G1 X230.397 Y93.297
G1 X230.293 Y93.394
G1 X229.883 Y93.696
G1 X229.762 Y93.805
G1 X229.227 Y94.258
G1 X229.088 Y94.391
G1 X228.431 Y95.002
G1 X228.292 Y95.144
G1 X227.523 Y95.905
G1 X227.522 Y95.906
G1 X227.399 Y96.036
G1 X226.526 Y96.941
G1 X226.434 Y97.043
G1 X225.466 Y98.084
G1 X225.465 Y98.085
G1 X225.418 Y98.139
G1 X224.380 Y99.301
G1 X223.343 Y100.512
G1 X222.331 Y101.753
G1 X221.369 Y103.013
G1 X220.498 Y104.232
G1 X219.744 Y105.399
G1 X219.115 Y106.531
G1 X218.616 Y107.649
G1 X218.251 Y108.773
G1 X218.020 Y109.924
G1 X217.921 Y111.127
G1 X217.944 Y112.402
G1 X218.080 Y113.773
G1 X218.314 Y115.259
G1 X218.625 Y116.879
G1 X218.992 Y118.649
G1 X219.387 Y120.582
G1 X219.756 Y122.548
G1 X219.782 Y122.685
G1 X220.095 Y124.660
G1 X220.095 Y124.661
G1 X220.142 Y124.961
G1 X220.381 Y126.947
G1 X220.436 Y127.406
G1 X220.582 Y129.401
G1 X220.627 Y130.009
G1 X220.667 Y132.009
G1 X220.683 Y132.753
G1 X220.605 Y134.753
G1 X220.572 Y135.610
G1 X220.367 Y137.600
G1 X220.268 Y138.550
G1 X219.752 Y141.529
G1 X219.269 Y143.471
G1 X219.011 Y144.507
G1 X218.043 Y147.428
G1 X217.267 Y149.271
G1 X216.859 Y150.243
G1 X215.938 Y152.018
G1 X215.481 Y152.900
G1 X214.419 Y154.595
G1 X213.944 Y155.354
G1 X212.749 Y156.958
G1 X212.297 Y157.565
G1 X210.979 Y159.068
G1 X210.597 Y159.504
G1 X209.172 Y160.908
G1 X208.913 Y161.162
G1 X207.398 Y162.467
G1 X207.313 Y162.541
G1 X205.868 Y163.662
G1 X205.413 Y163.973
G1 X206.501 Y165.651
G1 X206.881 Y166.239
G1 X207.885 Y167.969
G1 X208.235 Y168.574
G1 X209.153 Y170.351
G1 X209.475 Y170.972
G1 X210.303 Y172.792
G1 X210.593 Y173.429
G1 X211.333 Y175.287
G1 X211.591 Y175.937
G1 X212.238 Y177.829
G1 X212.464 Y178.492
G1 X213.018 Y180.414
G1 X213.211 Y181.086
G1 X213.670 Y183.033
G1 X213.830 Y183.714
G1 X214.192 Y185.681
G1 X214.318 Y186.368
G1 X214.584 Y188.350
G1 X214.676 Y189.044
G1 X214.845 Y191.037
G1 X214.902 Y191.734
G1 X214.973 Y193.733
G1 X214.997 Y194.432
G1 X214.969 Y196.432
G1 X214.958 Y197.131
G1 X214.833 Y199.127
G1 X214.788 Y199.824
G1 X214.563 Y201.812
G1 X214.485 Y202.508
G1 X214.163 Y204.482
G1 X214.051 Y205.172
G1 X213.633 Y207.128
G1 X213.486 Y207.812
G1 X212.973 Y209.745
G1 X212.794 Y210.421
G1 X212.187 Y212.326
G1 X211.974 Y212.993
G1 X211.273 Y214.866
G1 X211.028 Y215.522
G1 X210.235 Y217.359
G1 X209.960 Y218.000
G1 X209.079 Y219.798
G1 X208.770 Y220.425
G1 X207.804 Y222.175
G1 X207.466 Y222.787
G1 X206.412 Y224.487
G1 X206.044 Y225.081
G1 X204.909 Y226.728
G1 X204.511 Y227.305
G1 X203.300 Y228.895
G1 X202.873 Y229.451
G1 X201.583 Y230.979
G1 X201.132 Y231.513
G1 X199.768 Y232.975
G1 X199.290 Y233.487
G1 X199.169 Y233.604
G1 X189.516 Y240.618
G1 X192.122 Y244.206
G1 X191.757 Y245.949
G1 X191.273 Y247.890
G1 X191.107 Y248.550
G1 X190.559 Y250.474
G1 X190.383 Y251.094
G1 X189.780 Y253.002
G1 X189.599 Y253.572
G1 X188.952 Y255.463
G1 X188.774 Y255.982
G1 X188.093 Y257.863
G1 X187.925 Y258.325
G1 X187.219 Y260.196
G1 X187.062 Y260.604
G1 X186.339 Y262.468
G1 X186.202 Y262.824
G1 X185.470 Y264.684
G1 X185.351 Y264.988
G1 X184.621 Y266.849
G1 X184.519 Y267.105
G1 X183.796 Y268.970
G1 X183.714 Y269.181
G1 X183.005 Y271.051
G1 X182.940 Y271.222
G1 X182.252 Y273.100
G1 X182.203 Y273.234
G1 X181.541 Y275.122
G1 X181.505 Y275.225
G1 X180.872 Y277.122
G1 X180.848 Y277.196
G1 X180.250 Y279.104
G1 X180.235 Y279.154
G1 X179.674 Y281.072
G1 X179.666 Y281.096
G1 X179.144 Y283.027
G1 X179.144 Y283.029
G1 X178.667 Y284.951
G1 X178.236 Y286.859
G1 X177.850 Y288.757
G1 X177.510 Y290.630
G1 X177.213 Y292.481
G1 X176.956 Y294.303
G1 X176.735 Y296.086
G1 X176.545 Y297.824
G1 X176.380 Y299.507
G1 X176.226 Y301.128
G1 X176.073 Y302.678
G1 X175.906 Y304.151
G1 X175.706 Y305.548
G1 X175.452 Y306.858
G1 X175.121 Y308.095
G1 X174.691 Y309.264
G1 X174.137 Y310.383
G1 X173.440 Y311.474
G1 X172.580 Y312.567
G1 X171.548 Y313.702
G1 X170.341 Y314.919
G1 X168.967 Y316.266
G1 X167.557 Y317.684
G1 X167.452 Y317.789
G1 X165.832 Y319.534
G1 X164.548 Y321.068
G1 X164.157 Y321.534
G1 X162.495 Y323.814
G1 X161.448 Y325.518
G1 X160.918 Y326.379
G1 X160.044 Y328.170
G1 X159.547 Y329.216
G1 X158.876 Y331.088
G1 X158.453 Y332.286
G1 X157.973 Y334.224
G1 X157.650 Y335.524
G1 X157.354 Y337.502
G1 X157.352 Y337.505
G1 X157.151 Y338.831
G1 X157.047 Y340.828
G1 X156.981 Y342.100
G1 X157.094 Y344.084
G1 X157.166 Y345.217
G1 X157.535 Y347.167
G1 X157.720 Y348.083
G1 X158.352 Y349.980
G1 X158.561 Y350.606
G1 X159.409 Y352.417
G1 X159.542 Y352.702
G1 X160.526 Y354.334
G1 X161.367 Y355.514
G1 X161.922 Y356.297
G1 X162.072 Y356.786
G1 X161.734 Y357.122
G1 X160.876 Y357.469
G1 X159.521 Y357.999
G1 X157.749 Y358.866
G1 X156.070 Y359.952
G1 X155.691 Y360.197
G1 X153.514 Y362.066
G1 X152.197 Y363.569
G1 X151.403 Y364.480
G1 X150.326 Y366.164
G1 X149.540 Y367.397
G1 X148.724 Y369.223
G1 X148.066 Y370.701
G1 X147.540 Y372.631
G1 X147.102 Y374.243
G1 X146.877 Y376.231
G1 X146.695 Y377.842
G1 X146.771 Y379.840
G1 X146.828 Y381.309
G1 X147.198 Y383.272
G1 X147.199 Y383.273
G1 X147.425 Y384.470
G1 X148.072 Y386.363
G1 X148.356 Y387.198
G1 X149.251 Y388.987
G1 X149.461 Y389.408
G1 X149.850 Y390.000
G1 X153.804 Y390.000
G1 X153.347 Y389.294
G1 X153.279 Y389.189
G1 X152.419 Y387.384
G1 X152.160 Y386.837
G1 X151.567 Y384.928
G1 X151.267 Y383.961
G1 X150.970 Y381.983
G1 X150.769 Y380.660
G1 X150.782 Y378.660
G1 X150.792 Y377.093
G1 X151.118 Y375.119
G1 X151.394 Y373.451
G1 X152.028 Y371.554
G1 X152.568 Y369.935
G1 X153.492 Y368.163
G1 X154.238 Y366.737
G1 X155.429 Y365.132
G1 X156.266 Y364.001
G1 X157.688 Y362.595
G1 X158.472 Y361.821
G1 X160.086 Y360.640
G1 X160.658 Y360.221
G1 X162.418 Y359.273
G1 X162.630 Y359.156
G1 X164.226 Y358.517
G1 X165.328 Y358.152
G1 X165.884 Y357.879
G1 X165.902 Y357.513
G1 X165.452 Y356.889
G1 X164.650 Y355.876
G1 X163.643 Y354.394
G1 X162.706 Y352.627
G1 X162.595 Y352.415
G1 X161.880 Y350.547
G1 X161.659 Y349.965
G1 X161.188 Y348.020
G1 X160.968 Y347.114
G1 X160.749 Y345.126
G1 X160.621 Y343.967
G1 X160.654 Y341.966
G1 X160.676 Y340.645
G1 X160.955 Y338.665
G1 X161.150 Y337.279
G1 X162.021 Y333.989
G1 X162.748 Y332.125
G1 X163.236 Y330.875
G1 X164.156 Y329.101
G1 X164.717 Y328.016
G1 X165.806 Y326.338
G1 X166.377 Y325.458
G1 X167.607 Y323.881
G1 X168.124 Y323.220
G1 X169.468 Y321.738
G1 X169.870 Y321.295
G1 X171.298 Y319.894
G1 X171.541 Y319.656
G1 X173.020 Y318.309
G1 X173.078 Y318.258
G1 X174.436 Y317.047
G1 X175.597 Y315.968
G1 X176.545 Y314.965
G1 X177.290 Y313.986
G1 X177.849 Y312.988
G1 X178.243 Y311.937
G1 X178.500 Y310.808
G1 X178.651 Y309.583
G1 X178.725 Y308.256
G1 X178.752 Y306.824
G1 X178.752 Y305.292
G1 X178.749 Y303.667
G1 X178.758 Y301.959
G1 X178.792 Y300.182
G1 X178.862 Y298.346
G1 X178.974 Y296.468
G1 X179.131 Y294.551
G1 X179.339 Y292.614
G1 X179.596 Y290.662
G1 X179.903 Y288.704
G1 X180.257 Y286.745
G1 X180.661 Y284.791
G1 X181.112 Y282.845
G1 X181.609 Y280.911
G1 X182.152 Y278.984
G1 X182.739 Y277.072
G1 X182.740 Y277.071
G1 X182.741 Y277.066
G1 X183.373 Y275.168
G1 X183.376 Y275.157
G1 X184.048 Y273.273
G1 X184.056 Y273.251
G1 X184.768 Y271.382
G1 X184.782 Y271.344
G1 X185.530 Y269.490
G1 X185.554 Y269.434
G1 X186.333 Y267.591
G1 X186.368 Y267.508
G1 X187.176 Y265.679
G1 X187.227 Y265.562
G1 X188.055 Y263.741
G1 X188.968 Y261.772
G1 X189.061 Y261.572
G1 X190.027 Y259.509
G1 X190.873 Y257.697
G1 X191.016 Y257.388
G1 X191.849 Y255.570
G1 X192.018 Y255.200
G1 X192.828 Y253.370
G1 X193.021 Y252.936
G1 X193.797 Y251.093
G1 X194.009 Y250.590
G1 X194.740 Y248.731
G1 X194.964 Y248.158
G1 X194.974 Y248.129
G1 X189.516 Y240.618
G1 X199.122 Y233.639
G1 X199.184 Y233.578
G1 X199.681 Y233.084
G1 X201.502 Y231.092
G1 X202.778 Y229.551
G1 X203.223 Y229.011
G1 X204.840 Y226.850
G1 X205.957 Y225.191
G1 X206.348 Y224.611
G1 X207.383 Y222.900
G1 X207.745 Y222.301
G1 X208.695 Y220.541
G1 X209.028 Y219.926
G1 X209.891 Y218.122
G1 X210.192 Y217.490
G1 X211.235 Y215.000
G1 X212.154 Y212.462
G1 X212.742 Y210.552
G1 X212.948 Y209.882
G1 X213.443 Y207.944
G1 X213.615 Y207.266
G1 X214.013 Y205.306
G1 X214.152 Y204.621
G1 X214.453 Y202.644
G1 X214.559 Y201.952
G1 X214.763 Y199.963
G1 X214.834 Y199.266
G1 X214.941 Y197.270
G1 X214.978 Y196.571
G1 X214.986 Y194.570
G1 X214.988 Y193.871
G1 X214.898 Y191.873
G1 X214.867 Y191.174
G1 X214.679 Y189.183
G1 X214.613 Y188.487
G1 X214.329 Y186.508
G1 X214.228 Y185.815
G1 X213.846 Y183.852
G1 X213.712 Y183.165
G1 X213.233 Y181.223
G1 X213.067 Y180.544
G1 X212.494 Y178.627
G1 X212.293 Y177.958
G1 X212.471 Y176.267
G1 X212.156 Y174.292
G1 X212.019 Y173.433
G1 X211.523 Y171.495
G1 X211.367 Y170.887
G1 X210.713 Y168.997
G1 X210.713 Y168.996
G1 X210.600 Y168.668
G1 X209.822 Y166.826
G1 X209.809 Y166.795
G1 X209.085 Y165.257
G1 X208.509 Y164.021
G1 X208.156 Y163.037
G1 X208.076 Y162.232
G1 X208.302 Y161.531
G1 X208.845 Y160.851
G1 X209.693 Y160.113
G1 X210.815 Y159.246
G1 X212.166 Y158.190
G1 X213.688 Y156.902
G1 X215.138 Y155.524
G1 X215.317 Y155.354
G1 X216.670 Y153.881
G1 X216.987 Y153.537
G1 X218.228 Y151.969
G1 X218.635 Y151.456
G1 X219.753 Y149.798
G1 X220.205 Y149.132
G1 X221.191 Y147.392
G1 X221.645 Y146.594
G1 X222.496 Y144.784
G1 X222.919 Y143.883
G1 X223.631 Y142.014
G1 X224.000 Y141.042
G1 X224.571 Y139.127
G1 X224.871 Y138.121
G1 X225.304 Y136.169
G1 X225.528 Y135.165
G1 X225.826 Y133.188
G1 X225.973 Y132.219
G1 X226.141 Y130.226
G1 X226.142 Y130.225
G1 X226.219 Y129.323
G1 X226.268 Y127.324
G1 X226.288 Y126.514
G1 X226.226 Y124.515
G1 X226.204 Y123.821
G1 X226.042 Y121.829
G1 X225.996 Y121.269
G1 X225.747 Y119.283
G1 X225.695 Y118.868
G1 X225.376 Y116.893
G1 X225.334 Y116.633
G1 X224.963 Y114.670
G1 X224.944 Y114.569
G1 X224.556 Y112.671
G1 X224.200 Y110.932
G1 X223.901 Y109.342
G1 X223.683 Y107.885
G1 X223.564 Y106.541
G1 X223.561 Y105.294
G1 X223.686 Y104.119
G1 X223.942 Y103.001
G1 X224.319 Y101.957
G1 X224.814 Y100.972
G1 X225.418 Y100.036
G1 X226.122 Y99.140
G1 X226.909 Y98.283
G1 X227.763 Y97.470
G1 X228.661 Y96.706
G1 X229.583 Y96.010
G1 X230.476 Y95.411
G1 X230.503 Y95.396
G1 X231.322 Y94.925
G1 X231.394 Y94.889
G1 X232.127 Y94.553
G1 X232.233 Y94.516
G1 X232.875 Y94.302
G1 X233.007 Y94.262
G1 X233.601 Y94.029
G1 X233.753 Y93.968
G1 X234.297 Y93.687
G1 X234.460 Y93.602
G1 X234.944 Y93.269
G1 X235.108 Y93.157
G1 X235.521 Y92.767
G1 X235.673 Y92.622
G1 X236.007 Y92.168
G1 X236.137 Y91.990
G1 X236.379 Y91.467
G1 X236.478 Y91.255
G1 X236.618 Y90.656
G1 X236.676 Y90.406
G1 X236.702 Y89.724
G1 X236.711 Y89.440
G1 X236.610 Y88.663
G1 X236.568 Y88.346
G1 X236.325 Y87.467
G1 X236.230 Y87.121
G1 X235.834 Y86.127
G1 X235.687 Y85.758
G1 X235.128 Y84.637
G1 X234.937 Y84.253
G1 X234.205 Y82.991
G1 X233.983 Y82.605
G1 X233.072 Y81.186
G1 X232.834 Y80.813
G1 X231.744 Y79.223
G1 X231.512 Y78.882
G1 X230.246 Y77.106
G1 X230.047 Y76.822
G1 X228.616 Y74.846
G1 X228.473 Y74.645
G1 X226.902 Y72.459
G1 X226.840 Y72.371
G1 X225.193 Y70.025
G1 X223.581 Y67.631
G1 X222.052 Y65.218
G1 X220.648 Y62.812
G1 X219.401 Y60.433
G1 X218.338 Y58.092
G1 X217.474 Y55.794
G1 X216.822 Y53.524
G1 X216.386 Y51.268
G1 X216.166 Y48.991
G1 X216.164 Y46.653
G1 X216.377 Y44.196
G1 X216.806 Y41.556
G1 X217.455 Y38.654
G1 X218.339 Y35.395
G1 X219.477 Y31.671
G1 X220.915 Y27.357
G1 X222.716 Y22.319
G1 X224.992 Y16.443
G1 X227.896 Y9.684
G1 X231.461 Y2.425
G1 X231.581 Y2.200
G1 X232.846 Y0.000
G1 X245.062 Y0.000
G1 X244.673 Y0.554
G1 X244.504 Y0.817
G1 X239.627 Y9.022
G1 X235.775 Y16.524
G1 X232.780 Y22.924
G1 X230.413 Y28.289
G1 X228.531 Y32.813
G1 X227.050 Y36.683
G1 X225.914 Y40.059
G1 X225.104 Y43.077
G1 X224.593 Y45.840
G1 X224.379 Y48.439
G1 X224.450 Y50.941
G1 X224.802 Y53.399
G1 X225.424 Y55.850
G1 X226.303 Y58.318
G1 X227.417 Y60.811
G1 X228.738 Y63.330
G1 X230.225 Y65.853
G1 X231.827 Y68.363
G1 X233.488 Y70.831
G1 X235.149 Y73.231
G1 X236.655 Y75.406
G1 X236.747 Y75.536
G1 X238.069 Y77.495
G1 X238.229 Y77.727
G1 X239.352 Y79.483
G1 X239.550 Y79.788
G1 X240.465 Y81.357
G1 X240.673 Y81.711
G1 X241.380 Y83.109
G1 X241.575 Y83.491
G1 X242.083 Y84.733
G1 X242.242 Y85.120
G1 X242.562 Y86.224
G1 X242.672 Y86.605
G1 X242.817 Y87.584
G1 X242.871 Y87.947
G1 X242.856 Y88.813
G1 X242.850 Y89.151
G1 X242.694 Y89.913
G1 X242.631 Y90.220
G1 X242.345 Y90.890
G1 X242.230 Y91.162
G1 X241.833 Y91.747
G1 X241.673 Y91.980
G1 X241.176 Y92.488
G1 X240.984 Y92.684
G1 X240.404 Y93.121
G1 X240.191 Y93.280
G1 X239.535 Y93.654
G1 X239.316 Y93.777
G1 X238.597 Y94.090
G1 X238.383 Y94.183
G1 X237.614 Y94.442
G1 X237.419 Y94.508
G1 X236.610 Y94.720
G1 X236.445 Y94.763
G1 X235.607 Y94.931
G1 X235.483 Y94.956
G1 X234.627 Y95.090
G1 X234.554 Y95.101
G1 X233.665 Y95.293
G1 X233.648 Y95.298
G1 X232.764 Y95.598
G1 X231.927 Y95.983
G1 X231.158 Y96.439
G1 X230.477 Y96.957
G1 X229.902 Y97.532
G1 X229.444 Y98.171
G1 X229.111 Y98.877
G1 X228.906 Y99.661
G1 X228.830 Y100.539
G1 X228.873 Y101.531
G1 X229.025 Y102.661
G1 X229.267 Y103.952
G1 X229.575 Y105.436
G1 X229.930 Y107.121
G1 X230.321 Y108.970
G1 X230.709 Y110.932
G1 X230.721 Y110.988
G1 X231.061 Y112.959
G1 X231.097 Y113.176
G1 X231.368 Y115.157
G1 X231.419 Y115.531
G1 X231.606 Y117.522
G1 X231.656 Y118.043
G1 X231.745 Y120.041
G1 X231.774 Y120.696
G1 X231.756 Y122.696
G1 X231.748 Y123.470
G1 X231.612 Y125.465
G1 X231.553 Y126.335
G1 X231.291 Y128.318
G1 X231.167 Y129.259
G1 X230.776 Y131.221
G1 X230.581 Y132.203
G1 X229.783 Y135.125
G1 X229.122 Y137.012
G1 X228.782 Y137.983
G1 X227.985 Y139.817
G1 X227.588 Y140.731
G1 X226.657 Y142.501
G1 X226.223 Y143.326
G1 X225.164 Y145.024
G1 X224.721 Y145.729
G1 X223.123 Y147.912
G1 X221.829 Y149.437
G1 X221.480 Y149.850
G1 X220.086 Y151.283
G1 X219.849 Y151.525
G1 X218.372 Y152.875
G1 X218.290 Y152.951
G1 X216.863 Y154.136
G1 X215.629 Y155.116
G1 X214.634 Y155.940
G1 X213.919 Y156.664
G1 X213.507 Y157.363
G1 X213.397 Y158.114
G1 X213.578 Y158.994
G1 X214.008 Y160.075
G1 X214.633 Y161.421
G1 X215.379 Y163.077
G1 X216.110 Y164.938
G1 X216.160 Y165.066
G1 X216.758 Y166.975
G1 X216.890 Y167.393
G1 X217.325 Y169.345
G1 X217.478 Y170.034
G1 X217.730 Y172.018
G1 X217.846 Y172.942
G1 X217.900 Y174.941
G1 X217.930 Y176.052
G1 X217.778 Y178.045
G1 X217.683 Y179.280
G1 X217.322 Y181.247
G1 X217.087 Y182.535
G1 X216.520 Y184.453
G1 X216.144 Y185.724
G1 X215.379 Y187.571
G1 X214.513 Y187.687
G1 X214.729 Y189.674
G1 X214.805 Y190.371
G1 X214.924 Y192.367
G1 X214.966 Y193.066
G1 X214.987 Y195.065
G1 X214.995 Y195.764
G1 X214.918 Y197.763
G1 X214.891 Y198.463
G1 X214.716 Y200.455
G1 X214.655 Y201.152
G1 X214.382 Y203.133
G1 X214.287 Y203.826
G1 X213.789 Y206.479
G1 X213.324 Y208.424
G1 X213.161 Y209.105
G1 X212.601 Y211.025
G1 X212.405 Y211.696
G1 X211.751 Y213.586
G1 X211.522 Y214.247
G1 X210.777 Y216.103
G1 X210.516 Y216.752
G1 X209.679 Y218.569
G1 X209.388 Y219.205
G1 X208.463 Y220.978
G1 X208.141 Y221.599
G1 X207.130 Y223.325
G1 X206.777 Y223.929
G1 X205.684 Y225.603
G1 X205.301 Y226.189
G1 X204.127 Y227.808
G1 X203.716 Y228.375
G1 X204.194 Y229.338
G1 X203.847 Y231.307
G1 X203.846 Y231.308
G1 X203.691 Y232.187
G1 X203.230 Y234.135
G1 X203.027 Y234.993
G1 X202.587 Y236.492
G1 X200.033 Y232.977
G1 X189.516 Y240.618
G1 X196.708 Y250.516
G1 X196.084 Y251.709
G1 X195.891 Y252.077
G1 X194.946 Y253.839
G1 X194.788 Y254.133
G1 X193.835 Y255.891
G1 X193.835 Y255.892
G1 X193.714 Y256.117
G1 X192.766 Y257.878
G1 X192.765 Y257.879
G1 X192.676 Y258.042
G1 X191.744 Y259.810
G1 X191.685 Y259.920
G1 X190.773 Y261.700
G1 X190.741 Y261.763
G1 X189.859 Y263.560
G1 X189.846 Y263.583
G1 X189.000 Y265.391
G1 X188.203 Y267.196
G1 X187.451 Y269.005
G1 X186.745 Y270.826
G1 X186.081 Y272.663
G1 X185.457 Y274.522
G1 X184.873 Y276.406
G1 X184.325 Y278.317
G1 X183.817 Y280.251
G1 X183.816 Y280.255
G1 X183.351 Y282.200
G1 X183.345 Y282.220
G1 X182.922 Y284.176
G1 X182.913 Y284.214
G1 X182.535 Y286.177
G1 X182.535 Y286.180
G1 X182.524 Y286.232
G1 X182.190 Y288.203
G1 X182.179 Y288.270
G1 X181.892 Y290.249
G1 X181.881 Y290.324
G1 X181.643 Y292.309
G1 X181.633 Y292.386
G1 X181.446 Y294.377
G1 X181.440 Y294.450
G1 X181.303 Y296.445
G1 X181.300 Y296.504
G1 X181.220 Y298.502
G1 X181.219 Y298.536
G1 X181.194 Y300.533
G1 X181.221 Y302.480
G1 X181.296 Y304.360
G1 X181.407 Y306.157
G1 X181.541 Y307.856
G1 X181.677 Y309.440
G1 X181.791 Y310.901
G1 X181.853 Y312.231
G1 X181.829 Y313.433
G1 X181.685 Y314.515
G1 X181.383 Y315.498
G1 X180.889 Y316.412
G1 X180.177 Y317.300
G1 X179.228 Y318.214
G1 X178.037 Y319.218
G1 X176.618 Y320.375
G1 X175.098 Y321.673
G1 X175.006 Y321.752
G1 X173.552 Y323.126
G1 X173.251 Y323.410
G1 X171.899 Y324.883
G1 X171.430 Y325.393
G1 X169.633 Y327.727
G1 X168.577 Y329.424
G1 X167.963 Y330.409
G1 X167.095 Y332.211
G1 X166.520 Y333.405
G1 X165.404 Y336.649
G1 X164.991 Y338.604
G1 X164.687 Y340.039
G1 X164.526 Y342.032
G1 X164.412 Y343.453
G1 X164.515 Y345.450
G1 X164.582 Y346.751
G1 X164.952 Y348.716
G1 X165.155 Y349.792
G1 X165.787 Y351.689
G1 X166.041 Y352.451
G1 X166.917 Y354.250
G1 X166.918 Y354.252
G1 X167.107 Y354.638
G1 X168.193 Y356.301
G1 X169.124 Y357.452
G1 X169.733 Y358.158
G1 X169.881 Y358.546
G1 X169.478 Y358.786
G1 X168.498 Y359.073
G1 X166.982 Y359.603
G1 X165.185 Y360.480
G1 X165.043 Y360.550
G1 X163.387 Y361.672
G1 X162.844 Y362.040
G1 X161.377 Y363.401
G1 X160.589 Y364.133
G1 X159.357 Y365.709
G1 X158.492 Y366.814
G1 X157.531 Y368.568
G1 X156.749 Y369.997
G1 X156.087 Y371.885
G1 X155.511 Y373.524
G1 X155.166 Y375.494
G1 X154.867 Y377.201
G1 X154.846 Y379.201
G1 X154.831 Y380.810
G1 X155.132 Y382.788
G1 X155.339 Y384.149
G1 X155.946 Y386.056
G1 X156.262 Y387.049
G1 X157.147 Y388.842
G1 X157.421 Y389.396
G1 X157.829 Y390.000
G1 X161.959 Y390.000
G1 X161.511 Y389.337
G1 X161.401 Y389.173
G1 X160.536 Y387.370
G1 X160.230 Y386.738
G1 X159.658 Y384.822
G1 X159.335 Y383.743
G1 X159.081 Y381.760
G1 X158.896 Y380.317
G1 X158.974 Y378.319
G1 X159.039 Y376.645
G1 X159.450 Y374.690
G1 X159.817 Y372.952
G1 X160.550 Y371.091
G1 X161.195 Y369.458
G1 X163.067 Y366.367
G1 X164.371 Y364.852
G1 X165.257 Y363.824
G1 X166.791 Y362.541
G1 X167.550 Y361.906
G1 X169.265 Y360.878
G1 X169.721 Y360.603
G1 X171.566 Y359.830
G1 X172.923 Y359.435
G1 X173.698 Y359.224
G1 X173.874 Y358.984
G1 X173.505 Y358.515
G1 X172.708 Y357.654
G1 X171.650 Y356.288
G1 X170.629 Y354.569
G1 X170.513 Y354.373
G1 X169.735 Y352.531
G1 X169.480 Y351.927
G1 X168.969 Y349.994
G1 X168.714 Y349.026
G1 X168.477 Y347.040
G1 X168.331 Y345.788
G1 X168.375 Y343.789
G1 X168.407 Y342.362
G1 X168.722 Y340.389
G1 X168.959 Y338.900
G1 X169.530 Y336.983
G1 X169.531 Y336.983
G1 X169.959 Y335.547
G1 X170.766 Y333.717
G1 X171.337 Y332.423
G1 X172.355 Y330.702
G1 X172.996 Y329.619
G1 X174.195 Y328.017
G1 X174.824 Y327.179
G1 X176.174 Y325.703
G1 X176.705 Y325.123
G1 X178.172 Y323.764
G1 X178.533 Y323.429
G1 X180.083 Y322.165
G1 X180.221 Y322.053
G1 X181.700 Y320.929
G1 X182.927 Y319.984
G1 X183.887 Y319.141
G1 X184.579 Y318.328
G1 X185.021 Y317.484
G1 X185.247 Y316.556
G1 X185.295 Y315.508
G1 X185.208 Y314.317
G1 X185.030 Y312.972
G1 X184.801 Y311.471
G1 X184.553 Y309.822
G1 X184.316 Y308.040
G1 X184.113 Y306.140
G1 X183.962 Y304.146
G1 X183.963 Y304.145
G1 X183.876 Y302.147
G1 X183.873 Y302.076
G1 X183.851 Y300.076
G1 X183.850 Y299.950
G1 X183.892 Y297.951
G1 X183.896 Y297.789
G1 X183.999 Y295.791
G1 X184.008 Y295.606
G1 X184.169 Y293.613
G1 X184.184 Y293.416
G1 X184.398 Y291.429
G1 X184.419 Y291.235
G1 X184.683 Y289.253
G1 X184.682 Y289.251
G1 X184.708 Y289.068
G1 X185.016 Y287.092
G1 X185.041 Y286.924
G1 X185.391 Y284.955
G1 X185.417 Y284.810
G1 X185.805 Y282.848
G1 X185.829 Y282.729
G1 X186.252 Y280.775
G1 X186.271 Y280.686
G1 X186.730 Y278.739
G1 X186.743 Y278.681
G1 X187.234 Y276.742
G1 X187.240 Y276.715
G1 X187.763 Y274.789
G1 X188.310 Y272.905
G1 X188.883 Y271.060
G1 X189.483 Y269.247
G1 X190.115 Y267.470
G1 X190.781 Y265.723
G1 X191.486 Y264.002
G1 X192.236 Y262.299
G1 X193.031 Y260.608
G1 X193.879 Y258.922
G1 X194.784 Y257.227
G1 X195.749 Y255.513
G1 X196.759 Y253.788
G1 X196.772 Y253.766
G1 X197.801 Y252.052
G1 X197.811 Y252.036
G1 X189.516 Y240.618
G1 X200.033 Y232.977
G1 X204.859 Y239.618
G1 X204.979 Y239.376
G1 X205.799 Y237.552
G1 X206.106 Y236.870
G1 X206.842 Y235.010
G1 X207.147 Y234.242
G1 X207.786 Y232.347
G1 X208.071 Y231.503
G1 X208.601 Y229.575
G1 X208.849 Y228.675
G1 X209.260 Y226.718
G1 X209.456 Y225.783
G1 X209.737 Y223.803
G1 X209.870 Y222.864
G1 X210.017 Y220.869
G1 X210.016 Y220.868
G1 X210.082 Y219.959
G1 X209.225 Y219.532
G1 X210.370 Y217.087
G1 X211.393 Y214.588
G1 X212.060 Y212.704
G1 X212.293 Y212.043
G1 X212.866 Y210.127
G1 X213.066 Y209.457
G1 X213.544 Y207.515
G1 X213.710 Y206.836
G1 X214.094 Y204.873
G1 X214.227 Y204.186
G1 X214.512 Y202.207
G1 X214.613 Y201.515
G1 X214.801 Y199.524
G1 X214.867 Y198.827
G1 X214.957 Y196.829
G1 X214.988 Y196.132
G1 X214.981 Y194.130
G1 X214.978 Y193.431
G1 X215.115 Y192.163
G1 X216.392 Y190.624
G1 X216.392 Y190.623
G1 X216.927 Y189.981
G1 X218.048 Y188.326
G1 X218.632 Y187.467
G1 X220.145 Y184.660
G1 X220.905 Y182.809
G1 X221.393 Y181.623
G1 X221.954 Y179.703
G1 X221.953 Y179.703
G1 X222.327 Y178.432
G1 X222.680 Y176.464
G1 X222.913 Y175.179
G1 X223.060 Y173.184
G1 X223.152 Y171.956
G1 X223.096 Y169.957
G1 X223.065 Y168.855
G1 X222.813 Y166.871
G1 X222.697 Y165.955
G1 X222.264 Y164.003
G1 X222.113 Y163.321
G1 X221.521 Y161.412
G1 X221.391 Y160.999
G1 X220.669 Y159.134
G1 X220.621 Y159.008
G1 X219.887 Y157.346
G1 X219.270 Y155.988
G1 X218.843 Y154.889
G1 X218.659 Y153.988
G1 X218.756 Y153.215
G1 X219.148 Y152.497
G1 X219.835 Y151.759
G1 X220.794 Y150.932
G1 X221.993 Y149.958
G1 X223.382 Y148.790
G1 X224.859 Y147.442
G1 X224.909 Y147.397
G1 X226.309 Y145.967
G1 X226.517 Y145.756
G1 X227.823 Y144.242
G1 X228.147 Y143.865
G1 X229.345 Y142.264
G1 X229.744 Y141.732
G1 X230.825 Y140.050
G1 X231.258 Y139.376
G1 X232.213 Y137.620
G1 X232.646 Y136.825
G1 X233.472 Y135.003
G1 X233.875 Y134.115
G1 X234.568 Y132.239
G1 X234.921 Y131.285
G1 X235.478 Y129.364
G1 X235.764 Y128.378
G1 X236.188 Y126.425
G1 X236.402 Y125.437
G1 X236.694 Y123.459
G1 X236.835 Y122.505
G1 X237.074 Y119.620
G1 X237.119 Y117.620
G1 X237.135 Y116.817
G1 X237.068 Y114.819
G1 X237.044 Y114.128
G1 X236.872 Y112.136
G1 X236.824 Y111.577
G1 X236.561 Y109.594
G1 X236.507 Y109.182
G1 X236.166 Y107.219
G1 X236.121 Y106.968
G1 X235.691 Y105.129
G1 X235.671 Y105.047
G1 X235.190 Y103.405
G1 X234.715 Y102.007
G1 X234.282 Y100.817
G1 X233.923 Y99.805
G1 X233.664 Y98.945
G1 X233.526 Y98.216
G1 X233.523 Y97.599
G1 X233.665 Y97.078
G1 X233.953 Y96.643
G1 X234.386 Y96.286
G1 X234.955 Y96.005
G1 X235.645 Y95.796
G1 X236.447 Y95.671
G1 X237.348 Y95.589
G1 X238.353 Y95.481
G1 X239.388 Y95.345
G1 X239.442 Y95.338
G1 X240.464 Y95.166
G1 X240.593 Y95.143
G1 X241.592 Y94.928
G1 X241.786 Y94.885
G1 X242.749 Y94.620
G1 X242.995 Y94.551
G1 X243.911 Y94.231
G1 X244.195 Y94.129
G1 X245.053 Y93.748
G1 X245.362 Y93.610
G1 X246.151 Y93.162
G1 X246.464 Y92.984
G1 X247.175 Y92.464
G1 X247.475 Y92.242
G1 X248.091 Y91.645
G1 X248.365 Y91.379
G1 X248.876 Y90.698
G1 X249.108 Y90.388
G1 X249.497 Y89.615
G1 X249.674 Y89.264
G1 X249.924 Y88.392
G1 X250.037 Y88.004
G1 X250.136 Y87.022
G1 X250.175 Y86.604
G1 X250.100 Y85.501
G1 X250.071 Y85.064
G1 X249.809 Y83.826
G1 X249.713 Y83.383
G1 X249.246 Y81.993
G1 X249.098 Y81.560
G1 X248.412 Y80.003
G1 X248.235 Y79.600
G1 X247.322 Y77.853
G1 X247.143 Y77.506
G1 X246.004 Y75.548
G1 X245.852 Y75.288
G1 X244.499 Y73.099
G1 X244.497 Y73.098
G1 X244.414 Y72.958
G1 X242.883 Y70.532
G1 X241.329 Y68.032
G1 X239.819 Y65.482
G1 X238.429 Y62.900
G1 X237.217 Y60.308
G1 X236.241 Y57.711
G1 X235.554 Y55.115
G1 X235.186 Y52.499
G1 X235.168 Y49.830
G1 X235.522 Y47.055
G1 X236.275 Y44.109
G1 X237.452 Y40.885
G1 X239.093 Y37.268
G1 X241.250 Y33.097
G1 X243.994 Y28.152
G1 X247.451 Y22.157
G1 X251.823 Y14.749
G1 X257.420 Y6.102
G1 X261.828 Y0.000
G1 X279.698 Y0.000
G1 X276.309 Y6.308
G1 X271.921 Y13.962
G1 X266.826 Y21.707
G1 X261.961 Y28.260
G1 X257.965 Y33.597
G1 X254.835 Y38.060
G1 X252.460 Y41.901
G1 X250.743 Y45.309
G1 X249.607 Y48.417
G1 X248.996 Y51.327
G1 X248.849 Y54.115
G1 X249.108 Y56.828
G1 X249.712 Y59.491
G1 X250.591 Y62.122
G1 X251.668 Y64.718
G1 X252.863 Y67.271
G1 X254.097 Y69.770
G1 X255.288 Y72.199
G1 X256.311 Y74.416
G1 X256.369 Y74.541
G1 X257.183 Y76.543
G1 X257.281 Y76.787
G1 X257.874 Y78.591
G1 X257.983 Y78.924
G1 X258.353 Y80.551
G1 X258.443 Y80.942
G1 X258.599 Y82.410
G1 X258.646 Y82.838
G1 X258.605 Y84.159
G1 X258.591 Y84.602
G1 X258.367 Y85.789
G1 X258.284 Y86.232
G1 X257.893 Y87.298
G1 X257.738 Y87.724
G1 X257.202 Y88.678
G1 X256.975 Y89.078
G1 X256.022 Y90.292
G1 X255.242 Y91.044
G1 X254.905 Y91.368
G1 X254.026 Y92.030
G1 X253.655 Y92.308
G1 X252.691 Y92.886
G1 X252.305 Y93.116
G1 X251.268 Y93.616
G1 X250.880 Y93.801
G1 X249.786 Y94.228
G1 X249.420 Y94.368
G1 X248.274 Y94.728
G1 X247.948 Y94.829
G1 X246.766 Y95.127
G1 X246.497 Y95.194
G1 X245.090 Y95.476
G1 X243.867 Y95.671
G1 X243.756 Y95.688
G1 X242.535 Y95.845
G1 X242.519 Y95.847
G1 X241.399 Y95.966
G1 X240.416 Y96.062
G1 X239.588 Y96.150
G1 X238.927 Y96.242
G1 X238.443 Y96.365
G1 X238.125 Y96.564
G1 X237.980 Y96.851
G1 X238.002 Y97.232
G1 X238.181 Y97.717
G1 X238.501 Y98.322
G1 X238.937 Y99.063
G1 X239.460 Y99.964
G1 X240.032 Y101.053
G1 X240.616 Y102.361
G1 X241.145 Y103.843
G1 X241.173 Y103.927
G1 X241.599 Y105.554
G1 X241.600 Y105.555
G1 X241.656 Y105.793
G1 X241.963 Y107.588
G1 X242.027 Y108.003
G1 X242.201 Y109.969
G1 X242.251 Y110.557
G1 X242.311 Y112.556
G1 X242.334 Y113.275
G1 X242.277 Y115.274
G1 X242.253 Y116.104
G1 X242.071 Y118.095
G1 X241.986 Y119.009
G1 X241.671 Y120.985
G1 X241.518 Y121.956
G1 X240.842 Y124.901
G1 X240.259 Y126.814
G1 X239.958 Y127.802
G1 X239.240 Y129.668
G1 X238.876 Y130.615
G1 X238.024 Y132.424
G1 X237.613 Y133.298
G1 X236.632 Y135.041
G1 X236.198 Y135.814
G1 X235.094 Y137.483
G1 X234.667 Y138.128
G1 X233.449 Y139.715
G1 X233.064 Y140.216
G1 X231.743 Y141.718
G1 X231.440 Y142.062
G1 X230.029 Y143.480
G1 X229.850 Y143.659
G1 X228.369 Y145.003
G1 X226.995 Y146.160
G1 X225.837 Y147.118
G1 X224.918 Y147.940
G1 X224.270 Y148.684
G1 X223.912 Y149.418
G1 X223.843 Y150.212
G1 X224.045 Y151.140
G1 X224.484 Y152.268
G1 X225.103 Y153.654
G1 X225.835 Y155.342
G1 X226.542 Y157.212
G1 X226.596 Y157.355
G1 X227.175 Y159.269
G1 X227.304 Y159.693
G1 X227.724 Y161.649
G1 X227.724 Y161.650
G1 X227.872 Y162.340
G1 X228.112 Y164.325
G1 X228.223 Y165.248
G1 X228.269 Y167.246
G1 X228.294 Y168.353
G1 X228.137 Y170.347
G1 X228.040 Y171.576
G1 X227.676 Y173.543
G1 X227.438 Y174.827
G1 X226.869 Y176.744
G1 X226.492 Y178.012
G1 X225.724 Y179.858
G1 X225.232 Y181.041
G1 X224.275 Y182.797
G1 X223.708 Y183.838
G1 X222.577 Y185.487
G1 X221.994 Y186.341
G1 X220.707 Y187.870
G1 X220.174 Y188.506
G1 X218.755 Y189.914
G1 X218.341 Y190.325
G1 X216.813 Y191.613
G1 X216.587 Y191.805
G1 X214.998 Y192.982
G1 X214.963 Y192.983
G1 X214.987 Y194.983
G1 X214.997 Y195.683
G1 X214.922 Y197.681
G1 X214.896 Y198.380
G1 X214.723 Y200.373
G1 X214.665 Y201.070
G1 X214.394 Y203.051
G1 X214.300 Y203.745
G1 X214.393 Y205.743
G1 X214.399 Y205.857
G1 X214.806 Y207.815
G1 X214.908 Y208.303
G1 X215.169 Y210.286
G1 X215.257 Y210.955
G1 X215.367 Y212.952
G1 X215.411 Y213.762
G1 X215.369 Y215.762
G1 X215.349 Y216.673
G1 X215.157 Y218.665
G1 X215.063 Y219.635
G1 X214.727 Y221.607
G1 X214.558 Y222.597
G1 X214.087 Y224.540
G1 X213.850 Y225.512
G1 X213.252 Y227.421
G1 X212.963 Y228.345
G1 X212.252 Y230.214
G1 X211.927 Y231.065
G1 X211.113 Y232.893
G1 X210.776 Y233.654
G1 X209.543 Y236.102
G1 X208.571 Y237.848
G1 X208.262 Y238.403
G1 X207.232 Y240.117
G1 X206.964 Y240.564
G1 X206.302 Y241.605
G1 X200.033 Y232.977
G1 X189.516 Y240.618
G1 X198.765 Y253.349
G1 X198.122 Y254.502
G1 X197.307 Y256.079
G1 X196.548 Y257.665
G1 X195.840 Y259.271
G1 X195.175 Y260.904
G1 X194.546 Y262.568
G1 X193.944 Y264.270
G1 X193.369 Y266.011
G1 X192.811 Y267.793
G1 X192.268 Y269.619
G1 X191.736 Y271.490
G1 X191.214 Y273.407
G1 X190.710 Y275.342
G1 X190.703 Y275.370
G1 X190.219 Y277.310
G1 X190.202 Y277.378
G1 X189.740 Y279.324
G1 X189.715 Y279.433
G1 X189.277 Y281.384
G1 X189.244 Y281.533
G1 X188.833 Y283.490
G1 X188.794 Y283.677
G1 X188.416 Y285.640
G1 X188.372 Y285.862
G1 X188.029 Y287.832
G1 X187.985 Y288.086
G1 X187.684 Y290.063
G1 X187.641 Y290.343
G1 X187.387 Y292.327
G1 X187.349 Y292.629
G1 X187.148 Y294.617
G1 X187.116 Y294.928
G1 X186.974 Y296.923
G1 X186.954 Y297.235
G1 X186.876 Y299.233
G1 X186.876 Y299.234
G1 X186.865 Y299.533
G1 X186.858 Y301.533
G1 X186.858 Y301.806
G1 X186.926 Y303.803
G1 X186.933 Y304.031
G1 X187.078 Y306.025
G1 X187.089 Y306.188
G1 X187.310 Y308.176
G1 X187.319 Y308.252
G1 X187.608 Y310.199
G1 X187.935 Y312.005
G1 X188.270 Y313.650
G1 X188.580 Y315.120
G1 X188.818 Y316.410
G1 X188.941 Y317.524
G1 X188.896 Y318.482
G1 X188.633 Y319.318
G1 X188.117 Y320.082
G1 X187.314 Y320.838
G1 X186.212 Y321.663
G1 X184.825 Y322.641
G1 X183.221 Y323.833
G1 X183.189 Y323.857
G1 X181.657 Y325.142
G1 X181.365 Y325.386
G1 X179.945 Y326.794
G1 X179.447 Y327.288
G1 X178.172 Y328.829
G1 X178.171 Y328.830
G1 X177.540 Y329.594
G1 X176.447 Y331.271
G1 X175.773 Y332.301
G1 X174.267 Y335.365
G1 X173.134 Y338.701
G1 X172.753 Y340.664
G1 X172.458 Y342.187
G1 X172.355 Y344.185
G1 X172.279 Y345.673
G1 X172.464 Y347.664
G1 X172.588 Y348.993
G1 X173.061 Y350.935
G1 X173.318 Y351.991
G1 X174.070 Y353.844
G1 X174.349 Y354.531
G1 X175.360 Y356.257
G1 X175.516 Y356.528
G1 X176.627 Y357.949
G1 X177.482 Y358.841
G1 X177.910 Y359.311
G1 X177.781 Y359.531
G1 X177.032 Y359.709
G1 X175.680 Y360.068
G1 X173.824 Y360.814
G1 X173.821 Y360.813
G1 X172.098 Y361.828
G1 X171.624 Y362.107
G1 X170.085 Y363.385
G1 X169.302 Y364.035
G1 X167.999 Y365.551
G1 X167.093 Y366.606
G1 X166.067 Y368.323
G1 X165.220 Y369.738
G1 X163.863 Y373.275
G1 X163.479 Y375.237
G1 X163.133 Y377.003
G1 X163.091 Y379.002
G1 X163.055 Y380.688
G1 X163.352 Y382.665
G1 X163.567 Y384.098
G1 X164.190 Y385.998
G1 X164.191 Y385.999
G1 X164.532 Y387.044
G1 X165.451 Y388.820
G1 X165.752 Y389.400
G1 X166.188 Y390.000
G1 X170.556 Y390.000
G1 X170.036 Y389.302
G1 X169.959 Y389.197
G1 X169.028 Y387.429
G1 X168.717 Y386.835
G1 X168.090 Y384.936
G1 X167.738 Y383.869
G1 X167.444 Y381.891
G1 X167.226 Y380.430
G1 X167.279 Y378.431
G1 X167.325 Y376.717
G1 X167.724 Y374.758
G1 X168.092 Y372.971
G1 X168.829 Y371.111
G1 X169.497 Y369.434
G1 X171.421 Y366.326
G1 X172.753 Y364.834
G1 X172.753 Y364.833
G1 X173.670 Y363.803
G1 X175.237 Y362.559
G1 X176.014 Y361.943
G1 X177.763 Y360.974
G1 X178.204 Y360.729
G1 X180.021 Y360.060
G1 X181.302 Y359.761
G1 X181.955 Y359.615
G1 X181.976 Y359.390
G1 X181.442 Y358.873
G1 X180.499 Y357.897
G1 X179.334 Y356.358
G1 X178.366 Y354.608
G1 X178.155 Y354.228
G1 X177.458 Y352.355
G1 X177.161 Y351.554
G1 X176.752 Y349.595
G1 X176.511 Y348.435
G1 X176.402 Y346.438
G1 X176.323 Y345.024
G1 X176.508 Y343.033
G1 X176.651 Y341.490
G1 X177.118 Y339.545
G1 X177.488 Y338.006
G1 X178.218 Y336.143
G1 X178.776 Y334.723
G1 X179.745 Y332.973
G1 X180.417 Y331.758
G1 X181.595 Y330.141
G1 X182.287 Y329.189
G1 X183.639 Y327.716
G1 X184.250 Y327.049
G1 X185.741 Y325.716
G1 X186.179 Y325.323
G1 X187.771 Y324.114
G1 X187.961 Y323.970
G1 X189.510 Y322.913
G1 X190.771 Y322.066
G1 X191.716 Y321.335
G1 X192.343 Y320.635
G1 X192.677 Y319.882
G1 X192.758 Y319.016
G1 X192.635 Y317.988
G1 X192.365 Y316.774
G1 X192.003 Y315.354
G1 X191.599 Y313.736
G1 X191.197 Y311.932
G1 X190.835 Y309.966
G1 X190.834 Y309.962
G1 X190.555 Y307.981
G1 X190.538 Y307.852
G1 X190.345 Y305.861
G1 X190.323 Y305.629
G1 X190.219 Y303.632
G1 X190.203 Y303.323
G1 X190.184 Y301.323
G1 X190.182 Y300.960
G1 X190.242 Y298.962
G1 X190.255 Y298.563
G1 X190.390 Y296.568
G1 X190.418 Y296.154
G1 X190.620 Y294.164
G1 X190.662 Y293.749
G1 X190.924 Y291.767
G1 X190.978 Y291.364
G1 X191.291 Y289.389
G1 X191.352 Y289.008
G1 X191.711 Y287.042
G1 X191.710 Y287.040
G1 X191.776 Y286.688
G1 X192.170 Y284.728
G1 X192.235 Y284.410
G1 X192.662 Y282.456
G1 X192.723 Y282.178
G1 X193.174 Y280.230
G1 X193.230 Y279.994
G1 X193.701 Y278.050
G1 X193.748 Y277.855
G1 X194.234 Y275.915
G1 X194.272 Y275.766
G1 X194.770 Y273.831
G1 X194.797 Y273.725
G1 X195.305 Y271.790
G1 X195.305 Y271.789
G1 X195.320 Y271.733
G1 X195.836 Y269.799
G1 X195.840 Y269.785
G1 X196.354 Y267.885
G1 X196.866 Y266.031
G1 X197.380 Y264.224
G1 X197.892 Y262.464
G1 X198.414 Y260.747
G1 X198.947 Y259.077
G1 X199.501 Y257.449
G1 X200.083 Y255.862
G1 X200.263 Y255.410
G1 X189.516 Y240.618
G1 X200.033 Y232.977
G1 X207.317 Y243.002
G1 X207.946 Y242.126
G1 X207.959 Y242.109
G1 X209.130 Y240.487
G1 X209.210 Y240.375
G1 X210.367 Y238.744
G1 X210.518 Y238.530
G1 X211.645 Y236.877
G1 X211.866 Y236.553
G1 X212.945 Y234.870
G1 X213.227 Y234.430
G1 X214.243 Y232.707
G1 X214.572 Y232.150
G1 X215.508 Y230.382
G1 X215.865 Y229.706
G1 X216.707 Y227.892
G1 X217.071 Y227.106
G1 X217.803 Y225.245
G1 X218.151 Y224.361
G1 X218.760 Y222.456
G1 X219.067 Y221.494
G1 X219.542 Y219.552
G1 X219.790 Y218.538
G1 X220.120 Y216.567
G1 X220.292 Y215.539
G1 X220.471 Y213.547
G1 X220.559 Y212.543
G1 X220.580 Y210.543
G1 X220.589 Y209.608
G1 X220.450 Y207.613
G1 X220.393 Y206.790
G1 X220.097 Y204.814
G1 X220.096 Y204.812
G1 X219.997 Y204.147
G1 X219.551 Y202.197
G1 X219.444 Y201.726
G1 X218.862 Y199.814
G1 X218.787 Y199.569
G1 X218.093 Y197.700
G1 X217.437 Y196.127
G1 X216.892 Y194.839
G1 X216.530 Y193.805
G1 X216.414 Y192.974
G1 X216.595 Y192.277
G1 X217.102 Y191.636
G1 X217.942 Y190.963
G1 X219.101 Y190.170
G1 X220.538 Y189.177
G1 X222.128 Y187.964
G1 X222.194 Y187.914
G1 X223.987 Y186.333
G1 X225.831 Y184.401
G1 X227.071 Y182.832
G1 X227.630 Y182.122
G1 X228.708 Y180.437
G1 X229.295 Y179.517
G1 X230.191 Y177.730
G1 X230.740 Y176.635
G1 X231.444 Y174.763
G1 X231.902 Y173.544
G1 X232.404 Y171.608
G1 X232.737 Y170.327
G1 X233.223 Y167.075
G1 X233.313 Y165.077
G1 X233.367 Y163.883
G1 X233.257 Y161.886
G1 X233.199 Y160.837
G1 X232.899 Y158.859
G1 X232.772 Y158.010
G1 X232.300 Y156.066
G1 X232.153 Y155.461
G1 X231.532 Y153.560
G1 X231.423 Y153.226
G1 X230.688 Y151.366
G1 X230.687 Y151.365
G1 X230.667 Y151.317
G1 X229.969 Y149.725
G1 X229.405 Y148.419
G1 X229.037 Y147.353
G1 X228.915 Y146.466
G1 X229.070 Y145.690
G1 X229.510 Y144.955
G1 X230.235 Y144.189
G1 X231.222 Y143.333
G1 X232.436 Y142.327
G1 X233.833 Y141.129
G1 X235.300 Y139.768
G1 X235.299 Y139.766
G1 X235.364 Y139.707
G1 X236.753 Y138.268
G1 X236.970 Y138.042
G1 X238.266 Y136.519
G1 X238.596 Y136.130
G1 X240.188 Y133.977
G1 X241.260 Y132.288
G1 X241.698 Y131.601
G1 X242.643 Y129.839
G1 X243.079 Y129.029
G1 X243.892 Y127.202
G1 X244.297 Y126.296
G1 X244.975 Y124.414
G1 X245.325 Y123.441
G1 X246.148 Y120.509
G1 X246.550 Y118.550
G1 X246.756 Y117.544
G1 X247.021 Y115.562
G1 X247.151 Y114.591
G1 X247.283 Y112.595
G1 X247.342 Y111.691
G1 X247.345 Y109.693
G1 X247.345 Y108.911
G1 X247.203 Y107.082
G1 X247.149 Y106.490
G1 X246.865 Y104.872
G1 X246.783 Y104.458
G1 X246.366 Y103.032
G1 X246.281 Y102.773
G1 X245.746 Y101.518
G1 X245.687 Y101.394
G1 X245.050 Y100.288
G1 X245.041 Y100.275
G1 X244.392 Y99.376
G1 X243.781 Y98.655
G1 X242.844 Y97.647
G1 X242.586 Y97.318
G1 X242.503 Y97.078
G1 X242.620 Y96.886
G1 X242.946 Y96.729
G1 X243.479 Y96.600
G1 X244.219 Y96.487
G1 X245.155 Y96.374
G1 X246.272 Y96.246
G1 X247.555 Y96.085
G1 X248.962 Y95.877
G1 X248.983 Y95.873
G1 X250.387 Y95.622
G1 X250.530 Y95.596
G1 X251.917 Y95.290
G1 X252.168 Y95.233
G1 X253.530 Y94.869
G1 X253.874 Y94.773
G1 X255.196 Y94.342
G1 X255.617 Y94.201
G1 X256.888 Y93.697
G1 X257.362 Y93.506
G1 X258.576 Y92.923
G1 X259.082 Y92.678
G1 X260.226 Y92.013
G1 X260.741 Y91.709
G1 X261.805 Y90.957
G1 X262.308 Y90.596
G1 X263.281 Y89.748
G1 X263.751 Y89.338
G1 X264.620 Y88.388
G1 X265.038 Y87.929
G1 X265.791 Y86.873
G1 X266.144 Y86.378
G1 X266.765 Y85.207
G1 X267.041 Y84.685
G1 X267.517 Y83.389
G1 X267.713 Y82.857
G1 X268.029 Y81.426
G1 X268.145 Y80.903
G1 X268.289 Y79.322
G1 X268.333 Y78.829
G1 X268.295 Y77.084
G1 X268.285 Y76.648
G1 X268.058 Y74.719
G1 X268.019 Y74.368
G1 X267.607 Y72.233
G1 X267.563 Y72.001
G1 X266.991 Y69.634
G1 X266.971 Y69.557
G1 X266.303 Y67.045
G1 X265.631 Y64.474
G1 X265.037 Y61.849
G1 X264.617 Y59.164
G1 X264.462 Y56.413
G1 X264.659 Y53.565
G1 X265.297 Y50.580
G1 X266.452 Y47.397
G1 X268.188 Y43.922
G1 X270.554 Y40.039
G1 X273.547 Y35.593
G1 X277.063 Y30.458
G1 X280.844 Y24.611
G1 X284.532 Y18.264
G1 X287.850 Y11.819
G1 X290.718 Y5.605
G1 X293.065 Y0.000
G1 X302.989 Y0.000
G1 X302.611 Y1.225
G1 X300.862 Y6.265
G1 X298.833 Y11.522
G1 X296.537 Y16.901
G1 X294.016 Y22.277
G1 X291.368 Y27.495
G1 X288.734 Y32.411
G1 X286.275 Y36.943
G1 X284.123 Y41.074
G1 X282.360 Y44.838
G1 X281.016 Y48.304
G1 X280.072 Y51.540
G1 X279.485 Y54.601
G1 X279.180 Y57.534
G1 X279.083 Y60.373
G1 X279.106 Y63.137
G1 X279.168 Y65.836
G1 X279.193 Y68.463
G1 X279.196 Y68.472
G1 X279.130 Y70.864
G1 X279.125 Y71.043
G1 X278.934 Y73.225
G1 X278.909 Y73.536
G1 X278.578 Y75.530
G1 X278.507 Y75.944
G1 X278.031 Y77.767
G1 X277.903 Y78.252
G1 X277.277 Y79.921
G1 X277.077 Y80.452
G1 X276.314 Y81.974
G1 X276.034 Y82.527
G1 X275.143 Y83.914
G1 X274.785 Y84.468
G1 X273.776 Y85.728
G1 X273.343 Y86.264
G1 X272.226 Y87.405
G1 X271.729 Y87.908
G1 X270.520 Y88.935
G1 X269.972 Y89.395
G1 X268.678 Y90.315
G1 X268.100 Y90.722
G1 X266.734 Y91.541
G1 X266.145 Y91.889
G1 X264.717 Y92.613
G1 X264.142 Y92.899
G1 X262.662 Y93.533
G1 X262.122 Y93.758
G1 X260.600 Y94.308
G1 X260.120 Y94.477
G1 X258.565 Y94.948
G1 X258.169 Y95.063
G1 X256.591 Y95.463
G1 X256.301 Y95.534
G1 X254.714 Y95.870
G1 X254.547 Y95.904
G1 X252.962 Y96.185
G1 X252.935 Y96.190
G1 X251.489 Y96.412
G1 X250.233 Y96.588
G1 X249.187 Y96.737
G1 X248.363 Y96.879
G1 X247.772 Y97.029
G1 X247.414 Y97.197
G1 X247.286 Y97.399
G1 X247.376 Y97.641
G1 X247.661 Y97.924
G1 X248.114 Y98.252
G1 X248.692 Y98.658
G1 X249.345 Y99.208
G1 X250.029 Y99.934
G1 X250.654 Y100.825
G1 X250.687 Y100.877
G1 X251.203 Y101.919
G1 X251.279 Y102.089
G1 X251.667 Y103.301
G1 X251.756 Y103.611
G1 X252.005 Y105.018
G1 X252.081 Y105.495
G1 X252.186 Y107.112
G1 X252.221 Y107.776
G1 X252.173 Y109.612
G1 X252.147 Y110.474
G1 X251.946 Y112.464
G1 X251.851 Y113.428
G1 X251.511 Y115.398
G1 X251.336 Y116.414
G1 X250.596 Y119.384
G1 X249.973 Y121.283
G1 X249.641 Y122.290
G1 X248.876 Y124.138
G1 X248.482 Y125.087
G1 X247.580 Y126.872
G1 X247.146 Y127.732
G1 X246.114 Y129.445
G1 X245.666 Y130.187
G1 X244.512 Y131.822
G1 X244.085 Y132.422
G1 X242.820 Y133.969
G1 X242.455 Y134.416
G1 X241.090 Y135.878
G1 X240.827 Y136.159
G1 X239.380 Y137.539
G1 X239.261 Y137.653
G1 X237.812 Y138.914
G1 X236.533 Y139.971
G1 X235.472 Y140.865
G1 X234.666 Y141.649
G1 X234.139 Y142.385
G1 X233.900 Y143.141
G1 X233.942 Y143.988
G1 X234.240 Y144.995
G1 X234.751 Y146.225
G1 X235.414 Y147.727
G1 X236.160 Y149.539
G1 X236.819 Y151.427
G1 X236.904 Y151.675
G1 X237.424 Y153.608
G1 X237.565 Y154.130
G1 X237.919 Y156.098
G1 X238.058 Y156.876
G1 X238.228 Y158.870
G1 X238.311 Y159.864
G1 X238.284 Y161.864
G1 X238.267 Y163.022
G1 X238.034 Y165.008
G1 X237.887 Y166.266
G1 X237.447 Y168.217
G1 X237.156 Y169.507
G1 X236.512 Y171.400
G1 X236.086 Y172.647
G1 X235.246 Y174.462
G1 X234.718 Y175.603
G1 X233.691 Y177.319
G1 X233.107 Y178.299
G1 X231.911 Y179.901
G1 X231.332 Y180.677
G1 X229.988 Y182.157
G1 X229.485 Y182.707
G1 X228.013 Y184.060
G1 X227.662 Y184.385
G1 X226.089 Y185.621
G1 X225.952 Y185.729
G1 X224.444 Y186.783
G1 X223.202 Y187.614
G1 X222.275 Y188.298
G1 X221.685 Y188.927
G1 X221.431 Y189.593
G1 X221.488 Y190.376
G1 X221.810 Y191.350
G1 X222.338 Y192.574
G1 X222.993 Y194.084
G1 X223.703 Y195.900
G1 X224.321 Y197.802
G1 X224.389 Y198.013
G1 X224.869 Y199.955
G1 X224.981 Y200.405
G1 X225.309 Y202.378
G1 X225.417 Y203.036
G1 X225.583 Y205.029
G1 X225.652 Y205.855
G1 X225.653 Y207.856
G1 X225.654 Y208.806
G1 X225.492 Y210.800
G1 X225.408 Y211.828
G1 X225.087 Y213.801
G1 X224.914 Y214.858
G1 X224.187 Y217.844
G1 X223.573 Y219.748
G1 X223.251 Y220.741
G1 X222.140 Y223.508
G1 X220.894 Y226.119
G1 X219.932 Y227.872
G1 X219.554 Y228.562
G1 X218.506 Y230.265
G1 X218.160 Y230.827
G1 X217.043 Y232.486
G1 X216.750 Y232.921
G1 X215.582 Y234.545
G1 X215.359 Y234.854
G1 X214.158 Y236.453
G1 X214.014 Y236.644
G1 X212.797 Y238.231
G1 X212.736 Y238.311
G1 X211.541 Y239.880
G1 X210.437 Y241.374
G1 X209.428 Y242.817
G1 X208.513 Y244.228
G1 X208.376 Y244.460
G1 X200.033 Y232.977
G1 X189.516 Y240.618
G1 X202.819 Y258.927
G1 X202.663 Y259.500
G1 X202.193 Y261.263
G1 X201.223 Y264.922
G1 X200.717 Y266.819
G1 X200.198 Y268.750
G1 X200.196 Y268.760
G1 X199.674 Y270.690
G1 X199.659 Y270.745
G1 X199.135 Y272.675
G1 X199.108 Y272.775
G1 X198.585 Y274.706
G1 X198.546 Y274.853
G1 X198.028 Y276.785
G1 X197.976 Y276.978
G1 X197.468 Y278.912
G1 X197.404 Y279.151
G1 X196.912 Y281.088
G1 X196.912 Y281.090
G1 X196.839 Y281.375
G1 X196.368 Y283.319
G1 X196.287 Y283.650
G1 X195.761 Y285.976
G1 X195.355 Y287.932
G1 X195.355 Y287.933
G1 X195.269 Y288.347
G1 X194.909 Y290.314
G1 X194.827 Y290.762
G1 X194.519 Y292.738
G1 X194.519 Y292.739
G1 X194.445 Y293.215
G1 X194.199 Y295.201
G1 X194.138 Y295.693
G1 X193.964 Y297.688
G1 X193.920 Y298.184
G1 X193.824 Y300.182
G1 X193.800 Y300.671
G1 X193.791 Y302.671
G1 X193.788 Y303.130
G1 X193.871 Y305.128
G1 X193.888 Y305.536
G1 X194.067 Y307.529
G1 X194.097 Y307.860
G1 X194.374 Y309.840
G1 X194.405 Y310.069
G1 X194.778 Y312.034
G1 X194.797 Y312.133
G1 X195.243 Y314.023
G1 X195.706 Y315.712
G1 X196.138 Y317.186
G1 X196.485 Y318.440
G1 X196.686 Y319.484
G1 X196.682 Y320.348
G1 X196.415 Y321.081
G1 X195.842 Y321.747
G1 X194.936 Y322.429
G1 X193.694 Y323.227
G1 X192.146 Y324.237
G1 X190.531 Y325.419
G1 X190.348 Y325.553
G1 X188.838 Y326.866
G1 X188.393 Y327.253
G1 X187.028 Y328.714
G1 X186.400 Y329.386
G1 X185.214 Y330.997
G1 X184.504 Y331.962
G1 X183.533 Y333.710
G1 X182.846 Y334.947
G1 X182.120 Y336.810
G1 X182.120 Y336.813
G1 X181.556 Y338.260
G1 X180.734 Y341.775
G1 X180.569 Y343.768
G1 X180.439 Y345.329
G1 X180.577 Y347.324
G1 X180.675 Y348.745
G1 X181.114 Y350.696
G1 X181.373 Y351.846
G1 X182.108 Y353.706
G1 X182.414 Y354.480
G1 X183.424 Y356.206
G1 X183.622 Y356.545
G1 X184.790 Y358.007
G1 X185.705 Y358.903
G1 X186.176 Y359.349
G1 X186.063 Y359.529
G1 X185.300 Y359.666
G1 X183.906 Y359.999
G1 X182.044 Y360.726
G1 X182.043 Y360.727
G1 X181.991 Y360.748
G1 X180.268 Y361.764
G1 X179.735 Y362.078
G1 X177.373 Y364.078
G1 X176.096 Y365.617
G1 X175.159 Y366.743
G1 X174.173 Y368.484
G1 X173.326 Y369.979
G1 X172.665 Y371.866
G1 X172.056 Y373.602
G1 X171.742 Y375.577
G1 X171.454 Y377.382
G1 X171.494 Y379.382
G1 X171.528 Y381.063
G1 X171.920 Y383.025
G1 X172.194 Y384.408
G1 X172.915 Y386.273
G1 X173.284 Y387.225
G1 X174.305 Y388.944
G1 X174.579 Y389.402
G1 X175.073 Y390.000
G1 X179.795 Y390.000
G1 X179.069 Y389.175
G1 X177.995 Y387.488
G1 X177.751 Y387.103
G1 X176.977 Y385.259
G1 X176.976 Y385.260
G1 X176.603 Y384.370
G1 X176.160 Y382.420
G1 X175.856 Y381.081
G1 X175.765 Y379.083
G1 X175.690 Y377.420
G1 X175.958 Y375.438
G1 X176.203 Y373.625
G1 X176.825 Y371.724
G1 X177.402 Y369.957
G1 X178.354 Y368.198
G1 X179.187 Y366.659
G1 X180.438 Y365.099
G1 X181.383 Y363.921
G1 X182.889 Y362.606
G1 X183.754 Y361.851
G1 X185.464 Y360.815
G1 X186.042 Y360.466
G1 X187.899 Y359.723
G1 X188.005 Y359.680
G1 X189.451 Y359.333
G1 X190.263 Y359.202
G1 X190.414 Y359.044
G1 X189.966 Y358.631
G1 X189.058 Y357.769
G1 X187.881 Y356.336
G1 X186.856 Y354.619
G1 X186.658 Y354.289
G1 X185.909 Y352.434
G1 X185.596 Y351.661
G1 X185.147 Y349.712
G1 X184.880 Y348.556
G1 X184.737 Y346.561
G1 X184.635 Y345.127
G1 X184.801 Y343.134
G1 X184.800 Y343.132
G1 X184.930 Y341.555
G1 X185.389 Y339.609
G1 X185.762 Y338.027
G1 X186.498 Y336.166
G1 X187.073 Y334.705
G1 X188.057 Y332.964
G1 X188.757 Y331.720
G1 X189.958 Y330.122
G1 X190.680 Y329.158
G1 X192.696 Y327.052
G1 X194.223 Y325.761
G1 X194.664 Y325.389
G1 X196.295 Y324.233
G1 X196.461 Y324.118
G1 X197.996 Y323.152
G1 X199.207 Y322.398
G1 X200.069 Y321.749
G1 X200.586 Y321.108
G1 X200.788 Y320.385
G1 X200.726 Y319.512
G1 X200.457 Y318.442
G1 X200.049 Y317.146
G1 X199.564 Y315.616
G1 X199.060 Y313.857
G1 X198.593 Y311.914
G1 X198.588 Y311.892
G1 X198.218 Y309.926
G1 X198.218 Y309.925
G1 X198.184 Y309.746
G1 X197.919 Y307.763
G1 X197.878 Y307.452
G1 X197.719 Y305.459
G1 X197.686 Y305.045
G1 X197.630 Y303.046
G1 X197.616 Y302.558
G1 X197.658 Y300.560
G1 X197.668 Y300.026
G1 X197.802 Y298.030
G1 X197.839 Y297.472
G1 X198.054 Y295.484
G1 X198.116 Y294.921
G1 X198.405 Y292.941
G1 X198.484 Y292.389
G1 X198.836 Y290.420
G1 X198.931 Y289.892
G1 X199.338 Y287.934
G1 X199.441 Y287.438
G1 X199.893 Y285.490
G1 X199.999 Y285.034
G1 X200.488 Y283.095
G1 X200.591 Y282.684
G1 X201.106 Y280.751
G1 X201.204 Y280.387
G1 X201.739 Y278.460
G1 X201.827 Y278.143
G1 X202.374 Y276.219
G1 X202.451 Y275.951
G1 X203.004 Y274.029
G1 X203.067 Y273.808
G1 X203.621 Y271.885
G1 X203.672 Y271.711
G1 X204.220 Y269.788
G1 X204.257 Y269.658
G1 X204.798 Y267.734
G1 X204.821 Y267.649
G1 X205.350 Y265.722
G1 X205.362 Y265.682
G1 X205.878 Y263.754
G1 X205.996 Y263.300
G1 X215.283 Y276.082
G1 X215.668 Y276.482
G1 X217.100 Y275.177
G1 X218.595 Y273.942
G1 X220.149 Y272.782
G1 X221.756 Y271.699
G1 X223.416 Y270.697
G1 X225.123 Y269.777
G1 X226.340 Y269.185
G1 X210.268 Y247.063
G1 X210.322 Y246.899
G1 X210.851 Y245.473
G1 X211.437 Y244.086
G1 X212.095 Y242.727
G1 X212.837 Y241.386
G1 X213.671 Y240.045
G1 X214.607 Y238.687
G1 X215.648 Y237.289
G1 X216.794 Y235.827
G1 X218.039 Y234.275
G1 X219.287 Y232.712
G1 X219.370 Y232.607
G1 X220.593 Y231.025
G1 X220.768 Y230.799
G1 X221.947 Y229.184
G1 X222.205 Y228.829
G1 X223.650 Y226.682
G1 X224.686 Y224.970
G1 X225.064 Y224.347
G1 X226.001 Y222.581
G1 X226.402 Y221.827
G1 X227.227 Y220.005
G1 X227.623 Y219.133
G1 X228.318 Y217.258
G1 X228.681 Y216.285
G1 X229.237 Y214.366
G1 X229.538 Y213.320
G1 X229.943 Y211.362
G1 X230.165 Y210.284
G1 X230.539 Y207.226
G1 X230.615 Y205.228
G1 X230.655 Y204.212
G1 X230.560 Y202.214
G1 X230.518 Y201.304
G1 X230.256 Y199.321
G1 X230.157 Y198.565
G1 X229.733 Y196.610
G1 X229.612 Y196.052
G1 X229.041 Y194.134
G1 X228.943 Y193.806
G1 X228.218 Y191.863
G1 X227.514 Y190.232
G1 X226.914 Y188.904
G1 X226.495 Y187.848
G1 X226.323 Y187.012
G1 X226.456 Y186.325
G1 X226.923 Y185.705
G1 X227.738 Y185.060
G1 X228.881 Y184.297
G1 X230.314 Y183.333
G1 X231.917 Y182.137
G1 X231.973 Y182.095
G1 X233.485 Y180.787
G1 X233.779 Y180.530
G1 X235.637 Y178.610
G1 X236.883 Y177.046
G1 X237.451 Y176.334
G1 X238.532 Y174.651
G1 X239.126 Y173.726
G1 X240.025 Y171.940
G1 X240.578 Y170.837
G1 X241.283 Y168.964
G1 X241.744 Y167.735
G1 X242.243 Y165.800
G1 X242.576 Y164.511
G1 X243.055 Y161.253
G1 X243.139 Y159.255
G1 X243.189 Y158.058
G1 X243.074 Y156.061
G1 X243.013 Y155.013
G1 X242.708 Y153.037
G1 X242.576 Y152.192
G1 X242.098 Y150.250
G1 X241.951 Y149.652
G1 X241.325 Y147.754
G1 X241.218 Y147.426
G1 X240.478 Y145.568
G1 X240.462 Y145.529
G1 X239.766 Y143.947
G1 X239.206 Y142.652
G1 X238.844 Y141.596
G1 X238.731 Y140.718
G1 X238.895 Y139.952
G1 X239.351 Y139.224
G1 X240.093 Y138.465
G1 X241.102 Y137.610
G1 X242.341 Y136.602
G1 X243.767 Y135.395
G1 X245.236 Y134.038
G1 X245.324 Y133.956
G1 X246.714 Y132.517
G1 X246.959 Y132.265
G1 X248.251 Y130.738
G1 X248.609 Y130.316
G1 X249.789 Y128.701
G1 X250.216 Y128.116
G1 X251.273 Y126.418
G1 X251.729 Y125.684
G1 X253.102 Y123.052
G1 X253.887 Y121.212
G1 X254.296 Y120.255
G1 X254.936 Y118.359
G1 X255.281 Y117.339
G1 X255.774 Y115.401
G1 X256.040 Y114.352
G1 X256.388 Y112.382
G1 X256.570 Y111.344
G1 X256.768 Y109.403
G1 X256.864 Y108.497
G1 X256.910 Y106.786
G1 X256.928 Y106.065
G1 X256.826 Y104.590
G1 X256.826 Y104.589
G1 X256.783 Y104.052
G1 X256.538 Y102.805
G1 X256.455 Y102.434
G1 X256.073 Y101.400
G1 X255.978 Y101.174
G1 X255.469 Y100.331
G1 X255.391 Y100.218
G1 X254.768 Y99.547
G1 X254.737 Y99.517
G1 X254.067 Y99.019
G1 X253.435 Y98.643
G1 X252.903 Y98.305
G1 X252.514 Y98.004
G1 X252.310 Y97.741
G1 X252.323 Y97.512
G1 X252.573 Y97.314
G1 X253.076 Y97.135
G1 X253.836 Y96.961
G1 X254.849 Y96.778
G1 X256.101 Y96.565
G1 X257.579 Y96.302
G1 X259.258 Y95.970
G1 X261.001 Y95.574
G1 X261.114 Y95.547
G1 X262.847 Y95.088
G1 X263.116 Y95.016
G1 X264.827 Y94.485
G1 X265.234 Y94.355
G1 X266.914 Y93.747
G1 X267.435 Y93.553
G1 X269.073 Y92.861
G1 X269.075 Y92.860
G1 X269.684 Y92.596
G1 X271.274 Y91.812
G1 X271.944 Y91.474
G1 X273.477 Y90.594
G1 X274.184 Y90.181
G1 X275.653 Y89.198
G1 X276.366 Y88.712
G1 X277.763 Y87.622
G1 X278.458 Y87.070
G1 X279.778 Y85.865
G1 X280.432 Y85.258
G1 X281.662 Y83.932
G1 X282.259 Y83.282
G1 X283.396 Y81.826
G1 X283.915 Y81.151
G1 X284.951 Y79.556
G1 X285.386 Y78.877
G1 X286.313 Y77.133
G1 X286.659 Y76.475
G1 X287.477 Y74.568
G1 X287.733 Y73.958
G1 X288.441 Y71.872
G1 X288.617 Y71.341
G1 X289.221 Y69.054
G1 X289.329 Y68.636
G1 X289.843 Y66.126
G1 X289.898 Y65.860
G1 X290.353 Y63.091
G1 X290.364 Y63.018
G1 X290.776 Y60.114
G1 X291.198 Y57.146
G1 X291.688 Y54.101
G1 X292.310 Y50.963
G1 X293.116 Y47.707
G1 X294.147 Y44.299
G1 X295.419 Y40.706
G1 X296.920 Y36.902
G1 X298.615 Y32.871
G1 X300.441 Y28.625
G1 X302.321 Y24.193
G1 X304.176 Y19.640
G1 X305.940 Y15.027
G1 X307.564 Y10.429
G1 X309.011 Y5.904
G1 X310.266 Y1.503
G1 X310.640 Y0.000
G1 X316.713 Y0.000
G1 X316.158 Y2.632
G1 X315.201 Y6.563
G1 X314.106 Y10.561
G1 X312.892 Y14.594
G1 X311.584 Y18.630
G1 X310.221 Y22.629
G1 X308.845 Y26.556
G1 X307.497 Y30.388
G1 X306.220 Y34.104
G1 X305.050 Y37.696
G1 X304.004 Y41.173
G1 X303.087 Y44.542
G1 X302.287 Y47.825
G1 X301.577 Y51.034
G1 X300.916 Y54.185
G1 X300.263 Y57.285
G1 X299.569 Y60.343
G1 X298.830 Y63.211
G1 X298.792 Y63.351
G1 X297.991 Y65.988
G1 X297.892 Y66.305
G1 X297.011 Y68.734
G1 X296.839 Y69.191
G1 X295.863 Y71.433
G1 X295.613 Y71.995
G1 X294.538 Y74.064
G1 X294.200 Y74.701
G1 X293.024 Y76.608
G1 X292.594 Y77.290
G1 X291.324 Y79.047
G1 X290.808 Y79.745
G1 X289.443 Y81.358
G1 X289.442 Y81.359
G1 X288.845 Y82.051
G1 X287.397 Y83.529
G1 X286.731 Y84.193
G1 X285.202 Y85.543
G1 X284.488 Y86.161
G1 X282.890 Y87.388
G1 X282.145 Y87.946
G1 X280.482 Y89.058
G1 X279.732 Y89.546
G1 X278.013 Y90.545
G1 X277.283 Y90.959
G1 X275.518 Y91.852
G1 X274.838 Y92.186
G1 X273.030 Y92.981
G1 X272.429 Y93.238
G1 X270.590 Y93.939
G1 X270.096 Y94.122
G1 X268.233 Y94.738
G1 X267.874 Y94.853
G1 X265.999 Y95.391
G1 X265.795 Y95.447
G1 X263.922 Y95.916
G1 X263.895 Y95.922
G1 X262.204 Y96.302
G1 X260.744 Y96.607
G1 X259.537 Y96.856
G1 X258.599 Y97.074
G1 X257.934 Y97.276
G1 X257.540 Y97.482
G1 X257.405 Y97.705
G1 X257.504 Y97.949
G1 X257.807 Y98.226
G1 X258.268 Y98.535
G1 X258.837 Y98.878
G1 X259.459 Y99.252
G1 X260.054 Y99.739
G1 X260.074 Y99.759
G1 X260.564 Y100.406
G1 X260.631 Y100.508
G1 X260.997 Y101.338
G1 X261.083 Y101.557
G1 X261.318 Y102.592
G1 X261.392 Y102.961
G1 X261.488 Y104.216
G1 X261.526 Y104.762
G1 X261.480 Y106.246
G1 X261.459 Y106.983
G1 X261.268 Y108.696
G1 X261.172 Y109.627
G1 X260.830 Y111.557
G1 X260.647 Y112.617
G1 X259.881 Y115.625
G1 X259.235 Y117.518
G1 X258.880 Y118.560
G1 X258.085 Y120.394
G1 X257.665 Y121.365
G1 X256.267 Y123.999
G1 X255.194 Y125.687
G1 X254.726 Y126.422
G1 X253.527 Y128.022
G1 X253.094 Y128.601
G1 X251.783 Y130.111
G1 X251.425 Y130.521
G1 X250.014 Y131.940
G1 X249.782 Y132.175
G1 X248.292 Y133.510
G1 X248.224 Y133.572
G1 X246.813 Y134.735
G1 X245.602 Y135.702
G1 X244.635 Y136.522
G1 X243.945 Y137.257
G1 X243.550 Y137.975
G1 X243.450 Y138.750
G1 X243.627 Y139.653
G1 X244.045 Y140.753
G1 X244.651 Y142.107
G1 X245.376 Y143.762
G1 X246.098 Y145.627
G1 X246.142 Y145.741
G1 X246.737 Y147.650
G1 X246.862 Y148.050
G1 X247.301 Y150.001
G1 X247.451 Y150.671
G1 X247.712 Y152.654
G1 X247.831 Y153.562
G1 X247.895 Y155.561
G1 X247.932 Y156.662
G1 X247.792 Y158.657
G1 X247.706 Y159.891
G1 X247.357 Y161.860
G1 X247.127 Y163.157
G1 X246.568 Y165.076
G1 X246.194 Y166.364
G1 X244.936 Y169.418
G1 X243.979 Y171.175
G1 X243.401 Y172.235
G1 X242.265 Y173.881
G1 X241.665 Y174.750
G1 X240.368 Y176.272
G1 X239.818 Y176.917
G1 X238.381 Y178.309
G1 X237.957 Y178.721
G1 X236.406 Y179.985
G1 X236.178 Y180.171
G1 X234.579 Y181.304
G1 X233.232 Y182.180
G1 X232.198 Y182.881
G1 X231.507 Y183.495
G1 X231.168 Y184.117
G1 X231.161 Y184.839
G1 X231.446 Y185.743
G1 X231.957 Y186.894
G1 X232.623 Y188.340
G1 X233.360 Y190.102
G1 X234.019 Y191.990
G1 X234.086 Y192.181
G1 X234.602 Y194.113
G1 X234.722 Y194.558
G1 X235.080 Y196.525
G1 X235.201 Y197.192
G1 X235.390 Y199.185
G1 X235.471 Y200.033
G1 X235.486 Y202.033
G1 X235.494 Y203.018
G1 X235.336 Y205.011
G1 X235.337 Y205.013
G1 X235.251 Y206.080
G1 X234.924 Y208.053
G1 X234.742 Y209.154
G1 X234.255 Y211.094
G1 X234.254 Y211.094
G1 X233.981 Y212.180
G1 X233.342 Y214.074
G1 X232.996 Y215.102
G1 X232.218 Y216.944
G1 X231.823 Y217.881
G1 X230.922 Y219.666
G1 X230.507 Y220.487
G1 X229.497 Y222.213
G1 X229.094 Y222.901
G1 X227.992 Y224.570
G1 X227.630 Y225.119
G1 X226.454 Y226.737
G1 X226.158 Y227.146
G1 X224.927 Y228.723
G1 X224.716 Y228.994
G1 X223.451 Y230.543
G1 X223.336 Y230.685
G1 X222.058 Y232.223
G1 X222.041 Y232.244
G1 X220.848 Y233.698
G1 X219.768 Y235.071
G1 X218.800 Y236.396
G1 X217.944 Y237.695
G1 X217.195 Y238.990
G1 X216.539 Y240.299
G1 X215.964 Y241.636
G1 X215.458 Y243.011
G1 X215.005 Y244.435
G1 X214.592 Y245.909
G1 X214.206 Y247.437
G1 X213.835 Y249.016
G1 X213.467 Y250.648
G1 X213.329 Y251.276
G1 X226.330 Y269.172
G1 X226.337 Y269.187
G1 X224.600 Y270.047
G1 X222.907 Y270.992
G1 X221.263 Y272.019
G1 X219.671 Y273.125
G1 X218.135 Y274.309
G1 X216.659 Y275.566
G1 X215.613 Y276.536
G1 X209.192 Y267.700
G1 X208.753 Y269.187
G1 X208.718 Y269.309
G1 X208.140 Y271.222
G1 X208.090 Y271.384
G1 X207.506 Y273.297
G1 X207.442 Y273.506
G1 X206.858 Y275.419
G1 X206.779 Y275.675
G1 X206.200 Y277.589
G1 X206.200 Y277.590
G1 X206.109 Y277.895
G1 X205.542 Y279.814
G1 X205.439 Y280.168
G1 X204.895 Y282.093
G1 X204.779 Y282.498
G1 X204.267 Y284.430
G1 X204.145 Y284.884
G1 X203.671 Y286.827
G1 X203.549 Y287.327
G1 X203.124 Y289.281
G1 X203.006 Y289.823
G1 X202.534 Y292.365
G1 X202.238 Y294.343
G1 X202.148 Y294.943
G1 X201.932 Y296.931
G1 X201.865 Y297.542
G1 X201.737 Y299.538
G1 X201.698 Y300.140
G1 X201.668 Y302.139
G1 X201.658 Y302.714
G1 X201.732 Y304.712
G1 X201.751 Y305.233
G1 X201.934 Y307.223
G1 X201.975 Y307.661
G1 X202.269 Y309.638
G1 X202.316 Y309.965
G1 X202.722 Y311.922
G1 X202.759 Y312.105
G1 X203.266 Y314.040
G1 X203.268 Y314.052
G1 X203.801 Y315.775
G1 X204.302 Y317.256
G1 X204.710 Y318.495
G1 X204.956 Y319.504
G1 X204.974 Y320.318
G1 X204.704 Y320.994
G1 X204.099 Y321.610
G1 X203.136 Y322.259
G1 X201.820 Y323.050
G1 X200.187 Y324.085
G1 X198.576 Y325.270
G1 X198.312 Y325.464
G1 X196.820 Y326.797
G1 X196.301 Y327.262
G1 X194.971 Y328.754
G1 X194.287 Y329.519
G1 X193.153 Y331.166
G1 X192.417 Y332.234
G1 X191.514 Y334.018
G1 X190.839 Y335.354
G1 X189.680 Y338.775
G1 X189.324 Y340.741
G1 X189.034 Y342.349
G1 X188.981 Y344.348
G1 X188.939 Y345.900
G1 X189.197 Y347.883
G1 X189.373 Y349.237
G1 X189.938 Y351.156
G1 X190.242 Y352.187
G1 X191.104 Y353.992
G1 X191.397 Y354.608
G1 X192.526 Y356.259
G1 X192.636 Y356.420
G1 X193.741 Y357.620
G1 X194.495 Y358.283
G1 X194.723 Y358.562
G1 X194.312 Y358.673
G1 X193.234 Y358.855
G1 X191.554 Y359.351
G1 X189.749 Y360.210
G1 X189.424 Y360.366
G1 X187.790 Y361.516
G1 X187.063 Y362.028
G1 X185.657 Y363.449
G1 X184.727 Y364.386
G1 X183.596 Y366.036
G1 X182.672 Y367.385
G1 X181.859 Y369.212
G1 X181.117 Y370.874
G1 X180.647 Y372.819
G1 X180.205 Y374.637
G1 X180.095 Y376.634
G1 X179.996 Y378.413
G1 X180.246 Y380.397
G1 X180.441 Y381.945
G1 X181.399 Y385.012
G1 X182.318 Y386.786
G1 X182.664 Y387.455
G1 X183.863 Y389.055
G1 X183.985 Y389.217
G1 X184.777 Y390.000
G1 X190.125 Y390.000
G1 X189.782 Y389.717
G1 X188.771 Y388.805
G1 X187.484 Y387.273
G1 X187.483 Y387.271
G1 X186.461 Y385.551
G1 X186.166 Y385.051
G1 X185.457 Y383.181
G1 X185.076 Y382.175
G1 X184.709 Y380.210
G1 X184.441 Y378.774
G1 X184.433 Y376.774
G1 X184.426 Y375.049
G1 X185.110 Y371.247
G1 X185.815 Y369.376
G1 X186.470 Y367.640
G1 X187.503 Y365.928
G1 X188.387 Y364.461
G1 X189.711 Y362.963
G1 X190.661 Y361.886
G1 X192.230 Y360.645
G1 X193.045 Y359.999
G1 X195.277 Y358.792
G1 X197.121 Y358.153
G1 X198.402 Y357.898
G1 X199.024 Y357.795
G1 X198.988 Y357.595
G1 X198.380 Y357.073
G1 X197.361 Y356.053
G1 X196.155 Y354.458
G1 X196.137 Y354.434
G1 X195.189 Y352.673
G1 X194.932 Y352.196
G1 X194.272 Y350.308
G1 X193.953 Y349.396
G1 X193.600 Y347.427
G1 X193.373 Y346.157
G1 X193.330 Y344.158
G1 X193.299 Y342.647
G1 X193.565 Y340.665
G1 X193.780 Y339.057
G1 X194.339 Y337.137
G1 X194.794 Y335.570
G1 X195.623 Y333.749
G1 X196.263 Y332.344
G1 X197.333 Y330.655
G1 X198.066 Y329.499
G1 X200.058 Y327.105
G1 X201.508 Y325.729
G1 X202.090 Y325.177
G1 X203.674 Y323.956
G1 X204.022 Y323.688
G1 X205.697 Y322.595
G1 X205.736 Y322.570
G1 X207.094 Y321.763
G1 X207.208 Y321.710
G1 X206.431 Y319.933
G1 X205.743 Y318.121
G1 X205.144 Y316.278
G1 X204.636 Y314.406
G1 X204.221 Y312.512
G1 X203.899 Y310.601
G1 X203.671 Y308.675
G1 X203.538 Y306.741
G1 X203.501 Y304.803
G1 X203.558 Y302.865
G1 X203.710 Y300.932
G1 X203.957 Y299.009
G1 X204.298 Y297.100
G1 X204.732 Y295.211
G1 X205.259 Y293.345
G1 X205.876 Y291.507
G1 X206.583 Y289.702
G1 X207.377 Y287.933
G1 X208.258 Y286.206
G1 X208.379 Y284.514
G1 X208.906 Y282.584
G1 X209.039 Y282.098
G1 X209.600 Y280.180
G1 X209.728 Y279.743
G1 X210.432 Y277.446
G1 X211.033 Y275.540
G1 X211.139 Y275.206
G1 X211.748 Y273.301
G1 X211.838 Y273.018
G1 X212.210 Y271.853
G1 X215.613 Y276.536
G1 X217.043 Y275.226
G1 X218.535 Y273.989
G1 X220.087 Y272.826
G1 X221.692 Y271.740
G1 X223.350 Y270.734
G1 X225.055 Y269.812
G1 X226.340 Y269.185
G1 X216.743 Y255.974
G1 X216.941 Y255.125
G1 X217.346 Y253.312
G1 X217.723 Y251.539
G1 X218.079 Y249.808
G1 X218.419 Y248.125
G1 X218.751 Y246.490
G1 X219.086 Y244.909
G1 X219.432 Y243.384
G1 X219.803 Y241.915
G1 X220.215 Y240.500
G1 X220.679 Y239.136
G1 X221.211 Y237.817
G1 X221.825 Y236.530
G1 X222.539 Y235.263
G1 X223.360 Y233.997
G1 X224.297 Y232.710
G1 X225.356 Y231.376
G1 X226.533 Y229.967
G1 X227.821 Y228.456
G1 X229.106 Y226.924
G1 X229.201 Y226.810
G1 X230.454 Y225.252
G1 X230.652 Y225.006
G1 X231.852 Y223.406
G1 X232.141 Y223.021
G1 X233.268 Y221.369
G1 X233.630 Y220.836
G1 X234.664 Y219.124
G1 X235.073 Y218.448
G1 X235.999 Y216.675
G1 X236.423 Y215.860
G1 X237.223 Y214.027
G1 X237.631 Y213.090
G1 X238.290 Y211.202
G1 X238.651 Y210.169
G1 X239.442 Y207.137
G1 X239.783 Y205.165
G1 X239.976 Y204.046
G1 X240.237 Y200.965
G1 X240.228 Y198.964
G1 X240.223 Y197.957
G1 X240.038 Y195.966
G1 X239.956 Y195.095
G1 X239.597 Y193.127
G1 X239.471 Y192.441
G1 X238.949 Y190.511
G1 X238.824 Y190.052
G1 X238.155 Y188.169
G1 X238.084 Y187.967
G1 X237.332 Y186.206
G1 X236.653 Y184.770
G1 X236.135 Y183.633
G1 X235.851 Y182.745
G1 X235.866 Y182.041
G1 X236.222 Y181.435
G1 X236.935 Y180.833
G1 X237.998 Y180.133
G1 X239.376 Y179.248
G1 X241.006 Y178.095
G1 X242.552 Y176.826
G1 X242.807 Y176.616
G1 X244.233 Y175.215
G1 X244.683 Y174.774
G1 X246.534 Y172.562
G1 X247.651 Y170.903
G1 X248.259 Y170.001
G1 X249.768 Y167.141
G1 X250.503 Y165.280
G1 X250.990 Y164.050
G1 X251.517 Y162.121
G1 X251.872 Y160.818
G1 X252.189 Y158.843
G1 X252.396 Y157.541
G1 X252.500 Y155.544
G1 X252.563 Y154.318
G1 X252.460 Y152.321
G1 X252.460 Y152.320
G1 X252.405 Y151.240
G1 X252.108 Y149.263
G1 X251.975 Y148.387
G1 X251.498 Y146.444
G1 X251.345 Y145.817
G1 X250.714 Y143.918
G1 X250.598 Y143.570
G1 X249.846 Y141.717
G1 X249.823 Y141.659
G1 X249.105 Y140.075
G1 X248.525 Y138.788
G1 X248.150 Y137.751
G1 X248.032 Y136.897
G1 X248.202 Y136.158
G1 X248.677 Y135.457
G1 X249.451 Y134.720
G1 X250.502 Y133.877
G1 X251.792 Y132.869
G1 X253.272 Y131.641
G1 X254.747 Y130.293
G1 X254.747 Y130.291
G1 X254.883 Y130.167
G1 X256.269 Y128.724
G1 X256.561 Y128.421
G1 X257.841 Y126.884
G1 X258.244 Y126.401
G1 X259.402 Y124.771
G1 X259.401 Y124.769
G1 X259.866 Y124.116
G1 X260.890 Y122.399
G1 X261.370 Y121.593
G1 X262.710 Y118.864
G1 X263.441 Y117.002
G1 X263.844 Y115.976
G1 X264.418 Y114.061
G1 X264.418 Y114.060
G1 X264.743 Y112.980
G1 X265.161 Y111.024
G1 X265.395 Y109.951
G1 X265.664 Y108.125
G1 X265.810 Y107.212
G1 X265.937 Y105.618
G1 X266.005 Y104.889
G1 X265.998 Y103.536
G1 X265.997 Y102.996
G1 X265.861 Y101.886
G1 X265.810 Y101.520
G1 X265.546 Y100.642
G1 X265.472 Y100.426
G1 X265.088 Y99.764
G1 X265.016 Y99.659
G1 X264.523 Y99.193
G1 X264.483 Y99.164
G1 X263.923 Y98.801
G1 X263.388 Y98.469
G1 X262.938 Y98.169
G1 X262.633 Y97.898
G1 X262.522 Y97.651
G1 X262.644 Y97.421
G1 X263.030 Y97.196
G1 X263.697 Y96.964
G1 X264.650 Y96.705
G1 X265.884 Y96.402
G1 X267.386 Y96.031
G1 X269.140 Y95.570
G1 X271.108 Y94.999
G1 X271.114 Y94.998
G1 X273.077 Y94.362
G1 X273.280 Y94.293
G1 X275.222 Y93.580
G1 X275.603 Y93.436
G1 X277.515 Y92.640
G1 X278.046 Y92.413
G1 X279.918 Y91.526
G1 X280.570 Y91.207
G1 X282.398 Y90.225
G1 X283.138 Y89.813
G1 X284.915 Y88.727
G1 X285.714 Y88.223
G1 X287.430 Y87.029
G1 X288.256 Y86.438
G1 X289.908 Y85.129
G1 X290.732 Y84.459
G1 X292.316 Y83.030
G1 X293.110 Y82.293
G1 X294.618 Y80.738
G1 X295.361 Y79.952
G1 X296.787 Y78.263
G1 X297.458 Y77.450
G1 X298.800 Y75.620
G1 X299.385 Y74.802
G1 X300.641 Y72.822
G1 X301.129 Y72.030
G1 X302.294 Y69.889
G1 X302.684 Y69.151
G1 X303.761 Y66.837
G1 X304.052 Y66.189
G1 X305.045 Y63.684
G1 X305.046 Y63.683
G1 X305.248 Y63.160
G1 X306.165 Y60.445
G1 X306.283 Y60.086
G1 X307.141 Y57.136
G1 X307.186 Y56.977
G1 X307.988 Y53.848
G1 X308.726 Y50.702
G1 X309.435 Y47.543
G1 X310.149 Y44.364
G1 X310.900 Y41.155
G1 X311.709 Y37.908
G1 X312.586 Y34.610
G1 X313.531 Y31.255
G1 X314.535 Y27.837
G1 X315.575 Y24.357
G1 X316.629 Y20.821
G1 X317.668 Y17.245
G1 X318.662 Y13.640
G1 X319.585 Y10.033
G1 X320.000 Y8.242
G1 X320.000 Y26.111
G1 X319.870 Y26.603
G1 X319.059 Y29.744
G1 X318.279 Y32.851
G1 X317.539 Y35.932
G1 X316.837 Y38.999
G1 X316.158 Y42.062
G1 X315.482 Y45.132
G1 X314.786 Y48.213
G1 X314.037 Y51.312
G1 X313.206 Y54.421
G1 X312.311 Y57.377
G1 X312.260 Y57.537
G1 X311.301 Y60.298
G1 X311.176 Y60.644
G1 X310.137 Y63.228
G1 X309.928 Y63.730
G1 X308.801 Y66.147
G1 X308.502 Y66.768
G1 X307.284 Y69.030
G1 X307.283 Y69.031
G1 X306.888 Y69.743
G1 X305.577 Y71.859
G1 X305.085 Y72.628
G1 X303.685 Y74.600
G1 X303.684 Y74.601
G1 X303.099 Y75.401
G1 X301.611 Y77.237
G1 X300.943 Y78.039
G1 X299.371 Y79.744
G1 X299.370 Y79.745
G1 X298.632 Y80.524
G1 X296.985 Y82.102
G1 X296.193 Y82.838
G1 X294.475 Y84.294
G1 X293.658 Y84.967
G1 X291.871 Y86.306
G1 X291.053 Y86.903
G1 X289.210 Y88.127
G1 X288.417 Y88.639
G1 X286.522 Y89.755
G1 X285.788 Y90.174
G1 X283.850 Y91.187
G1 X283.206 Y91.513
G1 X281.230 Y92.427
G1 X280.710 Y92.660
G1 X278.705 Y93.484
G1 X278.341 Y93.628
G1 X276.319 Y94.370
G1 X276.137 Y94.435
G1 X274.130 Y95.096
G1 X272.356 Y95.632
G1 X270.842 Y96.067
G1 X269.606 Y96.421
G1 X268.659 Y96.718
G1 X268.008 Y96.977
G1 X267.637 Y97.217
G1 X267.529 Y97.454
G1 X267.647 Y97.701
G1 X267.943 Y97.967
G1 X268.363 Y98.260
G1 X268.845 Y98.582
G1 X269.326 Y98.944
G1 X269.328 Y98.945
G1 X269.715 Y99.434
G1 X269.763 Y99.503
G1 X270.046 Y100.185
G1 X270.110 Y100.362
G1 X270.278 Y101.260
G1 X270.334 Y101.583
G1 X270.381 Y102.710
G1 X270.404 Y103.211
G1 X270.324 Y104.572
G1 X270.294 Y105.272
G1 X270.084 Y106.865
G1 X269.981 Y107.762
G1 X269.637 Y109.576
G1 X269.637 Y109.577
G1 X269.451 Y110.656
G1 X268.959 Y112.593
G1 X268.677 Y113.706
G1 X268.023 Y115.596
G1 X267.650 Y116.675
G1 X266.838 Y118.503
G1 X266.394 Y119.506
G1 X264.944 Y122.142
G1 X263.839 Y123.809
G1 X263.349 Y124.548
G1 X262.113 Y126.120
G1 X261.665 Y126.689
G1 X260.311 Y128.161
G1 X259.957 Y128.548
G1 X258.505 Y129.923
G1 X258.292 Y130.124
G1 X256.762 Y131.412
G1 X256.738 Y131.432
G1 X255.359 Y132.502
G1 X254.209 Y133.381
G1 X253.333 Y134.128
G1 X252.761 Y134.815
G1 X252.501 Y135.517
G1 X252.545 Y136.314
G1 X252.863 Y137.281
G1 X253.407 Y138.488
G1 X254.111 Y139.987
G1 X254.895 Y141.817
G1 X255.567 Y143.700
G1 X255.671 Y143.991
G1 X256.192 Y145.920
G1 X256.347 Y146.494
G1 X256.690 Y148.466
G1 X256.835 Y149.302
G1 X256.982 Y151.296
G1 X256.981 Y151.297
G1 X257.060 Y152.352
G1 X256.999 Y154.351
G1 X256.962 Y155.567
G1 X256.687 Y157.548
G1 X256.505 Y158.854
G1 X255.679 Y162.114
G1 X254.976 Y163.986
G1 X254.503 Y165.244
G1 X253.597 Y167.027
G1 X253.024 Y168.154
G1 X251.929 Y169.828
G1 X251.313 Y170.767
G1 X250.047 Y172.315
G1 X249.461 Y173.030
G1 X248.045 Y174.441
G1 X247.570 Y174.917
G1 X246.029 Y176.193
G1 X245.743 Y176.432
G1 X244.109 Y177.587
G1 X244.079 Y177.608
G1 X242.666 Y178.505
G1 X241.570 Y179.203
G1 X240.828 Y179.798
G1 X240.452 Y180.386
G1 X240.426 Y181.070
G1 X240.708 Y181.937
G1 X241.232 Y183.057
G1 X241.921 Y184.482
G1 X242.687 Y186.238
G1 X243.366 Y188.119
G1 X243.440 Y188.327
G1 X243.970 Y190.255
G1 X244.099 Y190.726
G1 X244.462 Y192.692
G1 X244.591 Y193.395
G1 X244.776 Y195.385
G1 X244.858 Y196.275
G1 X244.862 Y198.275
G1 X244.864 Y199.300
G1 X244.687 Y201.293
G1 X244.589 Y202.399
G1 X244.237 Y204.368
G1 X244.034 Y205.501
G1 X243.217 Y208.540
G1 X242.542 Y210.423
G1 X242.169 Y211.462
G1 X241.352 Y213.288
G1 X240.932 Y214.223
G1 X239.988 Y215.986
G1 X239.556 Y216.794
G1 X238.503 Y218.493
G1 X238.089 Y219.159
G1 X236.944 Y220.798
G1 X236.583 Y221.314
G1 X235.365 Y222.901
G1 X235.083 Y223.268
G1 X233.813 Y224.813
G1 X233.628 Y225.038
G1 X232.327 Y226.557
G1 X232.251 Y226.648
G1 X230.973 Y228.126
G1 X229.812 Y229.502
G1 X228.774 Y230.809
G1 X227.863 Y232.073
G1 X227.070 Y233.320
G1 X226.387 Y234.573
G1 X225.800 Y235.850
G1 X225.300 Y237.164
G1 X224.863 Y238.526
G1 X224.481 Y239.943
G1 X224.134 Y241.415
G1 X223.810 Y242.945
G1 X223.497 Y244.533
G1 X223.183 Y246.173
G1 X222.859 Y247.864
G1 X222.517 Y249.601
G1 X222.151 Y251.380
G1 X221.756 Y253.197
G1 X221.328 Y255.049
G1 X220.865 Y256.936
G1 X220.366 Y258.851
G1 X219.943 Y260.381
G1 X226.340 Y269.185
G1 X224.603 Y270.046
G1 X222.910 Y270.991
G1 X221.265 Y272.017
G1 X219.673 Y273.124
G1 X218.137 Y274.307
G1 X216.661 Y275.564
G1 X215.248 Y276.891
G1 X213.904 Y278.287
G1 X212.627 Y279.747
G1 X211.424 Y281.268
G1 X210.298 Y282.846
G1 X209.250 Y284.477
G1 X208.284 Y286.159
G1 X207.401 Y287.884
G1 X206.604 Y289.651
G1 X205.895 Y291.455
G1 X205.275 Y293.291
G1 X204.746 Y295.158
G1 X204.309 Y297.047
G1 X203.965 Y298.955
G1 X203.716 Y300.877
G1 X203.561 Y302.810
G1 X203.501 Y304.748
G1 X203.536 Y306.686
G1 X203.666 Y308.620
G1 X203.891 Y310.546
G1 X204.211 Y312.458
G1 X204.623 Y314.353
G1 X205.128 Y316.223
G1 X205.725 Y318.069
G1 X206.411 Y319.882
G1 X207.185 Y321.660
G1 X207.161 Y323.544
G1 X205.664 Y324.871
G1 X205.148 Y325.326
G1 X203.810 Y326.814
G1 X203.128 Y327.573
G1 X201.250 Y330.277
G1 X200.340 Y332.058
G1 X199.661 Y333.388
G1 X199.013 Y335.281
G1 X198.490 Y336.805
G1 X198.127 Y338.772
G1 X197.831 Y340.378
G1 X197.771 Y342.377
G1 X197.724 Y343.931
G1 X197.974 Y345.916
G1 X198.145 Y347.277
G1 X198.703 Y349.198
G1 X199.005 Y350.236
G1 X199.859 Y352.045
G1 X199.860 Y352.046
G1 X200.154 Y352.671
G1 X201.276 Y354.327
G1 X201.393 Y354.499
G1 X202.503 Y355.715
G1 X203.269 Y356.391
G1 X203.511 Y356.681
G1 X203.118 Y356.793
G1 X202.059 Y356.971
G1 X200.396 Y357.456
G1 X198.586 Y358.306
G1 X198.277 Y358.451
G1 X196.637 Y359.594
G1 X195.919 Y360.094
G1 X194.506 Y361.508
G1 X194.506 Y361.509
G1 X193.580 Y362.432
G1 X192.440 Y364.075
G1 X192.439 Y364.076
G1 X191.513 Y365.413
G1 X190.688 Y367.235
G1 X189.939 Y368.894
G1 X189.458 Y370.833
G1 X189.008 Y372.650
G1 X188.887 Y374.647
G1 X188.779 Y376.435
G1 X189.020 Y378.418
G1 X189.209 Y379.977
G1 X189.799 Y381.887
G1 X190.160 Y383.058
G1 X191.073 Y384.837
G1 X191.424 Y385.519
G1 X192.622 Y387.121
G1 X192.752 Y387.295
G1 X193.887 Y388.414
G1 X194.613 Y388.999
G1 X194.766 Y389.238
G1 X194.354 Y389.348
G1 X196.256 Y388.823
G1 X198.088 Y388.274
G1 X198.215 Y388.235
G1 X199.056 Y388.071
G1 X199.246 Y387.921
G1 X198.812 Y387.546
G1 X197.875 Y386.731
G1 X196.622 Y385.317
G1 X195.553 Y383.628
G1 X195.297 Y383.224
G1 X194.529 Y381.378
G1 X194.151 Y380.467
G1 X193.719 Y378.515
G1 X193.418 Y377.156
G1 X193.341 Y375.157
G1 X193.278 Y373.479
G1 X193.560 Y371.499
G1 X193.821 Y369.680
G1 X195.049 Y366.022
G1 X196.858 Y362.745
G1 X198.123 Y361.195
G1 X199.070 Y360.035
G1 X200.586 Y358.733
G1 X201.442 Y357.999
G1 X203.160 Y356.975
G1 X203.719 Y356.645
G1 X205.581 Y355.914
G1 X205.661 Y355.883
G1 X207.079 Y355.547
G1 X207.862 Y355.418
G1 X207.985 Y355.252
G1 X207.517 Y354.820
G1 X206.596 Y353.936
G1 X205.417 Y352.480
G1 X204.401 Y350.757
G1 X204.197 Y350.410
G1 X203.459 Y348.551
G1 X203.147 Y347.763
G1 X202.708 Y345.812
G1 X202.445 Y344.643
G1 X202.314 Y342.648
G1 X202.220 Y341.206
G1 X202.395 Y339.214
G1 X202.533 Y337.632
G1 X203.003 Y335.688
G1 X203.385 Y334.105
G1 X204.715 Y330.790
G1 X205.708 Y329.057
G1 X206.416 Y327.820
G1 X208.330 Y325.305
G1 X208.915 Y324.962
G1 X207.977 Y323.265
G1 X207.123 Y321.525
G1 X206.355 Y319.744
G1 X205.676 Y317.929
G1 X205.086 Y316.082
G1 X204.588 Y314.208
G1 X204.183 Y312.312
G1 X203.871 Y310.399
G1 X203.653 Y308.472
G1 X203.530 Y306.537
G1 X203.502 Y304.599
G1 X203.568 Y302.661
G1 X203.732 Y300.729
G1 X203.988 Y298.807
G1 X204.339 Y296.901
G1 X204.782 Y295.014
G1 X205.319 Y293.149
G1 X205.946 Y291.316
G1 X206.662 Y289.514
G1 X207.466 Y287.750
G1 X208.355 Y286.027
G1 X209.328 Y284.349
G1 X210.382 Y282.722
G1 X211.515 Y281.149
G1 X212.722 Y279.633
G1 X214.003 Y278.177
G1 X215.354 Y276.787
G1 X216.772 Y275.464
G1 X218.252 Y274.213
G1 X219.793 Y273.036
G1 X221.390 Y271.936
G1 X223.038 Y270.915
G1 X224.735 Y269.977
G1 X226.340 Y269.185
G1 X222.858 Y264.392
G1 X223.377 Y262.731
G1 X223.417 Y262.602
G1 X223.992 Y260.687
G1 X224.019 Y260.598
G1 X224.570 Y258.677
G1 X224.584 Y258.629
G1 X225.109 Y256.699
G1 X225.112 Y256.689
G1 X225.602 Y254.781
G1 X226.055 Y252.903
G1 X226.473 Y251.059
G1 X226.858 Y249.250
G1 X227.215 Y247.482
G1 X227.550 Y245.756
G1 X227.867 Y244.077
G1 X228.177 Y242.449
G1 X228.488 Y240.877
G1 X228.812 Y239.362
G1 X229.164 Y237.905
G1 X229.555 Y236.505
G1 X230.004 Y235.159
G1 X230.522 Y233.859
G1 X231.131 Y232.595
G1 X231.839 Y231.350
G1 X232.664 Y230.107
G1 X233.611 Y228.840
G1 X234.685 Y227.523
G1 X235.884 Y226.127
G1 X237.198 Y224.619
G1 X238.497 Y223.098
G1 X238.609 Y222.968
G1 X239.871 Y221.416
G1 X240.089 Y221.146
G1 X241.293 Y219.548
G1 X241.605 Y219.131
G1 X242.728 Y217.476
G1 X243.113 Y216.908
G1 X244.137 Y215.190
G1 X244.565 Y214.471
G1 X245.471 Y212.688
G1 X245.908 Y211.827
G1 X246.679 Y209.982
G1 X247.092 Y208.997
G1 X247.713 Y207.096
G1 X248.067 Y206.018
G1 X248.525 Y204.071
G1 X248.793 Y202.937
G1 X249.079 Y200.958
G1 X249.244 Y199.816
G1 X249.349 Y197.819
G1 X249.406 Y196.725
G1 X249.287 Y193.738
G1 X249.024 Y191.755
G1 X248.913 Y190.927
G1 X248.472 Y188.976
G1 X248.471 Y188.976
G1 X248.333 Y188.358
G1 X247.726 Y186.452
G1 X247.610 Y186.084
G1 X246.863 Y184.228
G1 X246.827 Y184.140
G1 X246.071 Y182.537
G1 X245.435 Y181.264
G1 X245.006 Y180.281
G1 X244.859 Y179.524
G1 X245.050 Y178.912
G1 X245.610 Y178.347
G1 X246.541 Y177.726
G1 X247.817 Y176.947
G1 X249.384 Y175.920
G1 X250.977 Y174.710
G1 X251.161 Y174.571
G1 X252.641 Y173.226
G1 X253.051 Y172.854
G1 X254.391 Y171.369
G1 X254.948 Y170.751
G1 X256.745 Y168.275
G1 X257.734 Y166.537
G1 X258.341 Y165.471
G1 X259.128 Y163.633
G1 X259.654 Y162.406
G1 X260.626 Y159.171
G1 X261.224 Y155.868
G1 X261.362 Y153.873
G1 X261.449 Y152.600
G1 X261.370 Y150.603
G1 X261.325 Y149.468
G1 X260.909 Y146.558
G1 X260.438 Y144.614
G1 X260.273 Y143.938
G1 X259.635 Y142.043
G1 X259.503 Y141.650
G1 X258.732 Y139.808
G1 X258.695 Y139.717
G1 X257.943 Y138.128
G1 X257.331 Y136.853
G1 X256.933 Y135.840
G1 X256.807 Y135.025
G1 X256.988 Y134.323
G1 X257.492 Y133.660
G1 X258.312 Y132.951
G1 X260.778 Y131.101
G1 X262.325 Y129.844
G1 X263.801 Y128.496
G1 X263.999 Y128.315
G1 X265.374 Y126.862
G1 X265.725 Y126.491
G1 X266.984 Y124.936
G1 X267.435 Y124.376
G1 X268.559 Y122.724
G1 X269.060 Y121.986
G1 X270.038 Y120.241
G1 X270.538 Y119.350
G1 X271.360 Y117.526
G1 X271.818 Y116.514
G1 X272.861 Y113.531
G1 X273.645 Y110.461
G1 X273.979 Y108.542
G1 X274.178 Y107.516
G1 X274.382 Y105.813
G1 X274.502 Y104.969
G1 X274.584 Y103.503
G1 X274.633 Y102.856
G1 X274.600 Y101.635
G1 X274.595 Y101.182
G1 X274.454 Y100.206
G1 X274.413 Y99.926
G1 X274.171 Y99.185
G1 X274.120 Y99.041
G1 X273.785 Y98.517
G1 X273.748 Y98.470
G1 X273.340 Y98.111
G1 X272.931 Y97.807
G1 X272.587 Y97.532
G1 X272.368 Y97.279
G1 X272.334 Y97.038
G1 X272.528 Y96.793
G1 X272.990 Y96.530
G1 X273.736 Y96.231
G1 X274.778 Y95.877
G1 X276.108 Y95.443
G1 X277.716 Y94.911
G1 X279.575 Y94.256
G1 X281.625 Y93.473
G1 X281.661 Y93.458
G1 X283.692 Y92.604
G1 X283.937 Y92.499
G1 X285.938 Y91.567
G1 X285.939 Y91.566
G1 X286.363 Y91.362
G1 X288.326 Y90.345
G1 X288.903 Y90.036
G1 X290.820 Y88.927
G1 X291.514 Y88.514
G1 X293.377 Y87.308
G1 X294.154 Y86.789
G1 X295.959 Y85.482
G1 X296.787 Y84.865
G1 X298.527 Y83.452
G1 X299.372 Y82.745
G1 X301.043 Y81.222
G1 X301.878 Y80.440
G1 X303.473 Y78.804
G1 X304.266 Y77.964
G1 X305.786 Y76.209
G1 X306.520 Y75.333
G1 X307.955 Y73.456
G1 X308.614 Y72.570
G1 X309.964 Y70.565
G1 X310.530 Y69.695
G1 X311.791 Y67.559
G1 X312.262 Y66.735
G1 X313.435 Y64.458
G1 X313.805 Y63.714
G1 X314.893 Y61.288
G1 X315.166 Y60.656
G1 X316.171 Y58.071
G1 X316.354 Y57.581
G1 X317.286 Y54.824
G1 X317.385 Y54.512
G1 X318.253 Y51.569
G1 X318.283 Y51.462
G1 X319.071 Y48.444
G1 X319.780 Y45.460
G1 X320.000 Y44.469
G1 X320.000 Y56.647
G1 X319.529 Y57.919
G1 X319.370 Y58.329
G1 X318.331 Y60.786
G1 X318.089 Y61.338
G1 X316.963 Y63.670
G1 X316.633 Y64.333
G1 X315.421 Y66.544
G1 X314.995 Y67.295
G1 X313.692 Y69.388
G1 X313.174 Y70.194
G1 X311.783 Y72.173
G1 X311.178 Y73.008
G1 X309.701 Y74.875
G1 X309.017 Y75.714
G1 X307.460 Y77.469
G1 X306.712 Y78.285
G1 X305.077 Y79.930
G1 X304.285 Y80.705
G1 X302.577 Y82.241
G1 X301.765 Y82.952
G1 X299.989 Y84.386
G1 X299.183 Y85.015
G1 X297.346 Y86.347
G1 X296.579 Y86.884
G1 X294.686 Y88.117
G1 X293.990 Y88.556
G1 X292.048 Y89.694
G1 X291.457 Y90.029
G1 X289.472 Y91.077
G1 X289.019 Y91.309
G1 X287.004 Y92.273
G1 X286.719 Y92.404
G1 X284.682 Y93.291
G1 X284.596 Y93.326
G1 X282.685 Y94.093
G1 X281.018 Y94.719
G1 X279.619 Y95.230
G1 X278.505 Y95.646
G1 X277.682 Y95.988
G1 X277.144 Y96.278
G1 X276.871 Y96.535
G1 X276.828 Y96.777
G1 X276.970 Y97.022
G1 X277.240 Y97.283
G1 X277.574 Y97.574
G1 X277.921 Y97.966
G1 X278.213 Y98.544
G1 X278.245 Y98.613
G1 X278.454 Y99.392
G1 X278.505 Y99.582
G1 X278.620 Y100.581
G1 X278.664 Y100.935
G1 X278.678 Y102.166
G1 X278.693 Y102.716
G1 X278.599 Y104.182
G1 X278.565 Y104.945
G1 X278.356 Y106.637
G1 X278.255 Y107.612
G1 X277.919 Y109.513
G1 X277.733 Y110.651
G1 X277.239 Y112.589
G1 X276.946 Y113.739
G1 X276.283 Y115.626
G1 X275.891 Y116.738
G1 X275.059 Y118.557
G1 X274.592 Y119.584
G1 X273.090 Y122.220
G1 X271.951 Y123.864
G1 X271.439 Y124.602
G1 X270.164 Y126.143
G1 X269.705 Y126.697
G1 X267.960 Y128.489
G1 X266.279 Y129.980
G1 X264.736 Y131.192
G1 X263.398 Y132.163
G1 X262.325 Y132.952
G1 X261.555 Y133.628
G1 X261.117 Y134.273
G1 X261.009 Y134.970
G1 X261.212 Y135.808
G1 X261.681 Y136.865
G1 X262.354 Y138.211
G1 X263.150 Y139.886
G1 X263.901 Y141.739
G1 X263.975 Y141.922
G1 X264.578 Y143.829
G1 X264.732 Y144.320
G1 X265.155 Y146.273
G1 X265.323 Y147.046
G1 X265.547 Y149.033
G1 X265.661 Y150.051
G1 X265.672 Y152.051
G1 X265.678 Y153.255
G1 X265.466 Y155.244
G1 X265.325 Y156.565
G1 X264.890 Y158.516
G1 X264.586 Y159.871
G1 X263.930 Y161.761
G1 X263.474 Y163.069
G1 X262.604 Y164.870
G1 X262.033 Y166.054
G1 X260.962 Y167.744
G1 X260.331 Y168.743
G1 X259.081 Y170.304
G1 X258.466 Y171.073
G1 X257.058 Y172.493
G1 X256.543 Y173.012
G1 X255.004 Y174.288
G1 X254.674 Y174.561
G1 X253.034 Y175.706
G1 X252.967 Y175.752
G1 X251.515 Y176.645
G1 X250.388 Y177.325
G1 X249.629 Y177.893
G1 X249.253 Y178.454
G1 X249.240 Y179.113
G1 X249.547 Y179.965
G1 X250.104 Y181.084
G1 X250.827 Y182.523
G1 X251.622 Y184.309
G1 X252.304 Y186.188
G1 X252.395 Y186.437
G1 X252.918 Y188.367
G1 X253.058 Y188.886
G1 X253.405 Y190.855
G1 X253.538 Y191.606
G1 X253.700 Y193.600
G1 X253.776 Y194.536
G1 X253.750 Y196.536
G1 X253.737 Y197.602
G1 X253.526 Y199.591
G1 X253.405 Y200.728
G1 X253.016 Y202.690
G1 X252.786 Y203.842
G1 X251.902 Y206.875
G1 X251.186 Y208.742
G1 X250.790 Y209.774
G1 X249.932 Y211.582
G1 X249.498 Y212.497
G1 X248.076 Y215.016
G1 X246.579 Y217.321
G1 X245.402 Y218.937
G1 X245.056 Y219.411
G1 X243.557 Y221.301
G1 X242.268 Y222.830
G1 X242.116 Y223.009
G1 X240.804 Y224.520
G1 X240.765 Y224.566
G1 X239.524 Y226.001
G1 X238.405 Y227.345
G1 X237.414 Y228.630
G1 X236.546 Y229.884
G1 X235.796 Y231.131
G1 X235.151 Y232.394
G1 X234.599 Y233.688
G1 X234.122 Y235.025
G1 X233.705 Y236.413
G1 X233.332 Y237.858
G1 X232.989 Y239.360
G1 X232.662 Y240.920
G1 X232.340 Y242.536
G1 X232.012 Y244.204
G1 X231.670 Y245.919
G1 X231.307 Y247.682
G1 X230.917 Y249.481
G1 X230.497 Y251.319
G1 X230.043 Y253.193
G1 X229.554 Y255.099
G1 X229.029 Y257.029
G1 X229.027 Y257.038
G1 X228.477 Y258.961
G1 X228.464 Y259.010
G1 X227.893 Y260.926
G1 X227.866 Y261.016
G1 X227.275 Y262.929
G1 X227.234 Y263.060
G1 X226.629 Y264.964
G1 X226.629 Y264.965
G1 X226.573 Y265.141
G1 X225.959 Y267.044
G1 X225.888 Y267.266
G1 X225.597 Y268.162
G1 X226.340 Y269.185
G1 X224.603 Y270.046
G1 X222.910 Y270.991
G1 X221.265 Y272.017
G1 X219.673 Y273.124
G1 X218.137 Y274.307
G1 X216.661 Y275.564
G1 X215.248 Y276.891
G1 X213.904 Y278.287
G1 X212.627 Y279.747
G1 X211.424 Y281.268
G1 X210.298 Y282.846
G1 X209.250 Y284.477
G1 X208.284 Y286.159
G1 X207.401 Y287.884
G1 X206.604 Y289.651
G1 X205.895 Y291.455
G1 X205.275 Y293.291
G1 X204.746 Y295.158
G1 X204.309 Y297.047
G1 X203.965 Y298.955
G1 X203.716 Y300.877
G1 X203.561 Y302.810
G1 X203.501 Y304.748
G1 X203.536 Y306.686
G1 X203.666 Y308.620
G1 X203.891 Y310.546
G1 X204.211 Y312.458
G1 X204.623 Y314.353
G1 X205.128 Y316.223
G1 X205.725 Y318.069
G1 X206.411 Y319.882
G1 X207.185 Y321.660
G1 X208.046 Y323.397
G1 X208.992 Y325.090
G1 X210.018 Y326.735
G1 X209.978 Y327.873
G1 X209.283 Y329.108
G1 X208.547 Y330.968
G1 X207.973 Y332.418
G1 X207.511 Y334.363
G1 X207.510 Y334.364
G1 X207.137 Y335.933
G1 X206.964 Y337.925
G1 X206.829 Y339.492
G1 X206.958 Y341.488
G1 X207.050 Y342.916
G1 X207.483 Y344.868
G1 X207.739 Y346.026
G1 X208.468 Y347.889
G1 X208.773 Y348.674
G1 X209.774 Y350.405
G1 X209.977 Y350.755
G1 X211.147 Y352.233
G1 X212.070 Y353.145
G1 X212.556 Y353.606
G1 X212.462 Y353.793
G1 X211.720 Y353.930
G1 X210.349 Y354.255
G1 X208.482 Y354.974
G1 X208.450 Y354.986
G1 X206.722 Y355.992
G1 X206.204 Y356.293
G1 X204.670 Y357.576
G1 X203.841 Y358.269
G1 X202.553 Y359.799
G1 X201.614 Y360.913
G1 X200.618 Y362.646
G1 X199.763 Y364.132
G1 X199.091 Y366.015
G1 X198.471 Y367.750
G1 X198.146 Y369.724
G1 X197.848 Y371.537
G1 X197.881 Y373.536
G1 X197.909 Y375.231
G1 X198.295 Y377.193
G1 X198.570 Y378.592
G1 X199.293 Y380.457
G1 X199.667 Y381.424
G1 X200.694 Y383.140
G1 X200.976 Y383.607
G1 X202.245 Y385.117
G1 X203.234 Y386.011
G1 X203.745 Y386.445
G1 X203.653 Y386.620
G1 X202.912 Y386.772
G1 X201.733 Y387.073
G1 X203.285 Y386.536
G1 X204.735 Y386.043
G1 X204.833 Y386.010
G1 X206.548 Y385.369
G1 X207.743 Y385.076
G1 X208.321 Y384.932
G1 X208.262 Y384.704
G1 X207.628 Y384.168
G1 X206.564 Y383.134
G1 X205.339 Y381.554
G1 X205.278 Y381.474
G1 X204.319 Y379.720
G1 X204.006 Y379.147
G1 X203.358 Y377.255
G1 X202.996 Y376.196
G1 X202.684 Y374.222
G1 X202.454 Y372.761
G1 X202.494 Y370.762
G1 X202.528 Y369.042
G1 X202.921 Y367.081
G1 X203.280 Y365.284
G1 X204.012 Y363.423
G1 X204.676 Y361.734
G1 X206.596 Y358.614
G1 X207.924 Y357.118
G1 X208.847 Y356.081
G1 X211.191 Y354.211
G1 X212.937 Y353.238
G1 X213.384 Y352.989
G1 X215.208 Y352.312
G1 X216.496 Y352.008
G1 X217.159 Y351.859
G1 X217.192 Y351.637
G1 X216.668 Y351.124
G1 X215.732 Y350.156
G1 X214.569 Y348.629
G1 X213.597 Y346.882
G1 X213.390 Y346.512
G1 X212.686 Y344.640
G1 X212.388 Y343.845
G1 X211.974 Y341.889
G1 X211.730 Y340.732
G1 X211.614 Y338.736
G1 X211.532 Y337.321
G1 X211.713 Y335.329
G1 X211.853 Y333.781
G1 X212.317 Y331.836
G1 X212.678 Y330.316
G1 X211.473 Y328.798
G1 X210.344 Y327.222
G1 X209.293 Y325.593
G1 X208.323 Y323.914
G1 X207.437 Y322.190
G1 X206.636 Y320.424
G1 X205.923 Y318.621
G1 X205.300 Y316.786
G1 X204.766 Y314.920
G1 X204.325 Y313.033
G1 X203.978 Y311.126
G1 X203.724 Y309.204
G1 X203.565 Y307.272
G1 X203.501 Y305.334
G1 X203.533 Y303.396
G1 X203.659 Y301.460
G1 X203.880 Y299.535
G1 X204.195 Y297.622
G1 X204.604 Y295.727
G1 X205.105 Y293.854
G1 X205.698 Y292.008
G1 X206.380 Y290.193
G1 X207.152 Y288.414
G1 X208.008 Y286.675
G1 X208.949 Y284.979
G1 X209.974 Y283.334
G1 X211.075 Y281.739
G1 X212.255 Y280.201
G1 X213.509 Y278.722
G1 X214.834 Y277.307
G1 X216.227 Y275.958
G1 X217.684 Y274.679
G1 X219.202 Y273.473
G1 X220.779 Y272.344
G1 X222.407 Y271.293
G1 X224.086 Y270.323
G1 X225.809 Y269.437
G1 X227.576 Y268.636
G1 X229.379 Y267.922
G1 X229.675 Y267.638
G1 X230.270 Y265.729
G1 X230.354 Y265.459
G1 X230.949 Y263.550
G1 X231.017 Y263.328
G1 X231.605 Y261.417
G1 X231.659 Y261.243
G1 X232.234 Y259.327
G1 X232.273 Y259.198
G1 X232.832 Y257.278
G1 X232.857 Y257.193
G1 X233.396 Y255.268
G1 X233.409 Y255.225
G1 X233.927 Y253.294
G1 X234.412 Y251.398
G1 X234.865 Y249.539
G1 X235.286 Y247.719
G1 X235.684 Y245.939
G1 X236.058 Y244.204
G1 X236.417 Y242.517
G1 X236.769 Y240.880
G1 X237.122 Y239.299
G1 X237.488 Y237.771
G1 X237.880 Y236.301
G1 X238.309 Y234.886
G1 X238.794 Y233.523
G1 X239.349 Y232.204
G1 X239.989 Y230.918
G1 X240.729 Y229.651
G1 X241.582 Y228.382
G1 X242.554 Y227.087
G1 X243.652 Y225.740
G1 X244.871 Y224.312
G1 X246.176 Y222.796
G1 X246.201 Y222.767
G1 X247.490 Y221.237
G1 X247.625 Y221.077
G1 X248.873 Y219.514
G1 X249.113 Y219.213
G1 X250.299 Y217.603
G1 X250.630 Y217.153
G1 X251.734 Y215.485
G1 X251.733 Y215.483
G1 X252.132 Y214.880
G1 X253.130 Y213.148
G1 X253.567 Y212.393
G1 X254.444 Y210.596
G1 X254.882 Y209.699
G1 X255.620 Y207.840
G1 X256.024 Y206.822
G1 X256.607 Y204.909
G1 X256.944 Y203.802
G1 X257.359 Y201.846
G1 X257.604 Y200.693
G1 X257.839 Y198.707
G1 X257.975 Y197.558
G1 X258.023 Y195.559
G1 X258.050 Y194.474
G1 X257.909 Y192.479
G1 X257.841 Y191.516
G1 X257.512 Y189.544
G1 X257.381 Y188.762
G1 X256.872 Y186.828
G1 X256.872 Y186.827
G1 X256.727 Y186.275
G1 X256.054 Y184.393
G1 X255.952 Y184.108
G1 X255.145 Y182.291
G1 X254.399 Y180.826
G1 X253.817 Y179.691
G1 X253.482 Y178.831
G1 X253.468 Y178.174
G1 X253.823 Y177.624
G1 X254.568 Y177.073
G1 X255.691 Y176.412
G1 X257.146 Y175.534
G1 X258.794 Y174.402
G1 X258.864 Y174.355
G1 X260.408 Y173.086
G1 X260.409 Y173.085
G1 X260.745 Y172.810
G1 X262.159 Y171.393
G1 X262.684 Y170.866
G1 X263.936 Y169.307
G1 X264.563 Y168.522
G1 X265.629 Y166.831
G1 X266.270 Y165.813
G1 X267.710 Y162.803
G1 X268.356 Y160.910
G1 X268.808 Y159.580
G1 X269.228 Y157.625
G1 X269.522 Y156.252
G1 X269.839 Y152.930
G1 X269.804 Y150.931
G1 X269.802 Y150.930
G1 X269.781 Y149.724
G1 X269.527 Y147.742
G1 X269.398 Y146.732
G1 X268.941 Y144.785
G1 X268.766 Y144.033
G1 X268.127 Y142.137
G1 X267.975 Y141.681
G1 X267.188 Y139.842
G1 X267.127 Y139.699
G1 X266.327 Y138.087
G1 X265.668 Y136.810
G1 X265.234 Y135.818
G1 X265.084 Y135.034
G1 X265.263 Y134.377
G1 X265.787 Y133.755
G1 X266.643 Y133.076
G1 X267.807 Y132.260
G1 X269.227 Y131.236
G1 X270.790 Y129.989
G1 X270.838 Y129.951
G1 X272.568 Y128.367
G1 X273.933 Y126.904
G1 X274.339 Y126.470
G1 X275.573 Y124.896
G1 X276.068 Y124.263
G1 X277.159 Y122.587
G1 X277.688 Y121.772
G1 X278.618 Y120.002
G1 X279.129 Y119.034
G1 X279.895 Y117.186
G1 X280.343 Y116.103
G1 X280.936 Y114.192
G1 X281.293 Y113.042
G1 X281.710 Y111.085
G1 X281.959 Y109.918
G1 X282.202 Y107.943
G1 X282.352 Y106.866
G1 X282.472 Y105.078
G1 X282.549 Y104.202
G1 X282.561 Y102.651
G1 X282.581 Y101.992
G1 X282.498 Y100.684
G1 X282.479 Y100.235
G1 X282.311 Y99.169
G1 X282.272 Y98.904
G1 X282.031 Y98.068
G1 X281.995 Y97.948
G1 X281.696 Y97.323
G1 X281.683 Y97.301
G1 X281.384 Y96.889
G1 X281.137 Y96.619
G1 X280.982 Y96.374
G1 X280.981 Y96.131
G1 X281.184 Y95.877
G1 X281.630 Y95.587
G1 X282.346 Y95.244
G1 X283.346 Y94.825
G1 X284.626 Y94.308
G1 X286.175 Y93.672
G1 X287.971 Y92.899
G1 X289.978 Y91.974
G1 X289.986 Y91.971
G1 X291.971 Y90.980
G1 X292.183 Y90.872
G1 X294.135 Y89.808
G1 X294.527 Y89.589
G1 X296.435 Y88.449
G1 X296.975 Y88.116
G1 X298.833 Y86.893
G1 X299.487 Y86.450
G1 X301.288 Y85.143
G1 X302.023 Y84.590
G1 X303.762 Y83.193
G1 X303.763 Y83.192
G1 X304.545 Y82.544
G1 X306.217 Y81.055
G1 X307.016 Y80.321
G1 X308.616 Y78.738
G1 X309.403 Y77.935
G1 X310.928 Y76.258
G1 X311.679 Y75.404
G1 X313.125 Y73.628
G1 X313.818 Y72.749
G1 X315.183 Y70.873
G1 X315.805 Y69.992
G1 X317.087 Y68.013
G1 X317.623 Y67.157
G1 X318.821 Y65.074
G1 X319.268 Y64.271
G1 X320.000 Y62.831
G1 X320.000 Y66.809
G1 X319.569 Y67.521
G1 X318.300 Y69.458
G1 X317.757 Y70.261
G1 X316.405 Y72.111
G1 X315.788 Y72.932
G1 X314.359 Y74.692
G1 X313.678 Y75.506
G1 X312.174 Y77.178
G1 X311.445 Y77.961
G1 X309.866 Y79.546
G1 X309.114 Y80.280
G1 X307.465 Y81.776
G1 X306.708 Y82.442
G1 X304.996 Y83.853
G1 X304.266 Y84.435
G1 X302.493 Y85.760
G1 X301.819 Y86.250
G1 X299.992 Y87.492
G1 X299.406 Y87.878
G1 X297.533 Y89.041
G1 X297.071 Y89.319
G1 X295.155 Y90.404
G1 X294.846 Y90.575
G1 X292.901 Y91.590
G1 X292.775 Y91.654
G1 X290.894 Y92.566
G1 X289.235 Y93.324
G1 X286.677 Y94.454
G1 X285.807 Y94.864
G1 X285.201 Y95.199
G1 X284.847 Y95.481
G1 X284.711 Y95.730
G1 X284.748 Y95.973
G1 X284.921 Y96.289
G1 X285.186 Y96.755
G1 X285.492 Y97.444
G1 X285.767 Y98.330
G1 X285.797 Y98.430
G1 X286.010 Y99.520
G1 X286.063 Y99.783
G1 X286.198 Y101.094
G1 X286.253 Y101.562
G1 X286.301 Y103.102
G1 X286.334 Y103.798
G1 X286.283 Y105.563
G1 X286.272 Y106.500
G1 X286.106 Y108.467
G1 X286.017 Y109.580
G1 X285.681 Y111.551
G1 X285.480 Y112.725
G1 X284.963 Y114.657
G1 X284.647 Y115.838
G1 X283.952 Y117.713
G1 X283.531 Y118.847
G1 X282.663 Y120.648
G1 X282.164 Y121.683
G1 X281.130 Y123.394
G1 X280.592 Y124.286
G1 X279.403 Y125.894
G1 X278.877 Y126.608
G1 X277.549 Y128.104
G1 X277.093 Y128.618
G1 X275.321 Y130.305
G1 X273.772 Y131.570
G1 X273.643 Y131.676
G1 X272.141 Y132.762
G1 X270.885 Y133.615
G1 X269.931 Y134.303
G1 X269.318 Y134.911
G1 X269.060 Y135.531
G1 X269.146 Y136.259
G1 X269.540 Y137.185
G1 X270.178 Y138.389
G1 X270.980 Y139.932
G1 X271.802 Y141.755
G1 X271.847 Y141.851
G1 X272.522 Y143.734
G1 X272.673 Y144.154
G1 X273.165 Y146.092
G1 X273.351 Y146.820
G1 X273.636 Y148.799
G1 X273.782 Y149.795
G1 X273.846 Y151.793
G1 X273.885 Y152.999
G1 X273.719 Y154.992
G1 X273.607 Y156.333
G1 X273.207 Y158.293
G1 X273.206 Y158.294
G1 X272.922 Y159.685
G1 X272.291 Y161.583
G1 X271.841 Y162.934
G1 X270.988 Y164.742
G1 X270.408 Y165.971
G1 X269.347 Y167.666
G1 X268.696 Y168.705
G1 X267.446 Y170.266
G1 X266.806 Y171.066
G1 X265.391 Y172.477
G1 X264.852 Y173.016
G1 X263.299 Y174.278
G1 X262.953 Y174.560
G1 X261.297 Y175.681
G1 X261.224 Y175.731
G1 X259.763 Y176.594
G1 X258.643 Y177.240
G1 X257.909 Y177.777
G1 X257.571 Y178.316
G1 X257.608 Y178.971
G1 X257.965 Y179.835
G1 X258.570 Y180.986
G1 X259.331 Y182.473
G1 X260.140 Y184.302
G1 X260.147 Y184.319
G1 X260.813 Y186.205
G1 X260.922 Y186.515
G1 X261.419 Y188.453
G1 X261.567 Y189.031
G1 X262.008 Y191.809
G1 X262.132 Y193.806
G1 X262.193 Y194.786
G1 X262.126 Y196.784
G1 X262.089 Y197.880
G1 X261.836 Y199.865
G1 X261.689 Y201.016
G1 X261.257 Y202.969
G1 X261.003 Y204.118
G1 X260.405 Y206.026
G1 X260.404 Y206.027
G1 X260.060 Y207.124
G1 X259.308 Y208.977
G1 X258.902 Y209.979
G1 X258.014 Y211.773
G1 X257.579 Y212.652
G1 X256.144 Y215.118
G1 X255.039 Y216.785
G1 X254.650 Y217.372
G1 X253.466 Y218.983
G1 X253.147 Y219.419
G1 X251.904 Y220.985
G1 X251.676 Y221.274
G1 X250.398 Y222.813
G1 X250.272 Y222.963
G1 X248.981 Y224.491
G1 X248.982 Y224.493
G1 X248.961 Y224.516
G1 X247.759 Y225.962
G1 X246.675 Y227.330
G1 X245.709 Y228.652
G1 X244.858 Y229.952
G1 X244.112 Y231.255
G1 X243.459 Y232.576
G1 X242.883 Y233.931
G1 X242.373 Y235.329
G1 X241.912 Y236.777
G1 X241.485 Y238.278
G1 X241.080 Y239.833
G1 X240.685 Y241.444
G1 X240.292 Y243.108
G1 X239.889 Y244.820
G1 X239.469 Y246.581
G1 X239.032 Y248.387
G1 X238.568 Y250.236
G1 X238.078 Y252.127
G1 X237.560 Y254.058
G1 X237.026 Y255.985
G1 X237.014 Y256.030
G1 X236.466 Y257.954
G1 X236.440 Y258.044
G1 X235.882 Y259.964
G1 X235.843 Y260.103
G1 X235.224 Y262.204
G1 X234.659 Y264.122
G1 X234.590 Y264.355
G1 X234.149 Y265.872
G1 X234.285 Y266.473
G1 X232.405 Y266.948
G1 X230.550 Y267.513
G1 X228.726 Y268.169
G1 X226.936 Y268.914
G1 X225.185 Y269.746
G1 X223.476 Y270.662
G1 X221.815 Y271.661
G1 X220.205 Y272.741
G1 X218.649 Y273.899
G1 X217.153 Y275.131
G1 X215.718 Y276.435
G1 X214.349 Y277.808
G1 X213.050 Y279.247
G1 X211.821 Y280.748
G1 X210.670 Y282.307
G1 X209.595 Y283.921
G1 X208.600 Y285.585
G1 X207.690 Y287.296
G1 X206.865 Y289.050
G1 X206.124 Y290.841
G1 X205.474 Y292.669
G1 X204.914 Y294.525
G1 X204.446 Y296.405
G1 X204.071 Y298.308
G1 X203.789 Y300.227
G1 X203.602 Y302.156
G1 X203.510 Y304.093
G1 X203.513 Y306.032
G1 X203.612 Y307.968
G1 X203.805 Y309.897
G1 X204.093 Y311.814
G1 X204.473 Y313.716
G1 X204.948 Y315.595
G1 X205.513 Y317.451
G1 X206.169 Y319.274
G1 X206.914 Y321.064
G1 X207.745 Y322.815
G1 X208.662 Y324.524
G1 X209.662 Y326.185
G1 X210.741 Y327.795
G1 X211.899 Y329.351
G1 X213.131 Y330.847
G1 X214.435 Y332.282
G1 X215.809 Y333.651
G1 X216.396 Y334.670
G1 X216.341 Y336.162
G1 X216.559 Y338.149
G1 X216.702 Y339.464
G1 X217.209 Y341.399
G1 X217.476 Y342.422
G1 X218.261 Y344.261
G1 X218.536 Y344.908
G1 X219.574 Y346.617
G1 X219.709 Y346.839
G1 X220.801 Y348.197
G1 X221.618 Y349.032
G1 X221.987 Y349.464
G1 X221.788 Y349.668
G1 X220.967 Y349.856
G1 X219.550 Y350.249
G1 X217.705 Y351.023
G1 X217.641 Y351.051
G1 X215.936 Y352.095
G1 X215.414 Y352.413
G1 X213.090 Y354.421
G1 X211.816 Y355.963
G1 X210.904 Y357.068
G1 X209.914 Y358.807
G1 X209.082 Y360.270
G1 X208.408 Y362.151
G1 X207.799 Y363.853
G1 X207.462 Y365.825
G1 X207.159 Y367.604
G1 X207.170 Y369.604
G1 X207.179 Y371.278
G1 X207.536 Y373.246
G1 X207.788 Y374.642
G1 X208.473 Y376.523
G1 X208.833 Y377.506
G1 X209.817 Y379.247
G1 X210.101 Y379.750
G1 X211.344 Y381.317
G1 X211.360 Y381.336
G1 X212.373 Y382.318
G1 X212.947 Y382.825
G1 X212.946 Y383.051
G1 X212.317 Y383.213
G1 X211.083 Y383.537
G1 X209.349 Y384.216
G1 X207.601 Y385.188
G1 X207.502 Y385.243
G1 X208.658 Y385.051
G1 X209.752 Y385.003
G1 X209.828 Y385.008
G1 X211.401 Y383.771
G1 X212.035 Y383.273
G1 X213.772 Y382.283
G1 X214.091 Y382.101
G1 X215.808 Y381.417
G1 X217.031 Y381.081
G1 X217.662 Y380.900
G1 X217.676 Y380.661
G1 X217.125 Y380.148
G1 X216.140 Y379.174
G1 X214.906 Y377.612
G1 X213.916 Y375.875
G1 X213.650 Y375.409
G1 X212.952 Y373.534
G1 X212.602 Y372.593
G1 X212.225 Y370.628
G1 X211.966 Y369.278
G1 X211.929 Y367.279
G1 X211.896 Y365.643
G1 X212.199 Y363.666
G1 X212.467 Y361.910
G1 X213.103 Y360.014
G1 X213.673 Y358.315
G1 X215.420 Y355.073
G1 X216.651 Y353.497
G1 X217.546 Y352.353
G1 X219.019 Y350.999
G1 X219.842 Y350.246
G1 X221.512 Y349.146
G1 X222.078 Y348.776
G1 X223.893 Y347.934
G1 X224.038 Y347.867
G1 X225.547 Y347.388
G1 X226.490 Y347.152
G1 X226.828 Y346.946
G1 X226.596 Y346.562
G1 X225.896 Y345.824
G1 X224.883 Y344.601
G1 X223.798 Y342.922
G1 X223.740 Y342.831
G1 X222.892 Y341.020
G1 X222.653 Y340.513
G1 X222.191 Y339.003
G1 X222.381 Y338.692
G1 X220.753 Y337.639
G1 X219.178 Y336.508
G1 X217.661 Y335.303
G1 X216.205 Y334.022
G1 X214.813 Y332.672
G1 X213.489 Y331.256
G1 X212.236 Y329.776
G1 X211.058 Y328.237
G1 X209.957 Y326.641
G1 X208.934 Y324.994
G1 X207.994 Y323.298
G1 X207.138 Y321.558
G1 X206.369 Y319.779
G1 X205.688 Y317.964
G1 X205.097 Y316.118
G1 X204.597 Y314.244
G1 X204.190 Y312.348
G1 X203.876 Y310.435
G1 X203.656 Y308.510
G1 X203.531 Y306.574
G1 X203.502 Y304.636
G1 X203.567 Y302.698
G1 X203.728 Y300.766
G1 X203.983 Y298.844
G1 X204.332 Y296.937
G1 X204.774 Y295.048
G1 X205.308 Y293.186
G1 X205.933 Y291.350
G1 X206.648 Y289.548
G1 X207.450 Y287.783
G1 X208.337 Y286.059
G1 X209.308 Y284.381
G1 X210.361 Y282.753
G1 X211.492 Y281.178
G1 X212.698 Y279.661
G1 X213.978 Y278.205
G1 X215.328 Y276.813
G1 X216.745 Y275.489
G1 X218.224 Y274.236
G1 X219.763 Y273.058
G1 X221.359 Y271.956
G1 X223.006 Y270.934
G1 X224.702 Y269.994
G1 X226.442 Y269.138
G1 X228.222 Y268.369
G1 X230.035 Y267.688
G1 X231.883 Y267.097
G1 X233.756 Y266.597
G1 X235.652 Y266.191
G1 X237.565 Y265.876
G1 X238.387 Y265.288
G1 X238.900 Y263.355
G1 X238.975 Y263.077
G1 X239.500 Y261.148
G1 X239.500 Y261.146
G1 X239.563 Y260.916
G1 X240.094 Y258.989
G1 X240.144 Y258.808
G1 X240.677 Y256.880
G1 X240.714 Y256.747
G1 X241.243 Y254.818
G1 X241.266 Y254.734
G1 X241.791 Y252.805
G1 X241.800 Y252.767
G1 X242.313 Y250.846
G1 X242.806 Y248.972
G1 X243.282 Y247.146
G1 X243.743 Y245.366
G1 X244.193 Y243.636
G1 X244.640 Y241.958
G1 X245.091 Y240.332
G1 X245.554 Y238.759
G1 X246.042 Y237.238
G1 X246.567 Y235.767
G1 X247.143 Y234.341
G1 X247.780 Y232.952
G1 X248.496 Y231.590
G1 X249.302 Y230.239
G1 X250.209 Y228.886
G1 X251.224 Y227.500
G1 X252.351 Y226.061
G1 X253.585 Y224.540
G1 X254.850 Y222.990
G1 X254.917 Y222.906
G1 X256.163 Y221.340
G1 X256.330 Y221.129
G1 X257.534 Y219.533
G1 X257.795 Y219.186
G1 X258.937 Y217.544
G1 X259.279 Y217.054
G1 X260.336 Y215.356
G1 X260.734 Y214.716
G1 X261.689 Y212.959
G1 X262.116 Y212.174
G1 X262.949 Y210.355
G1 X263.370 Y209.436
G1 X264.062 Y207.560
G1 X264.444 Y206.528
G1 X264.982 Y204.601
G1 X265.292 Y203.489
G1 X265.660 Y201.523
G1 X265.875 Y200.374
G1 X266.063 Y198.382
G1 X266.170 Y197.250
G1 X266.170 Y194.192
G1 X265.979 Y192.201
G1 X265.890 Y191.281
G1 X265.510 Y189.316
G1 X265.510 Y189.315
G1 X265.370 Y188.586
G1 X264.809 Y186.666
G1 X264.668 Y186.179
G1 X263.944 Y184.314
G1 X263.863 Y184.105
G1 X263.050 Y182.390
G1 X262.330 Y181.032
G1 X261.800 Y180.000
G1 X261.551 Y179.232
G1 X261.650 Y178.645
G1 X262.142 Y178.129
G1 X263.037 Y177.573
G1 X264.308 Y176.860
G1 X265.901 Y175.889
G1 X267.728 Y174.574
G1 X269.230 Y173.251
G1 X269.680 Y172.854
G1 X271.030 Y171.378
G1 X271.636 Y170.716
G1 X272.806 Y169.096
G1 X273.472 Y168.173
G1 X274.442 Y166.424
G1 X275.077 Y165.277
G1 X275.827 Y163.424
G1 X276.358 Y162.110
G1 X277.252 Y158.779
G1 X277.532 Y156.799
G1 X277.729 Y155.403
G1 X277.771 Y153.403
G1 X277.798 Y152.103
G1 X277.607 Y150.113
G1 X277.500 Y148.993
G1 X277.089 Y147.036
G1 X276.907 Y146.167
G1 X276.297 Y144.262
G1 X276.114 Y143.692
G1 X275.333 Y141.852
G1 X275.230 Y141.608
G1 X274.368 Y139.919
G1 X273.635 Y138.598
G1 X273.125 Y137.590
G1 X272.912 Y136.819
G1 X273.043 Y136.194
G1 X273.540 Y135.614
G1 X274.396 Y134.980
G1 X275.579 Y134.203
G1 X277.034 Y133.202
G1 X278.615 Y131.977
G1 X278.691 Y131.921
G1 X280.175 Y130.579
G1 X280.466 Y130.317
G1 X281.831 Y128.856
G1 X282.273 Y128.381
G1 X283.500 Y126.801
G1 X284.030 Y126.120
G1 X285.651 Y123.561
G1 X286.555 Y121.777
G1 X287.074 Y120.752
G1 X287.801 Y118.889
G1 X288.244 Y117.754
G1 X289.129 Y114.638
G1 X289.490 Y112.671
G1 X289.709 Y111.477
G1 X289.890 Y109.485
G1 X289.993 Y108.349
G1 X289.995 Y106.349
G1 X290.007 Y105.346
G1 X289.894 Y103.521
G1 X289.860 Y102.767
G1 X289.665 Y101.179
G1 X289.609 Y100.665
G1 X289.347 Y99.311
G1 X289.294 Y99.014
G1 X288.979 Y97.884
G1 X288.947 Y97.763
G1 X288.610 Y96.846
G1 X288.324 Y96.185
G1 X288.134 Y95.707
G1 X288.083 Y95.342
G1 X288.216 Y95.032
G1 X288.567 Y94.727
G1 X289.161 Y94.380
G1 X290.013 Y93.955
G1 X291.122 Y93.429
G1 X292.490 Y92.780
G1 X294.095 Y91.993
G1 X295.911 Y91.053
G1 X297.791 Y90.015
G1 X297.910 Y89.947
G1 X299.756 Y88.847
G1 X300.052 Y88.666
G1 X301.857 Y87.502
G1 X302.302 Y87.207
G1 X304.059 Y85.975
G1 X304.623 Y85.569
G1 X306.323 Y84.264
G1 X306.973 Y83.754
G1 X308.614 Y82.376
G1 X309.317 Y81.770
G1 X310.894 Y80.319
G1 X311.623 Y79.631
G1 X313.133 Y78.103
G1 X313.860 Y77.347
G1 X315.299 Y75.744
G1 X315.999 Y74.941
G1 X317.367 Y73.262
G1 X318.021 Y72.433
G1 X319.315 Y70.675
G1 X319.909 Y69.841
G1 X320.000 Y69.704
G1 X320.000 Y71.976
G1 X319.720 Y72.353
G1 X318.402 Y74.013
G1 X317.780 Y74.774
G1 X316.391 Y76.365
G1 X315.728 Y77.104
G1 X314.272 Y78.625
G1 X313.586 Y79.323
G1 X312.065 Y80.775
G1 X311.378 Y81.412
G1 X309.797 Y82.795
G1 X309.134 Y83.357
G1 X307.495 Y84.670
G1 X306.885 Y85.146
G1 X305.193 Y86.390
G1 X304.664 Y86.768
G1 X302.926 Y87.945
G1 X302.510 Y88.219
G1 X300.731 Y89.332
G1 X300.458 Y89.499
G1 X298.647 Y90.552
G1 X298.646 Y90.553
G1 X298.546 Y90.611
G1 X296.808 Y91.566
G1 X295.279 Y92.379
G1 X293.981 Y93.063
G1 X292.930 Y93.638
G1 X292.135 Y94.126
G1 X291.591 Y94.555
G1 X291.288 Y94.965
G1 X291.198 Y95.403
G1 X291.291 Y95.924
G1 X291.529 Y96.592
G1 X291.870 Y97.481
G1 X292.271 Y98.670
G1 X292.640 Y100.040
G1 X292.693 Y100.231
G1 X293.008 Y101.806
G1 X293.096 Y102.228
G1 X293.338 Y104.021
G1 X293.439 Y104.705
G1 X293.585 Y106.690
G1 X293.652 Y107.597
G1 X293.615 Y110.658
G1 X293.409 Y112.647
G1 X293.289 Y113.812
G1 X292.896 Y115.773
G1 X292.654 Y116.986
G1 X292.074 Y118.899
G1 X291.711 Y120.103
G1 X290.947 Y121.950
G1 X290.478 Y123.081
G1 X289.534 Y124.846
G1 X288.994 Y125.855
G1 X287.884 Y127.517
G1 X287.321 Y128.359
G1 X286.054 Y129.906
G1 X285.527 Y130.548
G1 X284.122 Y131.971
G1 X283.700 Y132.398
G1 X282.177 Y133.696
G1 X281.929 Y133.905
G1 X280.312 Y135.085
G1 X280.304 Y135.092
G1 X278.911 Y136.002
G1 X277.818 Y136.706
G1 X277.075 Y137.290
G1 X276.708 Y137.853
G1 X276.715 Y138.499
G1 X277.062 Y139.333
G1 X277.688 Y140.444
G1 X278.507 Y141.904
G1 X279.385 Y143.702
G1 X279.414 Y143.761
G1 X280.137 Y145.625
G1 X280.138 Y145.627
G1 X280.292 Y146.027
G1 X280.824 Y147.954
G1 X281.024 Y148.679
G1 X281.340 Y150.653
G1 X281.502 Y151.664
G1 X281.586 Y153.664
G1 X281.637 Y154.897
G1 X281.480 Y156.890
G1 X281.371 Y158.268
G1 X280.969 Y160.227
G1 X280.676 Y161.653
G1 X280.034 Y163.549
G1 X279.566 Y164.928
G1 X278.695 Y166.728
G1 X278.091 Y167.974
G1 X277.006 Y169.654
G1 X276.334 Y170.694
G1 X274.402 Y173.019
G1 X272.957 Y174.403
G1 X272.421 Y174.918
G1 X270.514 Y176.396
G1 X268.831 Y177.477
G1 X268.802 Y177.495
G1 X267.384 Y178.296
G1 X266.330 Y178.890
G1 X265.679 Y179.398
G1 X265.431 Y179.938
G1 X265.556 Y180.621
G1 X265.991 Y181.541
G1 X266.653 Y182.769
G1 X267.444 Y184.350
G1 X268.220 Y186.191
G1 X268.262 Y186.287
G1 X268.883 Y188.188
G1 X269.009 Y188.572
G1 X269.456 Y190.522
G1 X269.602 Y191.160
G1 X269.864 Y193.142
G1 X269.975 Y193.990
G1 X270.084 Y196.992
G1 X269.969 Y198.988
G1 X269.906 Y200.086
G1 X269.610 Y202.063
G1 X269.440 Y203.198
G1 X268.706 Y206.259
G1 X268.081 Y208.159
G1 X267.735 Y209.213
G1 X266.969 Y211.060
G1 X266.574 Y212.015
G1 X265.683 Y213.805
G1 X265.269 Y214.639
G1 X264.271 Y216.370
G1 X263.871 Y217.066
G1 X262.788 Y218.746
G1 X262.431 Y219.299
G1 X261.281 Y220.935
G1 X260.989 Y221.348
G1 X259.792 Y222.950
G1 X259.583 Y223.229
G1 X258.361 Y224.811
G1 X258.360 Y224.811
G1 X258.240 Y224.966
G1 X257.013 Y226.547
G1 X256.980 Y226.589
G1 X255.815 Y228.123
G1 X254.751 Y229.595
G1 X253.786 Y231.031
G1 X252.916 Y232.452
G1 X252.132 Y233.877
G1 X251.421 Y235.323
G1 X250.773 Y236.797
G1 X250.177 Y238.311
G1 X249.620 Y239.872
G1 X249.090 Y241.480
G1 X248.579 Y243.139
G1 X248.076 Y244.850
G1 X247.577 Y246.613
G1 X247.075 Y248.428
G1 X246.568 Y250.293
G1 X246.052 Y252.210
G1 X245.537 Y254.144
G1 X245.529 Y254.177
G1 X245.019 Y256.111
G1 X244.997 Y256.194
G1 X244.494 Y258.130
G1 X244.460 Y258.264
G1 X243.969 Y260.201
G1 X243.924 Y260.383
G1 X243.448 Y262.325
G1 X243.392 Y262.553
G1 X242.937 Y264.501
G1 X242.939 Y265.500
G1 X241.000 Y265.551
G1 X239.067 Y265.696
G1 X237.143 Y265.937
G1 X235.233 Y266.271
G1 X233.343 Y266.699
G1 X231.475 Y267.219
G1 X229.635 Y267.831
G1 X227.827 Y268.530
G1 X226.056 Y269.319
G1 X224.326 Y270.193
G1 X222.640 Y271.151
G1 X221.004 Y272.192
G1 X219.421 Y273.310
G1 X217.894 Y274.505
G1 X216.428 Y275.775
G1 X215.026 Y277.113
G1 X213.692 Y278.519
G1 X212.427 Y279.989
G1 X211.237 Y281.519
G1 X210.123 Y283.106
G1 X209.088 Y284.746
G1 X208.135 Y286.434
G1 X207.266 Y288.166
G1 X206.483 Y289.940
G1 X205.788 Y291.751
G1 X205.183 Y293.593
G1 X204.669 Y295.462
G1 X204.247 Y297.354
G1 X203.919 Y299.265
G1 X203.684 Y301.189
G1 X203.545 Y303.123
G1 X203.500 Y305.061
G1 X203.551 Y307.000
G1 X203.696 Y308.933
G1 X203.937 Y310.857
G1 X204.271 Y312.766
G1 X204.699 Y314.656
G1 X205.219 Y316.525
G1 X205.830 Y318.365
G1 X206.530 Y320.173
G1 X207.319 Y321.944
G1 X208.193 Y323.674
G1 X209.151 Y325.360
G1 X210.191 Y326.996
G1 X211.310 Y328.579
G1 X212.505 Y330.106
G1 X213.774 Y331.572
G1 X215.113 Y332.974
G1 X216.519 Y334.309
G1 X217.989 Y335.574
G1 X219.520 Y336.763
G1 X221.106 Y337.877
G1 X222.746 Y338.912
G1 X224.434 Y339.865
G1 X226.167 Y340.734
G1 X227.941 Y341.517
G1 X229.751 Y342.212
G1 X231.593 Y342.817
G1 X231.732 Y343.896
G1 X231.614 Y344.175
G1 X230.915 Y344.403
G1 X229.643 Y344.781
G1 X227.880 Y345.501
G1 X226.147 Y346.500
G1 X225.767 Y346.720
G1 X224.204 Y347.968
G1 X224.203 Y347.967
G1 X223.496 Y348.530
G1 X222.152 Y350.009
G1 X221.287 Y350.957
G1 X220.199 Y352.635
G1 X219.350 Y353.945
G1 X218.555 Y355.780
G1 X217.867 Y357.364
G1 X217.390 Y359.306
G1 X216.965 Y361.030
G1 X216.694 Y364.722
G1 X216.881 Y366.713
G1 X217.022 Y368.216
G1 X217.535 Y370.150
G1 X217.844 Y371.316
G1 X218.660 Y373.142
G1 X218.987 Y373.872
G1 X220.072 Y375.553
G1 X220.239 Y375.810
G1 X221.378 Y377.133
G1 X222.198 Y377.923
G1 X222.537 Y378.326
G1 X222.297 Y378.539
G1 X221.454 Y378.770
G1 X220.058 Y379.223
G1 X218.241 Y380.059
G1 X218.223 Y380.066
G1 X216.540 Y381.147
G1 X216.114 Y381.420
G1 X214.607 Y382.734
G1 X213.919 Y383.333
G1 X212.612 Y384.848
G1 X212.037 Y385.513
G1 X213.166 Y386.060
G1 X214.400 Y386.801
G1 X214.494 Y386.861
G1 X216.219 Y383.849
G1 X217.456 Y382.277
G1 X218.244 Y381.277
G1 X220.412 Y379.228
G1 X222.047 Y378.075
G1 X222.541 Y377.729
G1 X224.320 Y376.813
G1 X224.450 Y376.746
G1 X225.970 Y376.182
G1 X226.976 Y375.886
G1 X227.402 Y375.669
G1 X227.249 Y375.327
G1 X226.588 Y374.666
G1 X225.559 Y373.529
G1 X224.404 Y371.896
G1 X224.346 Y371.813
G1 X223.437 Y370.031
G1 X223.160 Y369.490
G1 X222.538 Y367.587
G1 X222.213 Y366.598
G1 X221.901 Y364.623
G1 X221.685 Y363.261
G1 X221.697 Y361.261
G1 X221.706 Y359.650
G1 X222.044 Y357.679
G1 X222.337 Y355.972
G1 X222.991 Y354.082
G1 X223.561 Y352.442
G1 X225.288 Y349.254
G1 X226.510 Y347.671
G1 X227.368 Y346.560
G1 X229.607 Y344.448
G1 X230.905 Y343.546
G1 X231.174 Y342.688
G1 X229.339 Y342.063
G1 X227.537 Y341.347
G1 X225.772 Y340.545
G1 X224.049 Y339.658
G1 X222.371 Y338.685
G1 X220.743 Y337.632
G1 X219.168 Y336.501
G1 X217.651 Y335.294
G1 X216.197 Y334.013
G1 X214.804 Y332.663
G1 X213.481 Y331.246
G1 X212.229 Y329.766
G1 X211.050 Y328.227
G1 X209.949 Y326.631
G1 X208.928 Y324.983
G1 X207.988 Y323.287
G1 X207.133 Y321.547
G1 X206.364 Y319.767
G1 X205.684 Y317.952
G1 X205.093 Y316.106
G1 X204.594 Y314.232
G1 X204.187 Y312.336
G1 X203.874 Y310.423
G1 X203.655 Y308.497
G1 X203.531 Y306.562
G1 X203.502 Y304.623
G1 X203.568 Y302.686
G1 X203.729 Y300.754
G1 X203.985 Y298.832
G1 X204.334 Y296.925
G1 X204.777 Y295.037
G1 X205.312 Y293.174
G1 X205.938 Y291.339
G1 X206.653 Y289.536
G1 X207.455 Y287.772
G1 X208.343 Y286.049
G1 X209.315 Y284.371
G1 X210.368 Y282.744
G1 X211.499 Y281.168
G1 X212.705 Y279.651
G1 X213.987 Y278.196
G1 X215.337 Y276.805
G1 X216.754 Y275.481
G1 X218.234 Y274.229
G1 X219.773 Y273.050
G1 X221.369 Y271.949
G1 X223.017 Y270.928
G1 X224.713 Y269.988
G1 X226.453 Y269.133
G1 X228.233 Y268.365
G1 X230.048 Y267.684
G1 X231.895 Y267.093
G1 X233.768 Y266.594
G1 X235.664 Y266.187
G1 X237.576 Y265.874
G1 X239.503 Y265.655
G1 X241.438 Y265.530
G1 X243.377 Y265.503
G1 X245.315 Y265.568
G1 X247.246 Y265.729
G1 X247.500 Y265.757
G1 X247.768 Y264.289
G1 X247.818 Y264.014
G1 X248.212 Y262.054
G1 X248.259 Y261.815
G1 X248.683 Y259.861
G1 X248.726 Y259.661
G1 X249.176 Y257.715
G1 X249.212 Y257.557
G1 X249.683 Y255.613
G1 X249.710 Y255.502
G1 X250.203 Y253.564
G1 X250.219 Y253.499
G1 X250.730 Y251.566
G1 X250.735 Y251.548
G1 X251.257 Y249.649
G1 X251.787 Y247.803
G1 X252.329 Y246.009
G1 X252.884 Y244.263
G1 X253.460 Y242.568
G1 X254.064 Y240.920
G1 X254.705 Y239.313
G1 X255.391 Y237.746
G1 X256.133 Y236.206
G1 X256.941 Y234.684
G1 X257.823 Y233.168
G1 X258.788 Y231.640
G1 X259.840 Y230.081
G1 X260.978 Y228.469
G1 X262.152 Y226.849
G1 X262.203 Y226.779
G1 X263.376 Y225.160
G1 X263.501 Y224.989
G1 X264.654 Y223.352
G1 X264.856 Y223.066
G1 X265.970 Y221.405
G1 X266.245 Y220.995
G1 X267.300 Y219.296
G1 X267.634 Y218.756
G1 X268.610 Y217.010
G1 X268.986 Y216.337
G1 X269.864 Y214.540
G1 X270.255 Y213.738
G1 X271.019 Y211.889
G1 X271.397 Y210.968
G1 X272.026 Y209.070
G1 X272.027 Y209.069
G1 X272.363 Y208.051
G1 X272.842 Y206.110
G1 X273.109 Y205.026
G1 X273.424 Y203.051
G1 X273.603 Y201.942
G1 X273.744 Y199.949
G1 X273.821 Y198.864
G1 X273.781 Y196.865
G1 X273.762 Y195.864
G1 X273.535 Y193.877
G1 X273.436 Y193.016
G1 X273.026 Y191.058
G1 X272.887 Y190.391
G1 X272.302 Y188.479
G1 X272.171 Y188.054
G1 X271.427 Y186.197
G1 X271.368 Y186.050
G1 X270.571 Y184.402
G1 X269.881 Y183.109
G1 X269.396 Y182.133
G1 X269.205 Y181.413
G1 X269.377 Y180.853
G1 X269.950 Y180.353
G1 X270.934 Y179.788
G1 X272.295 Y179.043
G1 X273.968 Y178.006
G1 X275.573 Y176.812
G1 X275.859 Y176.599
G1 X277.331 Y175.246
G1 X277.848 Y174.771
G1 X279.808 Y172.507
G1 X280.926 Y170.848
G1 X281.610 Y169.835
G1 X282.513 Y168.050
G1 X283.138 Y166.816
G1 X283.811 Y164.934
G1 X284.305 Y163.551
G1 X284.733 Y161.598
G1 X285.050 Y160.155
G1 X285.230 Y158.163
G1 X285.357 Y156.759
G1 X285.290 Y154.760
G1 X285.248 Y153.492
G1 X284.942 Y151.516
G1 X284.781 Y150.470
G1 X284.251 Y148.541
G1 X284.043 Y147.784
G1 X283.316 Y145.921
G1 X283.150 Y145.495
G1 X282.259 Y143.704
G1 X282.221 Y143.626
G1 X281.379 Y142.166
G1 X280.734 Y141.067
G1 X280.377 Y140.253
G1 X280.373 Y139.631
G1 X280.755 Y139.092
G1 X281.524 Y138.525
G1 X282.652 Y137.827
G1 X284.085 Y136.909
G1 X285.747 Y135.701
G1 X287.267 Y134.402
G1 X287.551 Y134.157
G1 X288.946 Y132.725
G1 X289.398 Y132.260
G1 X290.648 Y130.699
G1 X291.196 Y130.014
G1 X292.286 Y128.336
G1 X292.860 Y127.452
G1 X293.774 Y125.673
G1 X294.314 Y124.623
G1 X295.043 Y122.761
G1 X295.499 Y121.595
G1 X296.040 Y119.671
G1 X296.384 Y118.445
G1 X296.948 Y115.253
G1 X297.108 Y113.261
G1 X297.202 Y112.101
G1 X297.178 Y110.101
G1 X297.165 Y109.061
G1 X296.969 Y107.071
G1 X296.883 Y106.200
G1 X296.528 Y104.232
G1 X296.412 Y103.577
G1 X295.970 Y101.771
G1 X295.879 Y101.388
G1 X295.397 Y99.799
G1 X295.355 Y99.655
G1 X294.880 Y98.309
G1 X294.495 Y97.277
G1 X294.241 Y96.479
G1 X294.153 Y95.840
G1 X294.265 Y95.291
G1 X294.602 Y94.777
G1 X295.182 Y94.244
G1 X296.009 Y93.653
G1 X297.080 Y92.969
G1 X298.383 Y92.167
G1 X299.893 Y91.224
G1 X301.585 Y90.132
G1 X303.277 Y88.987
G1 X303.427 Y88.884
G1 X305.087 Y87.702
G1 X305.087 Y87.701
G1 X305.391 Y87.483
G1 X307.015 Y86.265
G1 X307.446 Y85.938
G1 X309.035 Y84.687
G1 X309.567 Y84.266
G1 X311.116 Y82.977
G1 X311.718 Y82.465
G1 X313.210 Y81.116
G1 X313.212 Y81.116
G1 X313.853 Y80.521
G1 X315.285 Y79.114
G1 X315.943 Y78.451
G1 X317.314 Y76.983
G1 X317.963 Y76.269
G1 X319.270 Y74.742
G1 X319.891 Y73.995
G1 X320.000 Y73.856
G1 X320.000 Y75.462
G1 X318.793 Y76.837
G1 X318.190 Y77.508
G1 X316.854 Y78.932
G1 X316.853 Y78.933
G1 X316.246 Y79.584
G1 X314.885 Y80.993
G1 X314.884 Y80.995
G1 X314.292 Y81.610
G1 X312.896 Y83.001
G1 X312.334 Y83.559
G1 X310.386 Y85.408
G1 X308.905 Y86.738
G1 X308.467 Y87.131
G1 X306.941 Y88.422
G1 X306.604 Y88.706
G1 X304.824 Y90.125
G1 X303.219 Y91.333
G1 X303.158 Y91.378
G1 X301.641 Y92.468
G1 X300.306 Y93.407
G1 X299.180 Y94.213
G1 X298.284 Y94.916
G1 X297.631 Y95.552
G1 X297.225 Y96.164
G1 X297.057 Y96.806
G1 X297.113 Y97.538
G1 X297.363 Y98.429
G1 X297.778 Y99.558
G1 X298.321 Y101.005
G1 X298.928 Y102.779
G1 X298.952 Y102.848
G1 X299.505 Y104.765
G1 X299.602 Y105.093
G1 X300.025 Y107.046
G1 X300.151 Y107.620
G1 X300.422 Y109.601
G1 X300.532 Y110.399
G1 X300.633 Y112.396
G1 X300.683 Y113.384
G1 X300.601 Y115.382
G1 X300.555 Y116.513
G1 X300.283 Y118.494
G1 X300.114 Y119.715
G1 X299.647 Y121.660
G1 X299.346 Y122.908
G1 X298.684 Y124.794
G1 X298.259 Y126.004
G1 X297.405 Y127.812
G1 X296.881 Y128.925
G1 X295.845 Y130.635
G1 X295.265 Y131.593
G1 X294.058 Y133.188
G1 X293.481 Y133.950
G1 X292.121 Y135.416
G1 X292.120 Y135.416
G1 X291.618 Y135.957
G1 X290.123 Y137.284
G1 X289.772 Y137.598
G1 X288.167 Y138.790
G1 X288.043 Y138.883
G1 X286.529 Y139.854
G1 X285.310 Y140.579
G1 X284.452 Y141.144
G1 X283.989 Y141.658
G1 X283.929 Y142.235
G1 X284.239 Y142.989
G1 X284.860 Y144.023
G1 X285.700 Y145.420
G1 X286.625 Y147.193
G1 X286.645 Y147.232
G1 X287.405 Y149.081
G1 X287.570 Y149.477
G1 X288.129 Y151.397
G1 X288.344 Y152.134
G1 X288.677 Y154.106
G1 X288.853 Y155.142
G1 X288.942 Y157.141
G1 X288.943 Y157.143
G1 X289.001 Y158.410
G1 X288.838 Y160.403
G1 X288.724 Y161.817
G1 X288.309 Y163.774
G1 X288.000 Y165.231
G1 X287.339 Y167.118
G1 X287.339 Y167.119
G1 X286.847 Y168.518
G1 X285.950 Y170.305
G1 X285.950 Y170.306
G1 X285.321 Y171.556
G1 X284.208 Y173.217
G1 X283.517 Y174.245
G1 X282.209 Y175.758
G1 X281.549 Y176.521
G1 X280.075 Y177.873
G1 X279.551 Y178.355
G1 X277.945 Y179.547
G1 X277.653 Y179.763
G1 X275.973 Y180.798
G1 X274.610 Y181.542
G1 X273.626 Y182.108
G1 X273.051 Y182.611
G1 X272.876 Y183.172
G1 X273.061 Y183.898
G1 X273.536 Y184.874
G1 X274.212 Y186.166
G1 X274.993 Y187.806
G1 X275.728 Y189.666
G1 X275.780 Y189.794
G1 X276.362 Y191.707
G1 X276.483 Y192.106
G1 X276.894 Y194.063
G1 X277.027 Y194.698
G1 X277.259 Y196.684
G1 X277.355 Y197.508
G1 X277.433 Y200.467
G1 X277.310 Y202.463
G1 X277.246 Y203.503
G1 X276.956 Y205.481
G1 X276.799 Y206.551
G1 X276.353 Y208.500
G1 X276.112 Y209.549
G1 X275.522 Y211.461
G1 X275.218 Y212.453
G1 X274.502 Y214.321
G1 X274.155 Y215.226
G1 X273.329 Y217.048
G1 X272.968 Y217.847
G1 X272.051 Y219.625
G1 X271.699 Y220.304
G1 X270.708 Y222.043
G1 X270.389 Y222.603
G1 X269.342 Y224.307
G1 X269.342 Y224.308
G1 X269.071 Y224.750
G1 X267.987 Y226.431
G1 X267.776 Y226.761
G1 X266.676 Y228.430
G1 X266.526 Y228.656
G1 X265.423 Y230.324
G1 X265.335 Y230.457
G1 X264.248 Y232.137
G1 X264.215 Y232.185
G1 X263.170 Y233.867
G1 X262.199 Y235.515
G1 X261.300 Y237.154
G1 X260.468 Y238.791
G1 X259.696 Y240.444
G1 X258.977 Y242.122
G1 X258.305 Y243.833
G1 X257.670 Y245.582
G1 X257.071 Y247.373
G1 X256.501 Y249.210
G1 X255.958 Y251.093
G1 X255.440 Y253.025
G1 X254.946 Y255.005
G1 X254.497 Y256.952
G1 X254.479 Y257.030
G1 X254.065 Y258.987
G1 X254.041 Y259.101
G1 X253.665 Y261.065
G1 X253.636 Y261.215
G1 X253.300 Y263.184
G1 X253.270 Y263.362
G1 X252.978 Y265.340
G1 X252.947 Y265.543
G1 X252.802 Y266.735
G1 X250.913 Y266.302
G1 X249.004 Y265.959
G1 X247.081 Y265.711
G1 X245.148 Y265.558
G1 X243.211 Y265.501
G1 X241.272 Y265.538
G1 X239.338 Y265.670
G1 X237.413 Y265.897
G1 X235.501 Y266.217
G1 X233.607 Y266.633
G1 X231.735 Y267.140
G1 X229.891 Y267.739
G1 X228.079 Y268.427
G1 X226.302 Y269.203
G1 X224.566 Y270.065
G1 X222.874 Y271.012
G1 X221.230 Y272.040
G1 X219.639 Y273.147
G1 X218.105 Y274.333
G1 X216.630 Y275.591
G1 X215.219 Y276.921
G1 X213.874 Y278.318
G1 X212.600 Y279.779
G1 X211.399 Y281.301
G1 X210.274 Y282.880
G1 X209.228 Y284.513
G1 X208.264 Y286.194
G1 X207.383 Y287.921
G1 X206.588 Y289.690
G1 X205.880 Y291.495
G1 X205.263 Y293.332
G1 X204.735 Y295.198
G1 X204.301 Y297.087
G1 X203.959 Y298.996
G1 X203.711 Y300.919
G1 X203.558 Y302.852
G1 X203.501 Y304.789
G1 X203.538 Y306.728
G1 X203.670 Y308.662
G1 X203.897 Y310.587
G1 X204.218 Y312.499
G1 X204.633 Y314.393
G1 X205.140 Y316.265
G1 X205.739 Y318.109
G1 X206.427 Y319.921
G1 X207.203 Y321.698
G1 X208.065 Y323.434
G1 X209.012 Y325.126
G1 X210.040 Y326.769
G1 X211.148 Y328.361
G1 X212.333 Y329.895
G1 X213.591 Y331.370
G1 X214.920 Y332.781
G1 X216.318 Y334.126
G1 X217.779 Y335.400
G1 X219.300 Y336.601
G1 X220.880 Y337.726
G1 X222.513 Y338.772
G1 X224.194 Y339.736
G1 X225.922 Y340.617
G1 X227.689 Y341.412
G1 X229.495 Y342.120
G1 X231.332 Y342.737
G1 X231.836 Y343.918
G1 X231.006 Y344.895
G1 X229.962 Y346.601
G1 X229.161 Y347.909
G1 X228.398 Y349.758
G1 X227.757 Y351.312
G1 X227.298 Y353.259
G1 X226.903 Y354.931
G1 X226.761 Y356.926
G1 X226.642 Y358.567
G1 X226.817 Y360.559
G1 X226.945 Y362.015
G1 X227.429 Y363.957
G1 X227.714 Y365.096
G1 X228.488 Y366.939
G1 X228.796 Y367.668
G1 X229.827 Y369.380
G1 X229.996 Y369.660
G1 X231.113 Y371.067
G1 X231.952 Y371.960
G1 X232.358 Y372.457
G1 X232.229 Y372.736
G1 X231.526 Y372.990
G1 X230.281 Y373.407
G1 X228.586 Y374.158
G1 X226.873 Y375.189
G1 X226.579 Y375.365
G1 X225.023 Y376.622
G1 X224.432 Y377.097
G1 X223.069 Y378.562
G1 X222.322 Y379.362
G1 X221.182 Y381.004
G1 X220.416 Y382.110
G1 X219.521 Y383.900
G1 X218.849 Y385.242
G1 X218.215 Y387.139
G1 X217.719 Y388.625
G1 X217.637 Y388.948
G1 X219.328 Y390.000
G1 X221.998 Y390.000
G1 X222.052 Y389.415
G1 X222.186 Y387.966
G1 X222.973 Y384.516
G1 X223.678 Y382.644
G1 X224.221 Y381.205
G1 X225.178 Y379.450
G1 X225.872 Y378.177
G1 X227.065 Y376.572
G1 X227.823 Y375.551
G1 X229.230 Y374.129
G1 X229.938 Y373.412
G1 X231.524 Y372.196
G1 X232.046 Y371.795
G1 X233.778 Y370.796
G1 X233.982 Y370.679
G1 X235.583 Y369.986
G1 X236.728 Y369.590
G1 X237.336 Y369.320
G1 X237.387 Y368.997
G1 X236.929 Y368.434
G1 X236.068 Y367.472
G1 X234.958 Y365.998
G1 X233.963 Y364.263
G1 X233.785 Y363.954
G1 X233.045 Y362.098
G1 X232.747 Y361.350
G1 X232.290 Y359.403
G1 X232.021 Y358.266
G1 X231.866 Y356.269
G1 X231.753 Y354.829
G1 X231.908 Y352.835
G1 X232.034 Y351.219
G1 X232.496 Y349.273
G1 X232.887 Y347.629
G1 X233.645 Y345.778
G1 X234.244 Y344.316
G1 X234.414 Y343.556
G1 X236.316 Y343.930
G1 X238.235 Y344.211
G1 X240.164 Y344.398
G1 X242.101 Y344.490
G1 X244.039 Y344.486
G1 X245.976 Y344.388
G1 X247.905 Y344.194
G1 X249.822 Y343.906
G1 X251.723 Y343.525
G1 X253.603 Y343.050
G1 X255.457 Y342.484
G1 X257.281 Y341.828
G1 X259.072 Y341.083
G1 X260.822 Y340.251
G1 X262.530 Y339.334
G1 X264.192 Y338.335
G1 X265.802 Y337.254
G1 X267.357 Y336.097
G1 X268.853 Y334.864
G1 X270.288 Y333.559
G1 X271.656 Y332.186
G1 X272.954 Y330.747
G1 X274.183 Y329.246
G1 X275.335 Y327.687
G1 X276.409 Y326.073
G1 X277.403 Y324.409
G1 X278.314 Y322.697
G1 X279.140 Y320.943
G1 X279.878 Y319.149
G1 X280.528 Y317.324
G1 X281.088 Y315.468
G1 X281.556 Y313.585
G1 X281.930 Y311.685
G1 X282.211 Y309.766
G1 X282.398 Y307.835
G1 X282.491 Y305.899
G1 X282.486 Y303.960
G1 X282.388 Y302.024
G1 X282.194 Y300.095
G1 X281.906 Y298.178
G1 X281.525 Y296.277
G1 X281.050 Y294.397
G1 X280.484 Y292.543
G1 X279.828 Y290.719
G1 X279.083 Y288.929
G1 X278.251 Y287.178
G1 X277.334 Y285.470
G1 X276.334 Y283.808
G1 X275.254 Y282.198
G1 X274.097 Y280.643
G1 X272.864 Y279.148
G1 X271.559 Y277.712
G1 X270.186 Y276.344
G1 X268.747 Y275.045
G1 X267.246 Y273.817
G1 X265.687 Y272.665
G1 X264.074 Y271.591
G1 X262.409 Y270.597
G1 X260.697 Y269.686
G1 X258.943 Y268.860
G1 X258.760 Y268.779
G1 X258.861 Y267.176
G1 X258.866 Y267.088
G1 X259.048 Y265.097
G1 X259.057 Y265.000
G1 X259.292 Y263.014
G1 X259.305 Y262.914
G1 X259.592 Y260.937
G1 X259.605 Y260.842
G1 X259.943 Y258.871
G1 X259.957 Y258.792
G1 X260.344 Y256.829
G1 X260.356 Y256.767
G1 X260.791 Y254.816
G1 X260.800 Y254.776
G1 X261.282 Y252.835
G1 X261.286 Y252.819
G1 X261.815 Y250.895
G1 X262.387 Y249.007
G1 X263.003 Y247.153
G1 X263.666 Y245.329
G1 X264.378 Y243.529
G1 X265.145 Y241.748
G1 X265.968 Y239.975
G1 X266.853 Y238.201
G1 X267.791 Y236.434
G1 X267.801 Y236.413
G1 X268.773 Y234.665
G1 X268.813 Y234.594
G1 X269.811 Y232.860
G1 X269.886 Y232.727
G1 X270.897 Y231.002
G1 X271.903 Y229.274
G1 X272.023 Y229.070
G1 X272.190 Y228.783
G1 X273.395 Y226.666
G1 X274.352 Y224.909
G1 X274.613 Y224.429
G1 X275.518 Y222.646
G1 X275.813 Y222.063
G1 X276.649 Y220.247
G1 X276.650 Y220.246
G1 X276.967 Y219.556
G1 X278.039 Y216.910
G1 X278.687 Y215.019
G1 X278.990 Y214.137
G1 X279.520 Y212.208
G1 X279.782 Y211.254
G1 X280.178 Y209.293
G1 X280.381 Y208.292
G1 X280.629 Y206.307
G1 X280.756 Y205.296
G1 X280.846 Y203.299
G1 X280.891 Y202.322
G1 X280.781 Y199.429
G1 X280.534 Y197.444
G1 X280.439 Y196.683
G1 X280.023 Y194.727
G1 X279.899 Y194.149
G1 X279.319 Y192.236
G1 X279.213 Y191.884
G1 X278.486 Y190.021
G1 X278.451 Y189.931
G1 X277.701 Y188.314
G1 X277.052 Y187.033
G1 X276.602 Y186.055
G1 X276.437 Y185.324
G1 X276.625 Y184.756
G1 X277.207 Y184.244
G1 X278.195 Y183.672
G1 X279.562 Y182.921
G1 X281.242 Y181.883
G1 X282.849 Y180.691
G1 X283.144 Y180.472
G1 X284.617 Y179.119
G1 X285.146 Y178.632
G1 X286.453 Y177.118
G1 X287.118 Y176.350
G1 X288.925 Y173.648
G1 X289.817 Y171.858
G1 X290.448 Y170.596
G1 X291.103 Y168.707
G1 X291.593 Y167.291
G1 X291.997 Y165.334
G1 X292.300 Y163.863
G1 X292.447 Y161.869
G1 X292.552 Y160.448
G1 X292.444 Y158.450
G1 X292.374 Y157.178
G1 X292.020 Y155.210
G1 X291.832 Y154.180
G1 X291.246 Y152.267
G1 X291.025 Y151.546
G1 X290.236 Y149.709
G1 X290.075 Y149.337
G1 X289.119 Y147.581
G1 X289.115 Y147.573
G1 X288.277 Y146.231
G1 X287.677 Y145.254
G1 X287.407 Y144.554
G1 X287.527 Y144.017
G1 X288.064 Y143.524
G1 X289.003 Y142.957
G1 X290.304 Y142.205
G1 X291.893 Y141.180
G1 X293.485 Y139.968
G1 X293.681 Y139.819
G1 X295.563 Y138.085
G1 X296.890 Y136.589
G1 X297.434 Y135.976
G1 X298.598 Y134.350
G1 X299.196 Y133.515
G1 X300.181 Y131.773
G1 X300.761 Y130.748
G1 X301.555 Y128.913
G1 X302.060 Y127.746
G1 X302.657 Y125.837
G1 X303.048 Y124.590
G1 X303.446 Y122.630
G1 X303.702 Y121.367
G1 X303.901 Y119.377
G1 X304.021 Y118.166
G1 X304.029 Y116.167
G1 X304.032 Y115.069
G1 X303.857 Y113.077
G1 X303.776 Y112.148
G1 X303.433 Y110.177
G1 X303.308 Y109.457
G1 X302.817 Y107.520
G1 X302.695 Y107.037
G1 X302.010 Y104.909
G1 X301.329 Y103.075
G1 X300.725 Y101.538
G1 X300.284 Y100.317
G1 X300.040 Y99.337
G1 X300.021 Y98.521
G1 X300.245 Y97.796
G1 X300.720 Y97.093
G1 X301.443 Y96.360
G1 X302.403 Y95.548
G1 X304.936 Y93.542
G1 X306.448 Y92.301
G1 X307.947 Y90.997
G1 X308.076 Y90.884
G1 X309.784 Y89.294
G1 X311.176 Y87.900
G1 X311.537 Y87.538
G1 X312.872 Y86.106
G1 X313.310 Y85.637
G1 X314.586 Y84.172
G1 X315.076 Y83.613
G1 X316.300 Y82.126
G1 X316.821 Y81.496
G1 X317.997 Y79.994
G1 X318.532 Y79.316
G1 X319.670 Y77.807
G1 X320.000 Y77.376
G1 X320.000 Y81.358
G1 X318.971 Y82.932
G1 X318.513 Y83.644
G1 X317.405 Y85.229
G1 X316.952 Y85.887
G1 X315.779 Y87.445
G1 X315.346 Y88.025
G1 X314.103 Y89.547
G1 X313.714 Y90.028
G1 X312.402 Y91.504
G1 X312.080 Y91.868
G1 X310.704 Y93.294
G1 X310.476 Y93.530
G1 X308.940 Y95.002
G1 X307.512 Y96.288
G1 X306.231 Y97.403
G1 X305.130 Y98.370
G1 X304.249 Y99.227
G1 X303.609 Y100.021
G1 X303.228 Y100.809
G1 X303.108 Y101.658
G1 X303.235 Y102.622
G1 X303.580 Y103.753
G1 X304.102 Y105.103
G1 X304.746 Y106.713
G1 X305.439 Y108.588
G1 X305.447 Y108.612
G1 X306.044 Y110.521
G1 X306.136 Y110.813
G1 X306.600 Y112.759
G1 X306.731 Y113.308
G1 X307.039 Y115.285
G1 X307.163 Y116.074
G1 X307.295 Y118.071
G1 X307.361 Y119.065
G1 X307.304 Y121.064
G1 X307.271 Y122.218
G1 X307.015 Y124.200
G1 X306.853 Y125.451
G1 X306.393 Y127.397
G1 X306.089 Y128.682
G1 X304.985 Y131.815
G1 X304.120 Y133.618
G1 X303.573 Y134.759
G1 X302.517 Y136.457
G1 X301.910 Y137.432
G1 X300.675 Y139.007
G1 X300.075 Y139.772
G1 X298.681 Y141.205
G1 X298.164 Y141.735
G1 X296.631 Y143.018
G1 X296.287 Y143.306
G1 X294.642 Y144.445
G1 X294.553 Y144.507
G1 X293.066 Y145.383
G1 X291.915 Y146.018
G1 X291.161 Y146.513
G1 X290.832 Y146.992
G1 X290.924 Y147.576
G1 X291.390 Y148.394
G1 X292.147 Y149.547
G1 X293.085 Y151.110
G1 X293.966 Y152.905
G1 X294.073 Y153.124
G1 X294.759 Y155.002
G1 X294.973 Y155.586
G1 X295.433 Y157.532
G1 X295.650 Y158.453
G1 X295.865 Y160.440
G1 X295.994 Y161.633
G1 X295.952 Y163.634
G1 X295.923 Y165.016
G1 X295.621 Y166.994
G1 X295.395 Y168.468
G1 X294.835 Y170.388
G1 X294.412 Y171.843
G1 X293.608 Y173.674
G1 X293.021 Y175.010
G1 X291.306 Y177.855
G1 X290.070 Y179.428
G1 X289.380 Y180.303
G1 X287.969 Y181.718
G1 X287.376 Y182.311
G1 X285.818 Y183.565
G1 X285.425 Y183.882
G1 X283.759 Y184.988
G1 X283.652 Y185.058
G1 X282.160 Y185.917
G1 X281.023 Y186.559
G1 X280.276 Y187.096
G1 X279.922 Y187.648
G1 X279.931 Y188.318
G1 X280.243 Y189.196
G1 X280.781 Y190.347
G1 X281.458 Y191.804
G1 X282.184 Y193.583
G1 X282.815 Y195.480
G1 X282.877 Y195.669
G1 X283.362 Y197.610
G1 X283.467 Y198.026
G1 X283.795 Y199.999
G1 X283.896 Y200.609
G1 X284.065 Y202.602
G1 X284.130 Y203.359
G1 X284.142 Y205.360
G1 X284.147 Y206.220
G1 X284.010 Y208.215
G1 X284.010 Y208.218
G1 X283.946 Y209.132
G1 X283.667 Y211.113
G1 X283.537 Y212.046
G1 X283.131 Y214.004
G1 X282.941 Y214.918
G1 X282.187 Y217.714
G1 X281.566 Y219.615
G1 X281.305 Y220.414
G1 X280.329 Y223.004
G1 X279.557 Y224.849
G1 X279.291 Y225.480
G1 X278.464 Y227.301
G1 X278.220 Y227.843
G1 X277.357 Y229.647
G1 X277.140 Y230.102
G1 X276.256 Y231.895
G1 X276.072 Y232.266
G1 X275.179 Y234.057
G1 X275.031 Y234.354
G1 X274.145 Y236.147
G1 X274.033 Y236.376
G1 X273.163 Y238.177
G1 X273.081 Y238.347
G1 X272.239 Y240.161
G1 X272.184 Y240.283
G1 X271.378 Y242.114
G1 X271.341 Y242.195
G1 X270.577 Y244.044
G1 X270.556 Y244.095
G1 X269.840 Y245.962
G1 X269.840 Y245.965
G1 X269.828 Y245.992
G1 X269.163 Y247.878
G1 X269.158 Y247.893
G1 X268.545 Y249.797
G1 X268.543 Y249.801
G1 X267.984 Y251.721
G1 X267.984 Y251.722
G1 X267.479 Y253.658
G1 X267.028 Y255.606
G1 X266.633 Y257.565
G1 X266.293 Y259.532
G1 X266.009 Y261.495
G1 X265.781 Y263.455
G1 X265.609 Y265.397
G1 X265.489 Y267.309
G1 X265.418 Y269.183
G1 X265.391 Y271.001
G1 X265.396 Y272.464
G1 X266.966 Y273.601
G1 X268.477 Y274.814
G1 X269.929 Y276.101
G1 X271.313 Y277.457
G1 X272.631 Y278.880
G1 X273.877 Y280.365
G1 X275.048 Y281.910
G1 X276.143 Y283.510
G1 X277.157 Y285.162
G1 X278.089 Y286.862
G1 X278.937 Y288.606
G1 X279.698 Y290.390
G1 X280.371 Y292.207
G1 X280.954 Y294.056
G1 X281.445 Y295.932
G1 X281.844 Y297.829
G1 X282.150 Y299.744
G1 X282.359 Y301.671
G1 X282.475 Y303.606
G1 X282.497 Y305.545
G1 X282.422 Y307.482
G1 X282.253 Y309.414
G1 X281.989 Y311.334
G1 X281.631 Y313.240
G1 X281.180 Y315.125
G1 X280.637 Y316.987
G1 X280.004 Y318.819
G1 X279.281 Y320.618
G1 X278.471 Y322.379
G1 X277.576 Y324.099
G1 X276.597 Y325.773
G1 X275.537 Y327.396
G1 X274.398 Y328.966
G1 X273.185 Y330.477
G1 X271.899 Y331.928
G1 X270.543 Y333.313
G1 X269.120 Y334.630
G1 X267.635 Y335.877
G1 X266.090 Y337.048
G1 X264.490 Y338.143
G1 X262.838 Y339.157
G1 X261.138 Y340.089
G1 X259.394 Y340.937
G1 X257.611 Y341.698
G1 X255.793 Y342.371
G1 X253.944 Y342.954
G1 X252.068 Y343.445
G1 X250.171 Y343.844
G1 X248.256 Y344.149
G1 X246.329 Y344.358
G1 X244.394 Y344.475
G1 X242.455 Y344.496
G1 X240.518 Y344.422
G1 X238.586 Y344.252
G1 X237.973 Y344.179
G1 X237.650 Y345.519
G1 X237.262 Y347.136
G1 X237.094 Y349.129
G1 X236.959 Y350.721
G1 X237.094 Y352.716
G1 X237.191 Y354.145
G1 X237.621 Y356.098
G1 X237.871 Y357.239
G1 X238.580 Y359.109
G1 X238.868 Y359.873
G1 X239.825 Y361.629
G1 X240.010 Y361.969
G1 X241.111 Y363.511
G1 X241.992 Y364.545
G1 X242.498 Y365.175
G1 X242.522 Y365.548
G1 X242.010 Y365.839
G1 X240.969 Y366.219
G1 X239.464 Y366.860
G1 X237.715 Y367.830
G1 X237.606 Y367.890
G1 X235.991 Y369.069
G1 X235.545 Y369.395
G1 X234.098 Y370.777
G1 X233.438 Y371.407
G1 X232.194 Y372.973
G1 X231.450 Y373.908
G1 X230.431 Y375.629
G1 X229.722 Y376.825
G1 X228.365 Y380.053
G1 X227.841 Y381.983
G1 X227.443 Y383.457
G1 X227.176 Y385.440
G1 X226.981 Y386.897
G1 X226.968 Y388.897
G1 X226.960 Y390.000
G1 X232.543 Y390.000
G1 X232.474 Y389.696
G1 X232.245 Y387.709
G1 X232.118 Y386.609
G1 X232.129 Y383.297
G1 X232.380 Y381.313
G1 X232.562 Y379.879
G1 X233.065 Y377.943
G1 X233.444 Y376.485
G1 X234.755 Y373.254
G1 X235.747 Y371.517
G1 X236.435 Y370.313
G1 X237.650 Y368.724
G1 X238.381 Y367.769
G1 X239.796 Y366.356
G1 X240.460 Y365.694
G1 X242.046 Y364.477
G1 X242.518 Y364.113
G1 X244.240 Y363.097
G1 X244.398 Y363.003
G1 X245.958 Y362.289
G1 X247.081 Y361.850
G1 X247.697 Y361.534
G1 X247.789 Y361.173
G1 X247.396 Y360.594
G1 X246.611 Y359.651
G1 X245.573 Y358.238
G1 X244.571 Y356.506
G1 X244.447 Y356.290
G1 X243.678 Y354.445
G1 X243.414 Y353.811
G1 X242.909 Y351.877
G1 X242.643 Y350.859
G1 X242.422 Y348.870
G1 X242.274 Y347.541
G1 X242.346 Y345.543
G1 X242.385 Y344.495
G1 X244.324 Y344.478
G1 X246.259 Y344.365
G1 X248.187 Y344.158
G1 X250.102 Y343.856
G1 X252.000 Y343.461
G1 X253.876 Y342.973
G1 X255.726 Y342.394
G1 X257.546 Y341.724
G1 X259.330 Y340.966
G1 X261.077 Y340.122
G1 X262.777 Y339.192
G1 X264.431 Y338.181
G1 X266.034 Y337.089
G1 X267.580 Y335.920
G1 X269.068 Y334.677
G1 X270.492 Y333.362
G1 X271.851 Y331.979
G1 X273.140 Y330.531
G1 X274.356 Y329.022
G1 X275.496 Y327.454
G1 X276.560 Y325.832
G1 X277.542 Y324.160
G1 X278.440 Y322.443
G1 X279.254 Y320.682
G1 X279.979 Y318.885
G1 X280.616 Y317.053
G1 X281.162 Y315.193
G1 X281.616 Y313.308
G1 X281.977 Y311.403
G1 X282.245 Y309.483
G1 X282.417 Y307.552
G1 X282.496 Y305.615
G1 X282.478 Y303.676
G1 X282.365 Y301.741
G1 X282.158 Y299.813
G1 X281.856 Y297.898
G1 X281.461 Y296.000
G1 X280.974 Y294.124
G1 X280.395 Y292.274
G1 X279.724 Y290.454
G1 X278.967 Y288.670
G1 X278.122 Y286.924
G1 X277.192 Y285.223
G1 X276.181 Y283.569
G1 X275.089 Y281.967
G1 X273.920 Y280.420
G1 X272.677 Y278.932
G1 X271.362 Y277.508
G1 X270.529 Y276.104
G1 X270.972 Y274.962
G1 X271.307 Y273.753
G1 X271.558 Y272.468
G1 X271.750 Y271.097
G1 X271.904 Y269.641
G1 X272.043 Y268.103
G1 X272.182 Y266.490
G1 X272.339 Y264.810
G1 X272.521 Y263.071
G1 X272.740 Y261.285
G1 X273.002 Y259.458
G1 X273.312 Y257.601
G1 X273.674 Y255.718
G1 X274.088 Y253.815
G1 X274.558 Y251.896
G1 X275.083 Y249.966
G1 X275.084 Y249.963
G1 X275.656 Y248.047
G1 X275.665 Y248.014
G1 X276.281 Y246.112
G1 X276.301 Y246.049
G1 X276.957 Y244.159
G1 X276.957 Y244.158
G1 X276.991 Y244.062
G1 X277.682 Y242.187
G1 X277.681 Y242.185
G1 X277.732 Y242.048
G1 X278.452 Y240.182
G1 X278.522 Y240.002
G1 X279.261 Y238.142
G1 X279.354 Y237.909
G1 X280.104 Y236.055
G1 X280.221 Y235.765
G1 X280.971 Y233.911
G1 X281.114 Y233.559
G1 X281.851 Y231.699
G1 X282.019 Y231.278
G1 X282.732 Y229.410
G1 X282.920 Y228.918
G1 X283.595 Y227.035
G1 X283.798 Y226.470
G1 X284.421 Y224.570
G1 X284.629 Y223.933
G1 X285.185 Y222.013
G1 X285.389 Y221.308
G1 X285.865 Y219.366
G1 X286.051 Y218.605
G1 X286.431 Y216.642
G1 X286.586 Y215.839
G1 X286.859 Y213.858
G1 X286.973 Y213.035
G1 X287.125 Y211.041
G1 X287.187 Y210.223
G1 X287.210 Y208.224
G1 X287.219 Y207.446
G1 X287.102 Y205.450
G1 X287.062 Y204.751
G1 X286.803 Y202.766
G1 X286.727 Y202.184
G1 X286.325 Y200.225
G1 X286.237 Y199.800
G1 X285.698 Y197.874
G1 X285.634 Y197.645
G1 X284.972 Y195.758
G1 X284.971 Y195.756
G1 X284.318 Y194.157
G1 X283.754 Y192.853
G1 X283.358 Y191.823
G1 X283.210 Y191.024
G1 X283.377 Y190.389
G1 X283.905 Y189.826
G1 X284.814 Y189.232
G1 X286.092 Y188.497
G1 X287.691 Y187.508
G1 X289.314 Y186.339
G1 X289.531 Y186.181
G1 X291.035 Y184.862
G1 X291.506 Y184.447
G1 X292.855 Y182.971
G1 X293.489 Y182.277
G1 X294.653 Y180.651
G1 X295.348 Y179.683
G1 X296.300 Y177.922
G1 X296.956 Y176.710
G1 X297.674 Y174.843
G1 X298.208 Y173.453
G1 X298.675 Y171.509
G1 X299.030 Y170.032
G1 X299.237 Y168.043
G1 X299.237 Y168.041
G1 X299.388 Y166.583
G1 X299.334 Y164.584
G1 X299.298 Y163.252
G1 X298.985 Y161.277
G1 X298.810 Y160.169
G1 X298.255 Y158.247
G1 X298.023 Y157.444
G1 X297.249 Y155.600
G1 X297.060 Y155.150
G1 X296.101 Y153.395
G1 X296.060 Y153.319
G1 X295.166 Y151.937
G1 X294.505 Y150.950
G1 X294.184 Y150.262
G1 X294.269 Y149.760
G1 X294.797 Y149.312
G1 X295.755 Y148.786
G1 X297.093 Y148.062
G1 X298.735 Y147.043
G1 X300.336 Y145.843
G1 X300.580 Y145.661
G1 X302.050 Y144.305
G1 X302.512 Y143.879
G1 X303.827 Y142.373
G1 X304.416 Y141.700
G1 X305.555 Y140.055
G1 X306.183 Y139.150
G1 X307.132 Y137.389
G1 X307.722 Y136.291
G1 X308.469 Y134.436
G1 X308.964 Y133.204
G1 X309.501 Y131.278
G1 X309.863 Y129.978
G1 X310.191 Y128.004
G1 X310.405 Y126.714
G1 X310.526 Y124.718
G1 X310.600 Y123.505
G1 X310.521 Y121.506
G1 X310.481 Y120.437
G1 X310.219 Y118.455
G1 X310.217 Y118.454
G1 X310.103 Y117.582
G1 X309.672 Y115.629
G1 X309.533 Y114.993
G1 X308.961 Y113.077
G1 X308.847 Y112.702
G1 X308.165 Y110.821
G1 X308.128 Y110.720
G1 X307.448 Y109.041
G1 X306.878 Y107.636
G1 X306.477 Y106.465
G1 X306.291 Y105.476
G1 X306.349 Y104.613
G1 X306.667 Y103.811
G1 X307.246 Y103.009
G1 X308.071 Y102.150
G1 X309.117 Y101.185
G1 X310.350 Y100.069
G1 X311.730 Y98.773
G1 X313.135 Y97.350
G1 X313.210 Y97.274
G1 X314.544 Y95.784
G1 X314.745 Y95.561
G1 X315.995 Y94.000
G1 X316.286 Y93.637
G1 X317.452 Y92.018
G1 X317.809 Y91.526
G1 X318.889 Y89.861
G1 X319.282 Y89.262
G1 X320.000 Y88.039
G1 X320.000 Y96.759
G1 X319.626 Y97.300
G1 X318.390 Y98.871
G1 X318.083 Y99.261
G1 X316.760 Y100.761
G1 X316.540 Y101.011
G1 X315.142 Y102.441
G1 X315.042 Y102.544
G1 X313.638 Y103.868
G1 X312.373 Y105.004
G1 X311.292 Y105.982
G1 X310.432 Y106.844
G1 X309.819 Y107.638
G1 X309.471 Y108.427
G1 X309.389 Y109.268
G1 X309.560 Y110.230
G1 X309.956 Y111.373
G1 X310.529 Y112.751
G1 X311.221 Y114.410
G1 X311.924 Y116.283
G1 X311.960 Y116.380
G1 X312.549 Y118.289
G1 X312.665 Y118.666
G1 X313.108 Y120.616
G1 X313.254 Y121.261
G1 X313.525 Y123.242
G1 X313.524 Y123.243
G1 X313.647 Y124.131
G1 X313.727 Y126.129
G1 X313.770 Y127.221
G1 X313.646 Y129.217
G1 X313.569 Y130.455
G1 X313.233 Y132.426
G1 X313.008 Y133.743
G1 X312.456 Y135.665
G1 X312.077 Y136.984
G1 X311.311 Y138.831
G1 X310.795 Y140.075
G1 X309.822 Y141.822
G1 X309.211 Y142.920
G1 X308.042 Y144.543
G1 X307.400 Y145.436
G1 X306.054 Y146.916
G1 X305.462 Y147.567
G1 X303.961 Y148.888
G1 X303.513 Y149.282
G1 X301.884 Y150.441
G1 X301.675 Y150.590
G1 X300.065 Y151.532
G1 X298.786 Y152.189
G1 X297.914 Y152.668
G1 X297.489 Y153.098
G1 X297.512 Y153.615
G1 X297.938 Y154.358
G1 X298.683 Y155.432
G1 X299.632 Y156.928
G1 X300.551 Y158.704
G1 X300.647 Y158.890
G1 X301.366 Y160.755
G1 X301.582 Y161.315
G1 X302.071 Y163.254
G1 X302.298 Y164.158
G1 X302.537 Y166.143
G1 X302.680 Y167.329
G1 X302.642 Y170.711
G1 X302.357 Y172.690
G1 X302.356 Y172.691
G1 X302.145 Y174.164
G1 X301.603 Y176.089
G1 X301.193 Y177.546
G1 X300.407 Y179.385
G1 X299.834 Y180.724
G1 X298.822 Y182.449
G1 X298.153 Y183.589
G1 X296.941 Y185.179
G1 X296.263 Y186.067
G1 X294.877 Y187.509
G1 X294.289 Y188.122
G1 X292.763 Y189.415
G1 X292.359 Y189.758
G1 X290.729 Y190.915
G1 X290.590 Y191.015
G1 X289.075 Y191.963
G1 X287.879 Y192.700
G1 X287.037 Y193.324
G1 X286.553 Y193.938
G1 X286.398 Y194.635
G1 X286.526 Y195.493
G1 X286.874 Y196.564
G1 X287.369 Y197.887
G1 X287.942 Y199.472
G1 X288.524 Y201.314
G1 X289.024 Y203.250
G1 X289.058 Y203.388
G1 X289.438 Y205.352
G1 X289.498 Y205.663
G1 X289.755 Y207.646
G1 X289.813 Y208.096
G1 X289.946 Y210.093
G1 X289.983 Y210.648
G1 X289.996 Y212.648
G1 X290.002 Y213.275
G1 X289.902 Y215.273
G1 X289.870 Y215.939
G1 X289.669 Y217.929
G1 X289.600 Y218.607
G1 X289.307 Y220.585
G1 X289.208 Y221.254
G1 X288.714 Y223.857
G1 X288.272 Y225.808
G1 X288.138 Y226.404
G1 X287.640 Y228.341
G1 X287.500 Y228.887
G1 X286.959 Y230.811
G1 X286.822 Y231.300
G1 X286.251 Y233.216
G1 X286.250 Y233.217
G1 X286.122 Y233.645
G1 X285.529 Y235.555
G1 X285.415 Y235.922
G1 X284.812 Y237.829
G1 X284.714 Y238.136
G1 X284.110 Y240.043
G1 X284.031 Y240.292
G1 X283.434 Y242.200
G1 X283.433 Y242.201
G1 X283.373 Y242.394
G1 X282.792 Y244.307
G1 X282.749 Y244.446
G1 X282.187 Y246.365
G1 X282.161 Y246.453
G1 X281.623 Y248.379
G1 X281.613 Y248.416
G1 X281.105 Y250.337
G1 X280.637 Y252.215
G1 X280.208 Y254.048
G1 X279.812 Y255.837
G1 X279.446 Y257.571
G1 X279.101 Y259.253
G1 X278.768 Y260.875
G1 X278.433 Y262.433
G1 X278.088 Y263.926
G1 X277.710 Y265.353
G1 X277.285 Y266.712
G1 X276.793 Y268.014
G1 X276.213 Y269.267
G1 X275.526 Y270.487
G1 X274.717 Y271.695
G1 X273.770 Y272.918
G1 X272.680 Y274.190
G1 X271.446 Y275.546
G1 X270.464 Y276.610
G1 X271.824 Y277.992
G1 X273.114 Y279.439
G1 X274.332 Y280.947
G1 X275.475 Y282.514
G1 X276.539 Y284.134
G1 X277.522 Y285.805
G1 X278.423 Y287.522
G1 X279.239 Y289.281
G1 X279.965 Y291.078
G1 X280.604 Y292.909
G1 X281.152 Y294.768
G1 X281.608 Y296.653
G1 X281.971 Y298.557
G1 X282.240 Y300.477
G1 X282.415 Y302.408
G1 X282.495 Y304.345
G1 X282.479 Y306.285
G1 X282.369 Y308.220
G1 X282.163 Y310.147
G1 X281.863 Y312.063
G1 X281.470 Y313.961
G1 X280.984 Y315.838
G1 X280.406 Y317.689
G1 X279.739 Y319.509
G1 X278.983 Y321.294
G1 X278.140 Y323.040
G1 X277.211 Y324.743
G1 X276.203 Y326.398
G1 X275.112 Y328.002
G1 X273.945 Y329.549
G1 X272.703 Y331.038
G1 X271.390 Y332.464
G1 X270.009 Y333.824
G1 X268.561 Y335.114
G1 X267.053 Y336.332
G1 X265.486 Y337.475
G1 X263.866 Y338.539
G1 X262.195 Y339.522
G1 X260.478 Y340.423
G1 X258.719 Y341.238
G1 X256.922 Y341.965
G1 X255.091 Y342.604
G1 X253.232 Y343.151
G1 X251.347 Y343.608
G1 X249.443 Y343.971
G1 X247.757 Y344.212
G1 X248.014 Y345.914
G1 X248.200 Y347.145
G1 X248.771 Y349.062
G1 X249.040 Y349.965
G1 X249.862 Y351.788
G1 X250.093 Y352.302
G1 X251.130 Y354.012
G1 X251.192 Y354.116
G1 X252.167 Y355.420
G1 X252.858 Y356.282
G1 X253.145 Y356.819
G1 X252.945 Y357.179
G1 X252.235 Y357.525
G1 X251.038 Y358.019
G1 X249.432 Y358.805
G1 X247.736 Y359.863
G1 X247.533 Y359.990
G1 X245.975 Y361.245
G1 X245.480 Y361.641
G1 X244.094 Y363.082
G1 X243.429 Y363.774
G1 X242.242 Y365.383
G1 X241.524 Y366.360
G1 X240.558 Y368.111
G1 X239.890 Y369.322
G1 X239.161 Y371.184
G1 X238.623 Y372.559
G1 X237.779 Y375.942
G1 X237.541 Y377.928
G1 X237.373 Y379.339
G1 X237.377 Y381.340
G1 X237.379 Y382.626
G1 X237.612 Y384.612
G1 X237.739 Y385.690
G1 X238.182 Y387.640
G1 X238.366 Y388.450
G1 X238.877 Y390.000
G1 X246.091 Y390.000
G1 X245.665 Y389.127
G1 X244.855 Y387.299
G1 X244.834 Y387.251
G1 X244.151 Y385.371
G1 X244.017 Y385.004
G1 X243.501 Y383.072
G1 X243.320 Y382.394
G1 X243.000 Y380.419
G1 X242.845 Y379.459
G1 X242.744 Y377.462
G1 X242.683 Y376.268
G1 X242.815 Y374.273
G1 X242.905 Y372.918
G1 X243.279 Y370.954
G1 X243.551 Y369.525
G1 X244.622 Y366.218
G1 X246.085 Y363.124
G1 X247.164 Y361.441
G1 X247.862 Y360.353
G1 X249.150 Y358.824
G1 X249.846 Y358.000
G1 X251.901 Y356.106
G1 X253.526 Y354.940
G1 X253.882 Y354.684
G1 X255.626 Y353.704
G1 X255.645 Y353.693
G1 X257.060 Y353.048
G1 X258.035 Y352.627
G1 X258.515 Y352.279
G1 X258.497 Y351.845
G1 X258.033 Y351.171
G1 X257.220 Y350.125
G1 X256.191 Y348.613
G1 X255.248 Y346.850
G1 X255.109 Y346.590
G1 X254.390 Y344.724
G1 X254.136 Y344.064
G1 X253.876 Y342.973
G1 X255.726 Y342.394
G1 X257.546 Y341.724
G1 X259.330 Y340.966
G1 X261.075 Y340.122
G1 X262.777 Y339.192
G1 X264.431 Y338.181
G1 X266.034 Y337.089
G1 X267.580 Y335.921
G1 X269.067 Y334.677
G1 X270.492 Y333.362
G1 X271.851 Y331.979
G1 X273.140 Y330.531
G1 X274.356 Y329.022
G1 X275.496 Y327.454
G1 X276.560 Y325.832
G1 X277.541 Y324.161
G1 X278.440 Y322.443
G1 X279.253 Y320.683
G1 X279.979 Y318.885
G1 X280.616 Y317.054
G1 X281.162 Y315.193
G1 X281.616 Y313.309
G1 X281.977 Y311.404
G1 X282.245 Y309.484
G1 X282.417 Y307.552
G1 X282.496 Y305.615
G1 X282.478 Y303.677
G1 X282.365 Y301.741
G1 X282.158 Y299.813
G1 X281.856 Y297.898
G1 X281.461 Y296.000
G1 X280.974 Y294.124
G1 X280.395 Y292.274
G1 X279.724 Y290.454
G1 X278.967 Y288.670
G1 X278.122 Y286.925
G1 X277.192 Y285.223
G1 X276.181 Y283.569
G1 X275.089 Y281.967
G1 X273.921 Y280.420
G1 X272.677 Y278.933
G1 X271.362 Y277.508
G1 X270.734 Y276.874
G1 X272.051 Y274.950
G1 X273.246 Y273.345
G1 X273.526 Y272.968
G1 X274.764 Y271.398
G1 X274.950 Y271.163
G1 X276.205 Y269.607
G1 X276.293 Y269.500
G1 X277.535 Y267.950
G1 X278.670 Y266.480
G1 X279.694 Y265.062
G1 X280.612 Y263.668
G1 X281.430 Y262.275
G1 X282.165 Y260.862
G1 X282.825 Y259.420
G1 X283.430 Y257.935
G1 X283.989 Y256.397
G1 X284.519 Y254.805
G1 X285.027 Y253.156
G1 X285.527 Y251.447
G1 X286.025 Y249.680
G1 X286.528 Y247.855
G1 X287.039 Y245.967
G1 X287.554 Y244.035
G1 X287.559 Y244.023
G1 X288.070 Y242.089
G1 X288.089 Y242.019
G1 X288.592 Y240.083
G1 X288.625 Y239.957
G1 X289.117 Y238.018
G1 X289.165 Y237.834
G1 X289.698 Y235.651
G1 X290.150 Y233.703
G1 X290.218 Y233.408
G1 X290.639 Y231.453
G1 X290.713 Y231.107
G1 X291.095 Y229.145
G1 X291.170 Y228.753
G1 X291.504 Y226.781
G1 X291.576 Y226.349
G1 X291.851 Y224.368
G1 X291.918 Y223.906
G1 X292.124 Y221.917
G1 X292.174 Y221.435
G1 X292.337 Y218.955
G1 X292.382 Y216.955
G1 X292.393 Y216.488
G1 X292.345 Y214.489
G1 X292.335 Y214.059
G1 X292.189 Y212.065
G1 X292.162 Y211.700
G1 X291.916 Y209.716
G1 X291.916 Y209.715
G1 X291.881 Y209.443
G1 X291.533 Y207.474
G1 X291.506 Y207.322
G1 X291.064 Y205.372
G1 X290.591 Y203.616
G1 X290.133 Y202.077
G1 X289.746 Y200.761
G1 X289.491 Y199.661
G1 X289.427 Y198.751
G1 X289.612 Y197.987
G1 X290.091 Y197.304
G1 X290.893 Y196.624
G1 X292.022 Y195.857
G1 X293.458 Y194.908
G1 X295.081 Y193.741
G1 X295.147 Y193.694
G1 X296.682 Y192.411
G1 X297.013 Y192.134
G1 X298.424 Y190.717
G1 X298.953 Y190.186
G1 X300.206 Y188.626
G1 X300.850 Y187.826
G1 X301.915 Y186.135
G1 X302.581 Y185.080
G1 X303.435 Y183.272
G1 X304.034 Y182.002
G1 X304.654 Y180.101
G1 X305.116 Y178.686
G1 X305.484 Y176.723
G1 X305.760 Y175.254
G1 X305.872 Y173.257
G1 X305.949 Y171.842
G1 X305.799 Y169.848
G1 X305.704 Y168.590
G1 X305.299 Y166.631
G1 X305.091 Y165.626
G1 X304.448 Y163.733
G1 X304.215 Y163.052
G1 X303.357 Y161.245
G1 X303.207 Y160.931
G1 X302.214 Y159.283
G1 X301.379 Y158.081
G1 X300.833 Y157.253
G1 X300.670 Y156.691
G1 X300.955 Y156.265
G1 X301.702 Y155.831
G1 X302.881 Y155.253
G1 X304.426 Y154.411
G1 X306.093 Y153.306
G1 X306.236 Y153.211
G1 X307.780 Y151.939
G1 X308.192 Y151.599
G1 X309.582 Y150.161
G1 X310.166 Y149.559
G1 X311.377 Y147.968
G1 X311.378 Y147.967
G1 X312.033 Y147.108
G1 X313.047 Y145.385
G1 X313.685 Y144.304
G1 X314.490 Y142.473
G1 X315.037 Y141.229
G1 X315.624 Y139.317
G1 X316.032 Y137.982
G1 X316.645 Y134.670
G1 X316.790 Y132.676
G1 X316.881 Y131.402
G1 X316.815 Y129.403
G1 X316.779 Y128.273
G1 X316.513 Y126.291
G1 X316.388 Y125.366
G1 X315.945 Y123.416
G1 X315.792 Y122.740
G1 X315.194 Y120.831
G1 X315.069 Y120.431
G1 X314.352 Y118.564
G1 X314.309 Y118.453
G1 X313.596 Y116.795
G1 X313.006 Y115.426
G1 X312.600 Y114.299
G1 X312.427 Y113.356
G1 X312.517 Y112.535
G1 X312.879 Y111.764
G1 X313.512 Y110.980
G1 X314.398 Y110.123
G1 X315.505 Y109.141
G1 X316.795 Y107.993
G1 X316.924 Y107.877
G1 X316.327 Y109.326
G1 X315.819 Y110.677
G1 X315.421 Y111.944
G1 X315.148 Y113.144
G1 X315.013 Y114.299
G1 X315.026 Y115.430
G1 X315.191 Y116.565
G1 X315.409 Y117.408
G1 X315.509 Y118.284
G1 X315.861 Y119.332
G1 X316.421 Y120.612
G1 X317.130 Y122.181
G1 X317.892 Y124.030
G1 X317.909 Y124.073
G1 X318.555 Y125.966
G1 X318.672 Y126.309
G1 X319.165 Y128.246
G1 X319.326 Y128.878
G1 X319.639 Y130.853
G1 X319.781 Y131.750
G1 X319.894 Y133.747
G1 X319.955 Y134.864
G1 X319.851 Y136.862
G1 X319.784 Y138.141
G1 X319.454 Y140.113
G1 X319.453 Y140.114
G1 X319.226 Y141.477
G1 X318.669 Y143.398
G1 X318.273 Y144.763
G1 X317.489 Y146.603
G1 X316.945 Y147.882
G1 X315.298 Y150.730
G1 X314.095 Y152.327
G1 X313.423 Y153.218
G1 X312.037 Y154.660
G1 X311.431 Y155.289
G1 X309.886 Y156.559
G1 X309.451 Y156.919
G1 X307.779 Y158.015
G1 X307.617 Y158.121
G1 X306.054 Y158.958
G1 X304.861 Y159.525
G1 X304.113 Y159.945
G1 X303.832 Y160.362
G1 X304.003 Y160.917
G1 X304.559 Y161.748
G1 X305.400 Y162.957
G1 X306.394 Y164.614
G1 X307.246 Y166.423
G1 X307.396 Y166.743
G1 X308.034 Y168.638
G1 X308.262 Y169.319
G1 X308.661 Y171.278
G1 X308.660 Y171.279
G1 X308.864 Y172.276
G1 X309.011 Y174.270
G1 X309.102 Y175.513
G1 X308.992 Y177.510
G1 X308.915 Y178.904
G1 X308.552 Y180.870
G1 X308.286 Y182.312
G1 X307.679 Y184.218
G1 X307.237 Y185.611
G1 X306.403 Y187.427
G1 X305.829 Y188.679
G1 X304.152 Y191.438
G1 X302.933 Y193.024
G1 X302.312 Y193.833
G1 X300.943 Y195.290
G1 X300.422 Y195.845
G1 X298.933 Y197.180
G1 X298.588 Y197.490
G1 X297.015 Y198.725
G1 X296.903 Y198.812
G1 X295.439 Y199.876
G1 X294.240 Y200.759
G1 X293.332 Y201.543
G1 X292.710 Y202.305
G1 X292.353 Y203.111
G1 X292.227 Y204.023
G1 X292.284 Y205.077
G1 X292.476 Y206.300
G1 X292.755 Y207.701
G1 X293.072 Y209.278
G1 X293.391 Y211.019
G1 X293.678 Y212.905
G1 X293.909 Y214.892
G1 X293.910 Y214.911
G1 X294.071 Y217.013
G1 X294.146 Y219.010
G1 X294.146 Y219.013
G1 X294.152 Y219.183
G1 X294.150 Y221.182
G1 X294.150 Y221.399
G1 X294.076 Y223.397
G1 X294.067 Y223.637
G1 X293.924 Y225.632
G1 X293.906 Y225.881
G1 X293.701 Y227.870
G1 X293.675 Y228.112
G1 X293.415 Y230.095
G1 X293.386 Y230.321
G1 X293.072 Y232.295
G1 X293.040 Y232.493
G1 X292.680 Y234.459
G1 X292.649 Y234.625
G1 X292.248 Y236.584
G1 X292.221 Y236.710
G1 X291.777 Y238.662
G1 X291.758 Y238.745
G1 X291.276 Y240.686
G1 X291.266 Y240.725
G1 X290.744 Y242.653
G1 X290.197 Y244.528
G1 X289.618 Y246.349
G1 X289.006 Y248.122
G1 X288.354 Y249.848
G1 X287.657 Y251.534
G1 X286.906 Y253.188
G1 X286.093 Y254.820
G1 X285.212 Y256.442
G1 X284.255 Y258.071
G1 X283.218 Y259.727
G1 X282.119 Y261.396
G1 X282.100 Y261.425
G1 X280.981 Y263.084
G1 X280.906 Y263.195
G1 X279.784 Y264.851
G1 X279.643 Y265.058
G1 X278.538 Y266.725
G1 X278.329 Y267.041
G1 X277.261 Y268.731
G1 X276.985 Y269.165
G1 X275.972 Y270.888
G1 X275.643 Y271.447
G1 X274.707 Y273.213
G1 X274.342 Y273.899
G1 X273.499 Y275.713
G1 X273.122 Y276.524
G1 X272.546 Y277.995
G1 X272.157 Y278.351
G1 X273.429 Y279.813
G1 X274.628 Y281.337
G1 X275.751 Y282.917
G1 X276.795 Y284.551
G1 X277.758 Y286.234
G1 X278.637 Y287.961
G1 X279.430 Y289.732
G1 X280.135 Y291.537
G1 X280.751 Y293.376
G1 X281.276 Y295.242
G1 X281.708 Y297.132
G1 X282.048 Y299.041
G1 X282.293 Y300.964
G1 X282.444 Y302.897
G1 X282.500 Y304.835
G1 X282.460 Y306.773
G1 X282.326 Y308.707
G1 X282.096 Y310.632
G1 X281.773 Y312.544
G1 X281.356 Y314.437
G1 X280.847 Y316.308
G1 X280.246 Y318.152
G1 X279.556 Y319.963
G1 X278.778 Y321.739
G1 X277.913 Y323.475
G1 X276.966 Y325.165
G1 X275.934 Y326.808
G1 X274.825 Y328.396
G1 X273.639 Y329.931
G1 X272.378 Y331.404
G1 X271.047 Y332.814
G1 X269.649 Y334.156
G1 X268.186 Y335.429
G1 X266.663 Y336.628
G1 X265.082 Y337.751
G1 X263.449 Y338.795
G1 X261.766 Y339.758
G1 X260.236 Y340.541
G1 X261.016 Y342.228
G1 X261.017 Y342.230
G1 X261.217 Y342.660
G1 X262.257 Y344.369
G1 X262.278 Y344.403
G1 X263.198 Y345.658
G1 X263.831 Y346.503
G1 X264.063 Y347.041
G1 X263.825 Y347.422
G1 X263.091 Y347.799
G1 X261.890 Y348.326
G1 X260.295 Y349.137
G1 X258.611 Y350.213
G1 X258.419 Y350.336
G1 X256.867 Y351.598
G1 X256.394 Y351.984
G1 X255.008 Y353.427
G1 X254.364 Y354.099
G1 X252.470 Y356.654
G1 X250.833 Y359.579
G1 X250.089 Y361.435
G1 X249.549 Y362.778
G1 X249.040 Y364.712
G1 X248.668 Y366.130
G1 X248.400 Y368.112
G1 X248.213 Y369.510
G1 X248.181 Y371.510
G1 X248.161 Y372.796
G1 X248.356 Y374.786
G1 X248.462 Y375.880
G1 X248.866 Y377.839
G1 X249.038 Y378.679
G1 X249.623 Y380.591
G1 X249.790 Y381.139
G1 X250.526 Y382.997
G1 X250.616 Y383.229
G1 X251.418 Y384.960
G1 X252.099 Y386.361
G1 X252.585 Y387.485
G1 X252.819 Y388.400
G1 X252.769 Y389.182
G1 X252.420 Y389.909
G1 X252.372 Y389.977
G1 X253.903 Y388.692
G1 X254.139 Y388.493
G1 X255.466 Y387.132
G1 X255.546 Y387.044
G1 X256.630 Y386.106
G1 X257.480 Y385.297
G1 X258.056 Y384.559
G1 X258.341 Y383.826
G1 X258.328 Y383.021
G1 X258.035 Y382.065
G1 X257.501 Y380.887
G1 X256.791 Y379.418
G1 X255.978 Y377.611
G1 X255.272 Y375.739
G1 X255.160 Y375.441
G1 X254.612 Y373.518
G1 X254.439 Y372.910
G1 X254.079 Y370.943
G1 X253.915 Y370.047
G1 X253.767 Y368.053
G1 X253.683 Y366.916
G1 X253.762 Y364.918
G1 X253.814 Y363.604
G1 X254.130 Y361.630
G1 X254.355 Y360.224
G1 X254.911 Y358.304
G1 X255.318 Y356.895
G1 X256.677 Y353.745
G1 X257.697 Y352.024
G1 X258.368 Y350.887
G1 X259.597 Y349.311
G1 X260.294 Y348.415
G1 X261.711 Y347.003
G1 X262.329 Y346.387
G1 X263.906 Y345.156
G1 X264.333 Y344.824
G1 X266.038 Y343.778
G1 X266.164 Y343.700
G1 X267.692 Y342.945
G1 X268.812 Y342.450
G1 X269.461 Y342.079
G1 X269.619 Y341.674
G1 X269.318 Y341.088
G1 X268.635 Y340.182
G1 X267.690 Y338.851
G1 X266.894 Y337.486
G1 X266.404 Y336.820
G1 X267.937 Y335.633
G1 X269.411 Y334.372
G1 X270.820 Y333.041
G1 X272.162 Y331.642
G1 X273.435 Y330.179
G1 X274.633 Y328.655
G1 X275.756 Y327.075
G1 X276.800 Y325.441
G1 X277.762 Y323.758
G1 X278.640 Y322.030
G1 X279.433 Y320.260
G1 X280.138 Y318.454
G1 X280.753 Y316.616
G1 X281.278 Y314.749
G1 X281.710 Y312.859
G1 X282.049 Y310.950
G1 X282.294 Y309.027
G1 X282.444 Y307.094
G1 X282.499 Y305.156
G1 X282.460 Y303.218
G1 X282.325 Y301.284
G1 X282.095 Y299.359
G1 X281.771 Y297.447
G1 X281.354 Y295.555
G1 X280.844 Y293.683
G1 X280.243 Y291.840
G1 X279.553 Y290.029
G1 X278.773 Y288.253
G1 X277.909 Y286.518
G1 X276.960 Y284.826
G1 X275.930 Y283.186
G1 X275.845 Y283.057
G1 X276.004 Y281.436
G1 X276.097 Y280.459
G1 X276.437 Y278.486
G1 X276.606 Y277.507
G1 X277.308 Y274.617
G1 X277.898 Y272.708
G1 X278.171 Y271.823
G1 X278.863 Y269.948
G1 X279.158 Y269.147
G1 X279.934 Y267.304
G1 X280.232 Y266.598
G1 X281.358 Y264.178
G1 X282.253 Y262.390
G1 X282.507 Y261.880
G1 X283.435 Y260.108
G1 X283.649 Y259.695
G1 X284.594 Y257.932
G1 X284.769 Y257.606
G1 X285.713 Y255.844
G1 X285.847 Y255.598
G1 X286.779 Y253.828
G1 X286.873 Y253.649
G1 X287.781 Y251.867
G1 X287.841 Y251.748
G1 X288.713 Y249.948
G1 X288.748 Y249.876
G1 X289.575 Y248.055
G1 X289.592 Y248.018
G1 X290.368 Y246.175
G1 X290.372 Y246.163
G1 X291.094 Y244.301
G1 X291.756 Y242.425
G1 X292.359 Y240.528
G1 X292.906 Y238.609
G1 X293.396 Y236.669
G1 X293.397 Y236.665
G1 X293.828 Y234.712
G1 X293.831 Y234.699
G1 X294.203 Y232.734
G1 X294.207 Y232.712
G1 X294.519 Y230.738
G1 X294.525 Y230.710
G1 X294.775 Y228.726
G1 X294.779 Y228.702
G1 X294.969 Y226.711
G1 X294.971 Y226.696
G1 X295.099 Y224.705
G1 X295.164 Y222.744
G1 X295.171 Y220.829
G1 X295.124 Y218.976
G1 X295.037 Y217.206
G1 X294.924 Y215.534
G1 X294.807 Y213.977
G1 X294.713 Y212.546
G1 X294.675 Y211.248
G1 X294.728 Y210.081
G1 X294.911 Y209.030
G1 X295.262 Y208.075
G1 X295.814 Y207.180
G1 X296.596 Y206.298
G1 X297.622 Y205.371
G1 X298.888 Y204.333
G1 X300.375 Y203.118
G1 X301.880 Y201.801
G1 X302.041 Y201.660
G1 X303.466 Y200.256
G1 X303.824 Y199.906
G1 X305.137 Y198.397
G1 X305.642 Y197.819
G1 X306.813 Y196.195
G1 X307.402 Y195.380
G1 X309.003 Y192.613
G1 X309.810 Y190.783
G1 X310.350 Y189.559
G1 X310.942 Y187.648
G1 X311.360 Y186.296
G1 X311.719 Y184.330
G1 X311.974 Y182.927
G1 X312.089 Y180.930
G1 X312.168 Y179.571
G1 X312.035 Y177.576
G1 X312.035 Y177.575
G1 X311.952 Y176.356
G1 X311.572 Y174.392
G1 X311.380 Y173.403
G1 X310.766 Y171.499
G1 X310.545 Y170.814
G1 X309.716 Y168.994
G1 X309.563 Y168.658
G1 X308.575 Y166.964
G1 X307.724 Y165.718
G1 X307.142 Y164.857
G1 X306.936 Y164.282
G1 X307.176 Y163.862
G1 X307.889 Y163.454
G1 X309.052 Y162.911
G1 X310.601 Y162.105
G1 X312.286 Y161.027
G1 X312.436 Y160.933
G1 X313.993 Y159.679
G1 X314.425 Y159.330
G1 X315.826 Y157.901
G1 X316.439 Y157.275
G1 X317.653 Y155.685
G1 X318.338 Y154.789
G1 X319.344 Y153.061
G1 X320.000 Y151.936
G1 X320.000 Y160.782
G1 X319.940 Y160.865
G1 X318.578 Y162.329
G1 X317.929 Y163.026
G1 X316.399 Y164.315
G1 X315.909 Y164.728
G1 X314.245 Y165.837
G1 X314.022 Y165.987
G1 X312.400 Y166.859
G1 X311.147 Y167.445
G1 X310.337 Y167.871
G1 X309.995 Y168.283
G1 X310.104 Y168.822
G1 X310.599 Y169.619
G1 X311.381 Y170.777
G1 X312.324 Y172.359
G1 X313.186 Y174.164
G1 X313.293 Y174.390
G1 X313.954 Y176.277
G1 X314.153 Y176.846
G1 X314.592 Y178.798
G1 X314.788 Y179.670
G1 X314.993 Y181.659
G1 X315.107 Y182.770
G1 X315.075 Y184.770
G1 X315.055 Y186.040
G1 X314.611 Y189.362
G1 X314.123 Y191.301
G1 X313.791 Y192.625
G1 X313.095 Y194.500
G1 X312.637 Y195.734
G1 X311.219 Y198.615
G1 X310.170 Y200.316
G1 X309.617 Y201.213
G1 X308.429 Y202.821
G1 X307.916 Y203.511
G1 X306.613 Y205.029
G1 X306.198 Y205.511
G1 X304.810 Y206.951
G1 X304.537 Y207.236
G1 X303.094 Y208.619
G1 X302.990 Y208.720
G1 X301.600 Y210.017
G1 X300.393 Y211.180
G1 X299.378 Y212.257
G1 X298.551 Y213.303
G1 X297.898 Y214.356
G1 X297.398 Y215.450
G1 X297.022 Y216.612
G1 X296.744 Y217.852
G1 X296.535 Y219.183
G1 X296.369 Y220.605
G1 X296.223 Y222.115
G1 X296.076 Y223.708
G1 X295.914 Y225.372
G1 X295.720 Y227.098
G1 X295.488 Y228.875
G1 X295.210 Y230.697
G1 X294.878 Y232.553
G1 X294.492 Y234.436
G1 X294.048 Y236.342
G1 X293.545 Y238.268
G1 X292.991 Y240.190
G1 X292.985 Y240.214
G1 X292.384 Y242.122
G1 X292.366 Y242.181
G1 X291.723 Y244.075
G1 X291.690 Y244.172
G1 X291.013 Y246.054
G1 X290.961 Y246.194
G1 X290.254 Y248.065
G1 X290.183 Y248.255
G1 X289.456 Y250.117
G1 X289.361 Y250.359
G1 X288.624 Y252.218
G1 X288.504 Y252.523
G1 X287.768 Y254.380
G1 X287.769 Y254.381
G1 X287.623 Y254.748
G1 X286.902 Y256.614
G1 X286.732 Y257.054
G1 X286.037 Y258.927
G1 X285.848 Y259.439
G1 X285.196 Y261.329
G1 X284.994 Y261.913
G1 X284.397 Y263.823
G1 X284.192 Y264.478
G1 X283.666 Y266.409
G1 X283.470 Y267.131
G1 X283.031 Y269.081
G1 X282.855 Y269.857
G1 X282.515 Y271.827
G1 X282.375 Y272.639
G1 X282.147 Y274.626
G1 X282.053 Y275.450
G1 X281.950 Y277.447
G1 X281.909 Y278.253
G1 X281.941 Y280.253
G1 X281.953 Y281.007
G1 X282.127 Y282.998
G1 X282.184 Y283.660
G1 X282.503 Y285.635
G1 X282.587 Y286.162
G1 X283.050 Y288.108
G1 X283.133 Y288.461
G1 X283.731 Y290.369
G1 X283.774 Y290.512
G1 X284.450 Y292.281
G1 X285.083 Y293.753
G1 X285.593 Y294.931
G1 X285.896 Y295.846
G1 X285.915 Y296.553
G1 X285.592 Y297.132
G1 X284.888 Y297.683
G1 X283.796 Y298.318
G1 X282.426 Y299.105
G1 X282.066 Y299.160
G1 X282.305 Y301.082
G1 X282.450 Y303.016
G1 X282.500 Y304.954
G1 X282.455 Y306.892
G1 X282.314 Y308.826
G1 X282.079 Y310.749
G1 X281.750 Y312.661
G1 X281.327 Y314.553
G1 X280.812 Y316.422
G1 X280.206 Y318.264
G1 X279.510 Y320.073
G1 X278.727 Y321.847
G1 X277.858 Y323.580
G1 X276.904 Y325.268
G1 X275.869 Y326.907
G1 X274.754 Y328.493
G1 X273.563 Y330.023
G1 X272.298 Y331.492
G1 X272.265 Y331.531
G1 X272.934 Y332.762
G1 X273.038 Y332.952
G1 X274.023 Y334.406
G1 X274.784 Y335.416
G1 X275.194 Y336.075
G1 X275.160 Y336.513
G1 X274.640 Y336.878
G1 X273.640 Y337.328
G1 X272.208 Y338.001
G1 X270.476 Y339.001
G1 X270.445 Y339.020
G1 X268.831 Y340.203
G1 X268.471 Y340.464
G1 X267.010 Y341.829
G1 X266.428 Y342.371
G1 X265.148 Y343.907
G1 X264.459 Y344.734
G1 X263.384 Y346.420
G1 X262.695 Y347.501
G1 X261.844 Y349.310
G1 X261.242 Y350.589
G1 X260.627 Y352.492
G1 X260.625 Y352.492
G1 X260.174 Y353.887
G1 X259.797 Y355.851
G1 X259.526 Y357.269
G1 X259.389 Y359.265
G1 X259.296 Y360.613
G1 X259.391 Y362.611
G1 X259.447 Y363.801
G1 X259.760 Y365.777
G1 X259.912 Y366.738
G1 X260.419 Y368.672
G1 X260.597 Y369.355
G1 X261.273 Y371.237
G1 X261.407 Y371.613
G1 X262.208 Y373.445
G1 X262.234 Y373.503
G1 X262.982 Y375.044
G1 X263.565 Y376.280
G1 X263.918 Y377.274
G1 X263.996 Y378.102
G1 X263.777 Y378.835
G1 X263.258 Y379.561
G1 X262.462 Y380.344
G1 X261.416 Y381.247
G1 X260.168 Y382.316
G1 X258.767 Y383.585
G1 X257.349 Y384.995
G1 X257.272 Y385.072
G1 X257.129 Y385.222
G1 X257.594 Y385.000
G1 X258.060 Y385.261
G1 X258.096 Y385.298
G1 X259.224 Y383.647
G1 X259.583 Y383.122
G1 X260.815 Y381.546
G1 X261.128 Y381.146
G1 X262.455 Y379.650
G1 X262.690 Y379.388
G1 X264.102 Y377.972
G1 X264.215 Y377.858
G1 X265.651 Y376.554
G1 X266.943 Y375.460
G1 X268.037 Y374.543
G1 X268.881 Y373.759
G1 X269.444 Y373.043
G1 X269.703 Y372.328
G1 X269.657 Y371.533
G1 X269.325 Y370.571
G1 X268.753 Y369.371
G1 X268.006 Y367.865
G1 X267.184 Y366.043
G1 X267.169 Y366.010
G1 X266.475 Y364.134
G1 X266.342 Y363.779
G1 X265.817 Y361.849
G1 X265.634 Y361.180
G1 X265.146 Y358.253
G1 X265.036 Y356.256
G1 X264.971 Y355.066
G1 X265.095 Y353.070
G1 X265.179 Y351.717
G1 X265.544 Y349.751
G1 X265.811 Y348.323
G1 X266.420 Y346.418
G1 X266.870 Y345.012
G1 X268.321 Y341.909
G1 X269.394 Y340.221
G1 X270.088 Y339.129
G1 X271.370 Y337.593
G1 X272.064 Y336.759
G1 X273.528 Y335.396
G1 X274.114 Y334.849
G1 X275.731 Y333.672
G1 X276.095 Y333.407
G1 X277.830 Y332.412
G1 X277.864 Y332.394
G1 X279.295 Y331.725
G1 X280.293 Y331.283
G1 X280.806 Y330.921
G1 X280.833 Y330.484
G1 X280.416 Y329.821
G1 X279.650 Y328.804
G1 X278.663 Y327.342
G1 X277.713 Y325.583
G1 X276.977 Y325.146
G1 X277.924 Y323.455
G1 X278.787 Y321.719
G1 X279.565 Y319.943
G1 X280.254 Y318.131
G1 X280.852 Y316.287
G1 X281.361 Y314.416
G1 X281.777 Y312.522
G1 X282.100 Y310.610
G1 X282.328 Y308.685
G1 X282.461 Y306.751
G1 X282.500 Y304.813
G1 X282.443 Y302.875
G1 X282.291 Y300.942
G1 X282.045 Y299.019
G1 X282.154 Y298.175
G1 X283.558 Y296.752
G1 X284.132 Y296.170
G1 X286.047 Y294.581
G1 X287.685 Y293.433
G1 X287.789 Y293.360
G1 X289.267 Y292.434
G1 X290.421 Y291.706
G1 X291.225 Y291.074
G1 X291.682 Y290.440
G1 X291.823 Y289.715
G1 X291.694 Y288.830
G1 X291.360 Y287.730
G1 X290.890 Y286.389
G1 X290.351 Y284.799
G1 X289.807 Y282.967
G1 X289.337 Y281.023
G1 X289.311 Y280.918
G1 X288.951 Y278.950
G1 X288.902 Y278.683
G1 X288.658 Y276.698
G1 X288.609 Y276.302
G1 X288.482 Y274.306
G1 X288.449 Y273.813
G1 X288.432 Y271.813
G1 X288.426 Y271.256
G1 X288.514 Y269.258
G1 X288.539 Y268.666
G1 X288.720 Y266.674
G1 X288.775 Y266.072
G1 X289.041 Y264.089
G1 X289.120 Y263.498
G1 X289.457 Y261.527
G1 X289.555 Y260.963
G1 X289.955 Y259.004
G1 X290.062 Y258.479
G1 X290.512 Y256.531
G1 X290.623 Y256.056
G1 X291.111 Y254.117
G1 X291.217 Y253.696
G1 X291.734 Y251.764
G1 X291.831 Y251.402
G1 X292.451 Y249.173
G1 X292.995 Y247.249
G1 X293.064 Y247.006
G1 X293.610 Y245.081
G1 X293.662 Y244.900
G1 X294.204 Y242.975
G1 X294.239 Y242.852
G1 X294.771 Y240.924
G1 X294.789 Y240.860
G1 X295.308 Y238.929
G1 X295.311 Y238.924
G1 X295.802 Y237.043
G1 X296.268 Y235.217
G1 X297.136 Y231.742
G1 X297.554 Y230.099
G1 X297.975 Y228.517
G1 X298.412 Y227.002
G1 X298.882 Y225.553
G1 X299.402 Y224.164
G1 X299.990 Y222.829
G1 X300.667 Y221.537
G1 X301.450 Y220.268
G1 X302.355 Y219.000
G1 X303.395 Y217.703
G1 X304.573 Y216.343
G1 X305.886 Y214.881
G1 X307.219 Y213.390
G1 X307.318 Y213.278
G1 X308.619 Y211.759
G1 X308.619 Y211.758
G1 X308.846 Y211.494
G1 X310.085 Y209.925
G1 X310.427 Y209.494
G1 X311.581 Y207.861
G1 X312.009 Y207.256
G1 X313.051 Y205.550
G1 X313.532 Y204.766
G1 X314.441 Y202.985
G1 X314.927 Y202.031
G1 X315.678 Y200.178
G1 X316.125 Y199.078
G1 X316.700 Y197.162
G1 X317.062 Y195.956
G1 X317.442 Y193.992
G1 X317.685 Y192.733
G1 X317.857 Y190.741
G1 X317.964 Y189.497
G1 X317.918 Y187.498
G1 X317.892 Y186.345
G1 X317.626 Y184.363
G1 X317.493 Y183.379
G1 X317.009 Y181.439
G1 X316.823 Y180.694
G1 X316.133 Y178.817
G1 X315.969 Y178.366
G1 X315.098 Y176.566
G1 X315.039 Y176.446
G1 X314.157 Y174.949
G1 X313.449 Y173.850
G1 X313.032 Y173.084
G1 X313.001 Y172.554
G1 X313.412 Y172.131
G1 X314.281 Y171.677
G1 X315.581 Y171.054
G1 X317.239 Y170.135
G1 X317.409 Y170.030
G1 X316.514 Y171.338
G1 X315.800 Y172.468
G1 X315.303 Y173.468
G1 X315.042 Y174.393
G1 X315.022 Y175.301
G1 X315.233 Y176.247
G1 X315.656 Y177.278
G1 X316.079 Y178.106
G1 X316.609 Y179.049
G1 X317.355 Y180.337
G1 X318.213 Y182.009
G1 X318.977 Y183.857
G1 X319.063 Y184.067
G1 X319.649 Y185.978
G1 X319.804 Y186.479
G1 X320.000 Y187.454
G1 X320.000 Y200.030
G1 X319.948 Y200.299
G1 X319.728 Y201.445
G1 X319.184 Y203.369
G1 X318.872 Y204.468
G1 X318.177 Y206.343
G1 X317.802 Y207.353
G1 X316.570 Y210.064
G1 X315.631 Y211.830
G1 X315.230 Y212.586
G1 X313.832 Y214.916
G1 X312.735 Y216.587
G1 X312.423 Y217.062
G1 X311.279 Y218.701
G1 X311.040 Y219.043
G1 X309.870 Y220.666
G1 X309.712 Y220.886
G1 X308.540 Y222.506
G1 X308.460 Y222.616
G1 X307.306 Y224.249
G1 X307.295 Y224.264
G1 X306.222 Y225.855
G1 X305.240 Y227.416
G1 X304.344 Y228.967
G1 X303.525 Y230.532
G1 X302.773 Y232.115
G1 X302.079 Y233.737
G1 X301.432 Y235.403
G1 X300.823 Y237.119
G1 X300.244 Y238.889
G1 X299.690 Y240.717
G1 X299.156 Y242.604
G1 X298.646 Y244.537
G1 X298.643 Y244.550
G1 X298.164 Y246.492
G1 X298.149 Y246.556
G1 X297.704 Y248.505
G1 X297.677 Y248.620
G1 X297.267 Y250.579
G1 X297.232 Y250.740
G1 X296.861 Y252.705
G1 X296.821 Y252.912
G1 X296.495 Y254.885
G1 X296.454 Y255.132
G1 X296.177 Y257.112
G1 X296.138 Y257.393
G1 X295.916 Y259.381
G1 X295.883 Y259.684
G1 X295.727 Y261.677
G1 X295.703 Y261.992
G1 X295.616 Y263.989
G1 X295.602 Y264.301
G1 X295.594 Y266.301
G1 X295.592 Y266.593
G1 X295.665 Y268.589
G1 X295.665 Y268.590
G1 X295.673 Y268.839
G1 X295.831 Y270.833
G1 X295.846 Y271.019
G1 X296.088 Y273.002
G1 X296.101 Y273.099
G1 X296.422 Y275.054
G1 X296.786 Y276.856
G1 X297.158 Y278.484
G1 X297.497 Y279.923
G1 X297.754 Y281.165
G1 X297.875 Y282.225
G1 X297.807 Y283.126
G1 X297.500 Y283.910
G1 X296.916 Y284.637
G1 X296.027 Y285.381
G1 X294.835 Y286.224
G1 X293.363 Y287.254
G1 X291.770 Y288.465
G1 X291.656 Y288.552
G1 X290.154 Y289.872
G1 X289.794 Y290.188
G1 X288.416 Y291.637
G1 X287.876 Y292.205
G1 X286.654 Y293.789
G1 X286.013 Y294.621
G1 X284.978 Y296.332
G1 X284.326 Y297.414
G1 X283.504 Y299.237
G1 X282.924 Y300.525
G1 X282.254 Y300.600
G1 X282.423 Y302.531
G1 X282.496 Y304.469
G1 X282.475 Y306.407
G1 X282.358 Y308.343
G1 X282.147 Y310.270
G1 X281.841 Y312.184
G1 X281.442 Y314.082
G1 X281.951 Y315.882
G1 X282.176 Y316.853
G1 X282.870 Y318.730
G1 X283.104 Y319.364
G1 X284.017 Y321.143
G1 X284.149 Y321.399
G1 X285.152 Y322.944
G1 X285.964 Y324.033
G1 X286.448 Y324.748
G1 X286.503 Y325.212
G1 X286.074 Y325.571
G1 X285.153 Y325.982
G1 X283.783 Y326.598
G1 X282.050 Y327.545
G1 X280.081 Y328.916
G1 X278.590 Y330.249
G1 X278.019 Y330.758
G1 X276.709 Y332.270
G1 X276.012 Y333.074
G1 X274.909 Y334.742
G1 X274.201 Y335.815
G1 X273.326 Y337.613
G1 X273.324 Y337.614
G1 X272.700 Y338.900
G1 X272.065 Y340.795
G1 X271.591 Y342.209
G1 X271.205 Y344.171
G1 X270.919 Y345.617
G1 X270.779 Y347.613
G1 X270.682 Y348.993
G1 X270.781 Y350.990
G1 X270.842 Y352.210
G1 X271.168 Y354.183
G1 X271.329 Y355.166
G1 X271.859 Y357.095
G1 X272.048 Y357.788
G1 X272.751 Y359.660
G1 X272.893 Y360.033
G1 X273.730 Y361.849
G1 X273.750 Y361.892
G1 X274.516 Y363.388
G1 X275.101 Y364.570
G1 X275.436 Y365.506
G1 X275.476 Y366.276
G1 X275.197 Y366.966
G1 X274.606 Y367.661
G1 X273.723 Y368.435
G1 X272.589 Y369.352
G1 X271.254 Y370.460
G1 X269.777 Y371.789
G1 X268.364 Y373.206
G1 X268.214 Y373.356
G1 X266.894 Y374.858
G1 X266.626 Y375.162
G1 X265.409 Y376.748
G1 X265.066 Y377.193
G1 X263.956 Y378.857
G1 X263.576 Y379.426
G1 X262.578 Y381.161
G1 X262.192 Y381.835
G1 X261.309 Y383.630
G1 X260.939 Y384.381
G1 X260.169 Y386.227
G1 X259.834 Y387.031
G1 X259.739 Y387.283
G1 X261.105 Y388.711
G1 X262.633 Y390.000
G1 X263.162 Y390.000
G1 X263.465 Y388.407
G1 X263.619 Y387.590
G1 X264.091 Y385.648
G1 X264.298 Y384.793
G1 X264.879 Y382.879
G1 X265.142 Y382.008
G1 X265.836 Y380.132
G1 X266.155 Y379.271
G1 X266.967 Y377.444
G1 X267.332 Y376.620
G1 X268.266 Y374.851
G1 X268.665 Y374.095
G1 X269.718 Y372.396
G1 X270.129 Y371.736
G1 X271.688 Y369.577
G1 X272.973 Y368.043
G1 X273.303 Y367.647
G1 X274.692 Y366.206
G1 X274.920 Y365.967
G1 X276.395 Y364.615
G1 X276.477 Y364.540
G1 X277.909 Y363.359
G1 X279.155 Y362.395
G1 X280.152 Y361.602
G1 X280.857 Y360.919
G1 X281.238 Y360.267
G1 X281.285 Y359.559
G1 X281.013 Y358.702
G1 X280.465 Y357.612
G1 X279.709 Y356.208
G1 X278.835 Y354.435
G1 X278.083 Y352.581
G1 X277.953 Y352.264
G1 X277.376 Y350.349
G1 X277.179 Y349.697
G1 X276.809 Y347.732
G1 X276.629 Y346.774
G1 X276.489 Y344.779
G1 X276.404 Y343.568
G1 X276.509 Y341.571
G1 X276.581 Y340.185
G1 X276.939 Y338.218
G1 X277.204 Y336.752
G1 X277.815 Y334.848
G1 X278.278 Y333.406
G1 X279.137 Y331.600
G1 X279.760 Y330.283
G1 X280.850 Y328.606
G1 X281.567 Y327.503
G1 X282.869 Y325.985
G1 X283.581 Y325.155
G1 X285.068 Y323.818
G1 X285.659 Y323.287
G1 X287.298 Y322.143
G1 X287.646 Y321.900
G1 X289.395 Y320.944
G1 X290.785 Y320.326
G1 X291.722 Y319.914
G1 X292.165 Y319.557
G1 X292.121 Y319.097
G1 X291.652 Y318.387
G1 X290.858 Y317.307
G1 X289.873 Y315.778
G1 X288.964 Y313.997
G1 X288.846 Y313.770
G1 X288.150 Y311.895
G1 X287.927 Y311.299
G1 X287.469 Y309.352
G1 X287.468 Y309.352
G1 X287.251 Y308.427
G1 X287.042 Y306.438
G1 X286.920 Y305.255
G1 X286.965 Y303.257
G1 X286.996 Y301.904
G1 X287.295 Y299.927
G1 X287.509 Y298.507
G1 X288.437 Y295.191
G1 X289.726 Y292.069
G1 X290.691 Y290.318
G1 X291.295 Y289.226
G1 X292.439 Y287.586
G1 X293.047 Y286.717
G1 X294.342 Y285.193
G1 X294.876 Y284.562
G1 X296.292 Y283.149
G1 X296.688 Y282.754
G1 X298.190 Y281.434
G1 X298.390 Y281.257
G1 X299.919 Y280.018
G1 X301.226 Y278.970
G1 X302.288 Y278.045
G1 X303.101 Y277.175
G1 X303.676 Y276.299
G1 X304.041 Y275.364
G1 X304.230 Y274.335
G1 X304.282 Y273.186
G1 X304.236 Y271.904
G1 X304.131 Y270.486
G1 X304.000 Y268.937
G1 X303.872 Y267.268
G1 X303.769 Y265.497
G1 X303.707 Y263.641
G1 X303.700 Y261.720
G1 X303.754 Y259.751
G1 X303.872 Y257.755
G1 X303.872 Y257.751
G1 X304.053 Y255.761
G1 X304.055 Y255.736
G1 X304.299 Y253.751
G1 X304.303 Y253.719
G1 X304.608 Y251.742
G1 X304.613 Y251.708
G1 X304.977 Y249.743
G1 X304.983 Y249.717
G1 X305.409 Y247.762
G1 X305.412 Y247.743
G1 X305.897 Y245.804
G1 X305.899 Y245.798
G1 X306.442 Y243.878
G1 X307.043 Y241.983
G1 X307.702 Y240.111
G1 X308.421 Y238.255
G1 X309.200 Y236.413
G1 X309.203 Y236.409
G1 X310.034 Y234.590
G1 X310.046 Y234.561
G1 X310.926 Y232.765
G1 X310.958 Y232.701
G1 X311.873 Y230.924
G1 X311.874 Y230.923
G1 X311.931 Y230.812
G1 X312.875 Y229.049
G1 X312.967 Y228.879
G1 X313.924 Y227.123
G1 X314.057 Y226.882
G1 X315.014 Y225.126
G1 X315.190 Y224.804
G1 X316.131 Y223.039
G1 X316.351 Y222.626
G1 X317.259 Y220.844
G1 X317.518 Y220.333
G1 X318.374 Y218.526
G1 X318.665 Y217.911
G1 X319.451 Y216.072
G1 X319.757 Y215.355
G1 X320.000 Y214.705
G1 X320.000 Y228.938
G1 X319.917 Y229.161
G1 X319.207 Y231.031
G1 X319.068 Y231.398
G1 X318.356 Y233.267
G1 X318.241 Y233.568
G1 X317.538 Y235.441
G1 X317.448 Y235.683
G1 X316.765 Y237.563
G1 X316.697 Y237.750
G1 X316.041 Y239.639
G1 X315.995 Y239.777
G1 X315.375 Y241.678
G1 X315.345 Y241.772
G1 X314.767 Y243.685
G1 X314.751 Y243.736
G1 X314.218 Y245.665
G1 X314.214 Y245.676
G1 X313.734 Y247.590
G1 X313.311 Y249.478
G1 X312.943 Y251.335
G1 X312.627 Y253.157
G1 X312.356 Y254.937
G1 X312.125 Y256.665
G1 X311.925 Y258.333
G1 X311.743 Y259.932
G1 X311.565 Y261.453
G1 X311.369 Y262.889
G1 X311.136 Y264.238
G1 X310.839 Y265.499
G1 X310.449 Y266.681
G1 X309.942 Y267.798
G1 X309.291 Y268.872
G1 X308.471 Y269.936
G1 X307.470 Y271.027
G1 X306.280 Y272.195
G1 X304.910 Y273.490
G1 X303.471 Y274.879
G1 X303.381 Y274.965
G1 X301.992 Y276.404
G1 X301.735 Y276.671
G1 X300.425 Y278.182
G1 X300.023 Y278.646
G1 X298.825 Y280.246
G1 X298.321 Y280.918
G1 X297.259 Y282.612
G1 X296.708 Y283.492
G1 X295.809 Y285.279
G1 X295.270 Y286.349
G1 X294.557 Y288.218
G1 X294.090 Y289.443
G1 X293.584 Y291.377
G1 X293.238 Y292.702
G1 X292.956 Y294.682
G1 X292.764 Y296.031
G1 X292.717 Y298.030
G1 X292.686 Y299.316
G1 X292.880 Y301.308
G1 X292.990 Y302.441
G1 X293.422 Y304.395
G1 X293.620 Y305.291
G1 X294.281 Y307.180
G1 X294.488 Y307.772
G1 X295.357 Y309.573
G1 X295.476 Y309.818
G1 X296.443 Y311.403
G1 X297.246 Y312.547
G1 X297.754 Y313.316
G1 X297.859 Y313.818
G1 X297.492 Y314.190
G1 X296.634 Y314.586
G1 X295.314 Y315.162
G1 X293.611 Y316.054
G1 X291.948 Y317.164
G1 X291.948 Y317.165
G1 X291.644 Y317.366
G1 X289.560 Y319.160
G1 X288.225 Y320.648
G1 X287.513 Y321.444
G1 X286.392 Y323.098
G1 X285.658 Y324.179
G1 X284.769 Y325.969
G1 X284.119 Y327.279
G1 X283.480 Y329.174
G1 X282.990 Y330.627
G1 X282.610 Y332.589
G1 X282.321 Y334.081
G1 X282.201 Y336.078
G1 X282.115 Y337.498
G1 X282.248 Y339.494
G1 X282.332 Y340.741
G1 X282.705 Y342.706
G1 X282.892 Y343.697
G1 X283.481 Y345.608
G1 X283.689 Y346.285
G1 X284.463 Y348.129
G1 X284.603 Y348.461
G1 X285.507 Y350.220
G1 X286.287 Y351.592
G1 X286.843 Y352.641
G1 X287.105 Y353.447
G1 X287.027 Y354.107
G1 X286.595 Y354.719
G1 X285.823 Y355.379
G1 X284.746 Y356.168
G1 X283.421 Y357.153
G1 X281.910 Y358.380
G1 X280.439 Y359.735
G1 X280.286 Y359.876
G1 X278.914 Y361.330
G1 X278.619 Y361.643
G1 X277.360 Y363.197
G1 X276.974 Y363.674
G1 X275.838 Y365.320
G1 X275.408 Y365.942
G1 X274.400 Y367.670
G1 X273.967 Y368.414
G1 X273.089 Y370.211
G1 X272.680 Y371.046
G1 X271.932 Y372.901
G1 X271.572 Y373.794
G1 X270.949 Y375.694
G1 X270.648 Y376.613
G1 X270.147 Y378.550
G1 X269.910 Y379.461
G1 X269.521 Y381.423
G1 X269.347 Y382.301
G1 X269.060 Y384.281
G1 X268.941 Y385.103
G1 X268.747 Y387.093
G1 X268.746 Y387.094
G1 X268.673 Y387.840
G1 X268.558 Y389.839
G1 X268.549 Y390.000
G1 X274.956 Y390.000
G1 X274.878 Y388.519
G1 X274.878 Y388.518
G1 X274.859 Y388.162
G1 X274.798 Y386.163
G1 X274.784 Y385.689
G1 X274.783 Y383.689
G1 X274.784 Y383.099
G1 X274.859 Y381.100
G1 X274.886 Y380.401
G1 X275.053 Y378.407
G1 X275.121 Y377.606
G1 X275.392 Y375.625
G1 X275.515 Y374.741
G1 X275.904 Y372.780
G1 X276.091 Y371.837
G1 X276.607 Y369.906
G1 X276.606 Y369.904
G1 X276.867 Y368.931
G1 X277.518 Y367.040
G1 X277.851 Y366.067
G1 X278.640 Y364.230
G1 X279.040 Y363.298
G1 X280.419 Y360.674
G1 X281.490 Y358.985
G1 X281.959 Y358.245
G1 X283.166 Y356.650
G1 X283.615 Y356.055
G1 X284.949 Y354.566
G1 X285.330 Y354.141
G1 X286.779 Y352.762
G1 X287.035 Y352.520
G1 X288.581 Y351.252
G1 X288.650 Y351.196
G1 X290.098 Y350.146
G1 X291.303 Y349.327
G1 X292.199 Y348.676
G1 X292.741 Y348.102
G1 X292.907 Y347.507
G1 X292.708 Y346.783
G1 X292.181 Y345.822
G1 X291.404 Y344.534
G1 X290.478 Y342.848
G1 X289.658 Y341.023
G1 X289.526 Y340.729
G1 X288.896 Y338.830
G1 X288.679 Y338.175
G1 X288.272 Y336.217
G1 X288.069 Y335.233
G1 X287.908 Y333.240
G1 X287.807 Y331.987
G1 X287.907 Y329.990
G1 X287.979 Y328.555
G1 X288.345 Y326.588
G1 X288.627 Y325.079
G1 X289.745 Y321.709
G1 X290.630 Y319.915
G1 X291.283 Y318.589
G1 X292.405 Y316.933
G1 X293.142 Y315.841
G1 X294.475 Y314.350
G1 X295.191 Y313.548
G1 X296.706 Y312.243
G1 X297.277 Y311.751
G1 X298.937 Y310.635
G1 X299.242 Y310.428
G1 X300.946 Y309.524
G1 X302.270 Y308.929
G1 X303.142 Y308.510
G1 X303.536 Y308.115
G1 X303.473 Y307.599
G1 X303.022 Y306.830
G1 X302.283 Y305.711
G1 X301.380 Y304.180
G1 X300.518 Y302.375
G1 X300.443 Y302.221
G1 X299.770 Y300.336
G1 X299.598 Y299.851
G1 X299.136 Y297.906
G1 X298.953 Y297.133
G1 X298.710 Y295.147
G1 X298.587 Y294.146
G1 X298.565 Y292.146
G1 X298.551 Y290.987
G1 X298.745 Y288.996
G1 X298.865 Y287.758
G1 X299.263 Y285.798
G1 X299.516 Y284.553
G1 X300.467 Y281.458
G1 X301.226 Y279.608
G1 X301.667 Y278.534
G1 X302.576 Y276.752
G1 X303.050 Y275.824
G1 X304.087 Y274.114
G1 X304.551 Y273.352
G1 X305.691 Y271.709
G1 X306.101 Y271.119
G1 X307.322 Y269.535
G1 X307.647 Y269.112
G1 X308.921 Y267.571
G1 X309.139 Y267.306
G1 X310.440 Y265.787
G1 X310.543 Y265.668
G1 X311.835 Y264.160
G1 X313.002 Y262.745
G1 X314.042 Y261.388
G1 X314.960 Y260.056
G1 X315.768 Y258.724
G1 X316.480 Y257.367
G1 X317.111 Y255.972
G1 X317.679 Y254.528
G1 X318.202 Y253.026
G1 X318.696 Y251.463
G1 X319.173 Y249.837
G1 X319.644 Y248.147
G1 X320.000 Y246.838
G1 X320.000 Y250.240
G1 X319.828 Y250.574
G1 X318.897 Y252.236
G1 X317.888 Y253.915
G1 X316.816 Y255.604
G1 X316.798 Y255.631
G1 X315.701 Y257.304
G1 X315.631 Y257.411
G1 X314.525 Y259.077
G1 X314.393 Y259.275
G1 X313.297 Y260.948
G1 X313.097 Y261.251
G1 X312.033 Y262.943
G1 X311.769 Y263.362
G1 X310.434 Y265.630
G1 X309.489 Y267.392
G1 X309.129 Y268.065
G1 X308.277 Y269.874
G1 X307.900 Y270.676
G1 X306.794 Y273.453
G1 X306.186 Y275.359
G1 X305.861 Y276.378
G1 X305.147 Y279.412
G1 X304.855 Y281.391
G1 X304.692 Y282.506
G1 X304.578 Y284.502
G1 X304.517 Y285.590
G1 X304.594 Y287.588
G1 X304.634 Y288.589
G1 X304.905 Y290.571
G1 X305.021 Y291.424
G1 X305.487 Y293.367
G1 X305.641 Y294.007
G1 X306.293 Y295.898
G1 X306.425 Y296.279
G1 X307.243 Y298.103
G1 X307.281 Y298.184
G1 X308.105 Y299.706
G1 X308.782 Y300.852
G1 X309.198 Y301.670
G1 X309.263 Y302.245
G1 X308.904 Y302.690
G1 X308.092 Y303.138
G1 X306.841 Y303.729
G1 X305.210 Y304.596
G1 X303.537 Y305.692
G1 X303.297 Y305.849
G1 X301.761 Y307.127
G1 X301.237 Y307.562
G1 X299.179 Y309.760
G1 X297.275 Y312.423
G1 X296.344 Y314.193
G1 X295.665 Y315.479
G1 X294.985 Y317.360
G1 X294.456 Y318.817
G1 X294.041 Y320.773
G1 X293.718 Y322.297
G1 X293.572 Y324.289
G1 X293.465 Y325.759
G1 X293.586 Y327.756
G1 X293.666 Y329.063
G1 X294.043 Y331.027
G1 X294.244 Y332.073
G1 X294.857 Y333.978
G1 X295.089 Y334.697
G1 X295.906 Y336.522
G1 X296.065 Y336.875
G1 X297.031 Y338.599
G1 X297.856 Y339.900
G1 X298.423 Y340.848
G1 X298.654 Y341.542
G1 X298.495 Y342.094
G1 X297.936 Y342.625
G1 X297.000 Y343.242
G1 X295.736 Y344.039
G1 X294.218 Y345.095
G1 X292.659 Y346.347
G1 X292.531 Y346.454
G1 X291.080 Y347.831
G1 X290.761 Y348.134
G1 X289.439 Y349.634
G1 X288.999 Y350.134
G1 X287.319 Y352.426
G1 X286.286 Y354.138
G1 X285.785 Y354.969
G1 X284.904 Y356.765
G1 X284.443 Y357.710
G1 X283.717 Y359.572
G1 X283.322 Y360.588
G1 X282.749 Y362.503
G1 X282.435 Y363.544
G1 X282.005 Y365.497
G1 X281.780 Y366.523
G1 X281.485 Y368.503
G1 X281.341 Y369.472
G1 X281.171 Y371.466
G1 X281.095 Y372.354
G1 X281.034 Y374.353
G1 X281.011 Y375.133
G1 X281.045 Y377.132
G1 X281.056 Y377.789
G1 X281.166 Y379.786
G1 X281.194 Y380.308
G1 X281.363 Y382.301
G1 X281.396 Y382.687
G1 X281.601 Y384.676
G1 X281.626 Y384.926
G1 X281.848 Y386.914
G1 X281.861 Y387.035
G1 X282.078 Y389.023
G1 X282.077 Y389.025
G1 X282.171 Y390.000
G1 X289.174 Y390.000
G1 X289.200 Y389.688
G1 X289.246 Y388.170
G1 X289.211 Y386.611
G1 X289.098 Y384.985
G1 X288.908 Y383.277
G1 X288.656 Y381.466
G1 X288.358 Y379.530
G1 X288.050 Y377.553
G1 X288.034 Y377.450
G1 X287.752 Y375.471
G1 X287.715 Y375.213
G1 X287.482 Y373.228
G1 X287.433 Y372.812
G1 X287.273 Y370.819
G1 X287.225 Y370.244
G1 X287.161 Y368.245
G1 X287.137 Y367.517
G1 X287.185 Y365.518
G1 X287.206 Y364.652
G1 X287.384 Y362.660
G1 X287.473 Y361.679
G1 X287.797 Y359.705
G1 X287.971 Y358.642
G1 X288.450 Y356.701
G1 X288.722 Y355.595
G1 X289.738 Y352.602
G1 X290.548 Y350.774
G1 X290.548 Y350.772
G1 X291.010 Y349.730
G1 X291.987 Y347.986
G1 X292.511 Y347.051
G1 X293.652 Y345.410
G1 X293.653 Y345.408
G1 X294.196 Y344.626
G1 X295.491 Y343.103
G1 X295.996 Y342.509
G1 X297.432 Y341.118
G1 X297.828 Y340.734
G1 X299.386 Y339.481
G1 X299.597 Y339.312
G1 X301.202 Y338.223
G1 X302.549 Y337.419
G1 X303.555 Y336.824
G1 X304.165 Y336.332
G1 X304.351 Y335.826
G1 X304.129 Y335.176
G1 X303.549 Y334.262
G1 X302.703 Y332.981
G1 X301.713 Y331.263
G1 X300.884 Y329.442
G1 X300.718 Y329.076
G1 X300.103 Y327.173
G1 X299.865 Y326.436
G1 X299.491 Y324.472
G1 X299.289 Y323.407
G1 X299.176 Y321.410
G1 X299.101 Y320.090
G1 X299.258 Y318.096
G1 X299.374 Y316.620
G1 X299.800 Y314.666
G1 X300.131 Y313.150
G1 X301.349 Y309.829
G1 X302.285 Y308.062
G1 X302.957 Y306.793
G1 X304.117 Y305.164
G1 X304.844 Y304.146
G1 X306.202 Y302.677
G1 X306.875 Y301.950
G1 X308.399 Y300.654
G1 X308.904 Y300.222
G1 X310.790 Y298.932
G1 X312.412 Y298.007
G1 X313.679 Y297.344
G1 X314.543 Y296.825
G1 X314.993 Y296.322
G1 X315.050 Y295.718
G1 X314.776 Y294.912
G1 X314.251 Y293.832
G1 X313.566 Y292.434
G1 X312.821 Y290.702
G1 X312.159 Y288.815
G1 X312.100 Y288.649
G1 X311.589 Y286.716
G1 X311.482 Y286.311
G1 X311.133 Y284.343
G1 X311.026 Y283.741
G1 X310.840 Y281.749
G1 X310.770 Y280.992
G1 X310.745 Y278.993
G1 X310.734 Y278.132
G1 X310.921 Y275.219
G1 X311.191 Y273.238
G1 X311.318 Y272.306
G1 X311.718 Y270.346
G1 X311.903 Y269.436
G1 X312.416 Y267.504
G1 X312.645 Y266.642
G1 X313.257 Y264.741
G1 X313.511 Y263.948
G1 X314.204 Y262.072
G1 X314.468 Y261.363
G1 X315.225 Y259.512
G1 X315.480 Y258.891
G1 X316.287 Y257.061
G1 X316.521 Y256.530
G1 X317.360 Y254.714
G1 X317.566 Y254.270
G1 X317.663 Y254.062
G1 X316.966 Y255.938
G1 X316.660 Y256.763
G1 X316.116 Y258.688
G1 X315.822 Y259.736
G1 X315.466 Y261.706
G1 X315.241 Y262.948
G1 X315.100 Y264.943
G1 X315.002 Y266.331
G1 X315.100 Y268.326
G1 X315.100 Y268.329
G1 X315.170 Y269.778
G1 X315.524 Y271.746
G1 X315.778 Y273.162
G1 X316.398 Y275.063
G1 X316.398 Y275.064
G1 X316.813 Y276.336
G1 X317.665 Y278.145
G1 X317.797 Y278.427
G1 X318.181 Y280.389
G1 X318.245 Y280.714
G1 X318.752 Y282.649
G1 X318.791 Y282.797
G1 X319.387 Y284.642
G1 X319.975 Y286.223
G1 X320.000 Y286.287
G1 X320.000 Y290.879
G1 X319.405 Y291.292
G1 X318.164 Y292.027
G1 X316.600 Y292.995
G1 X314.971 Y294.155
G1 X314.784 Y294.288
G1 X313.268 Y295.592
G1 X312.821 Y295.978
G1 X311.452 Y297.437
G1 X310.829 Y298.102
G1 X309.642 Y299.712
G1 X308.946 Y300.658
G1 X307.970 Y302.404
G1 X307.303 Y303.601
G1 X306.561 Y305.459
G1 X306.008 Y306.845
G1 X305.518 Y308.784
G1 X305.143 Y310.272
G1 X304.916 Y312.257
G1 X304.750 Y313.736
G1 X304.791 Y315.735
G1 X304.819 Y317.094
G1 X305.297 Y320.206
G1 X305.849 Y322.128
G1 X306.088 Y322.957
G1 X306.865 Y324.800
G1 X307.063 Y325.268
G1 X308.029 Y327.019
G1 X308.030 Y327.019
G1 X308.078 Y327.107
G1 X308.986 Y328.488
G1 X309.654 Y329.469
G1 X309.977 Y330.148
G1 X309.886 Y330.647
G1 X309.354 Y331.098
G1 X308.398 Y331.634
G1 X307.069 Y332.370
G1 X305.451 Y333.400
G1 X303.863 Y334.613
G1 X303.646 Y334.777
G1 X301.762 Y336.536
G1 X300.448 Y338.044
G1 X299.908 Y338.664
G1 X298.759 Y340.300
G1 X298.178 Y341.129
G1 X297.204 Y342.874
G1 X296.651 Y343.870
G1 X295.857 Y345.706
G1 X295.378 Y346.818
G1 X294.768 Y348.724
G1 X294.393 Y349.891
G1 X293.961 Y351.844
G1 X293.703 Y353.012
G1 X293.441 Y354.994
G1 X293.294 Y356.107
G1 X293.190 Y358.104
G1 X293.137 Y359.113
G1 X293.176 Y361.113
G1 X293.193 Y361.983
G1 X293.354 Y363.976
G1 X293.412 Y364.681
G1 X293.675 Y366.664
G1 X293.744 Y367.187
G1 X294.083 Y369.159
G1 X294.141 Y369.499
G1 X294.526 Y371.461
G1 X294.558 Y371.617
G1 X294.954 Y373.558
G1 X295.301 Y375.341
G1 X295.573 Y376.990
G1 X295.753 Y378.534
G1 X295.833 Y379.997
G1 X295.811 Y381.405
G1 X295.689 Y382.779
G1 X295.469 Y384.144
G1 X295.164 Y385.512
G1 X294.781 Y386.896
G1 X294.333 Y388.309
G1 X293.831 Y389.756
G1 X293.782 Y389.894
G1 X295.382 Y388.694
G1 X295.568 Y388.553
G1 X297.021 Y387.346
G1 X297.113 Y387.269
G1 X297.842 Y385.691
G1 X298.559 Y384.166
G1 X299.249 Y382.697
G1 X299.903 Y381.284
G1 X300.505 Y379.920
G1 X301.040 Y378.605
G1 X301.489 Y377.328
G1 X301.844 Y376.076
G1 X302.086 Y374.830
G1 X302.207 Y373.572
G1 X302.199 Y372.268
G1 X302.064 Y370.896
G1 X301.805 Y369.420
G1 X301.440 Y367.806
G1 X300.991 Y366.023
G1 X300.505 Y364.083
G1 X300.496 Y364.044
G1 X300.051 Y362.094
G1 X299.994 Y361.846
G1 X299.627 Y359.880
G1 X299.541 Y359.420
G1 X299.281 Y357.437
G1 X299.194 Y356.770
G1 X299.067 Y354.774
G1 X299.012 Y353.913
G1 X299.038 Y351.913
G1 X299.051 Y350.887
G1 X299.251 Y348.897
G1 X299.364 Y347.745
G1 X299.984 Y344.559
G1 X300.558 Y342.643
G1 X300.928 Y341.410
G1 X301.698 Y339.564
G1 X302.189 Y338.389
G1 X303.731 Y335.582
G1 X304.882 Y333.948
G1 X305.495 Y333.074
G1 X306.817 Y331.575
G1 X307.392 Y330.925
G1 X308.870 Y329.578
G1 X309.318 Y329.170
G1 X310.926 Y327.983
G1 X311.156 Y327.815
G1 X312.787 Y326.824
G1 X314.108 Y326.130
G1 X315.035 Y325.631
G1 X315.520 Y325.199
G1 X315.558 Y324.699
G1 X315.182 Y323.997
G1 X314.477 Y322.971
G1 X313.549 Y321.534
G1 X312.609 Y319.769
G1 X312.539 Y319.637
G1 X311.793 Y317.781
G1 X311.591 Y317.275
G1 X311.073 Y315.344
G1 X310.844 Y314.493
G1 X310.417 Y311.373
G1 X310.402 Y309.374
G1 X310.401 Y309.372
G1 X310.391 Y308.031
G1 X310.812 Y304.602
G1 X311.307 Y302.665
G1 X311.676 Y301.222
G1 X312.412 Y299.362
G1 X312.412 Y299.361
G1 X312.942 Y298.020
G1 X313.898 Y296.264
G1 X314.531 Y295.101
G1 X315.685 Y293.468
G1 X316.341 Y292.539
G1 X317.663 Y291.039
G1 X318.255 Y290.370
G1 X319.716 Y289.004
G1 X320.000 Y288.738
G1 X320.000 Y288.573
G1 X318.863 Y289.927
G1 X318.186 Y290.734
G1 X317.227 Y292.488
G1 X316.495 Y293.826
G1 X315.910 Y295.738
G1 X315.366 Y297.514
G1 X315.004 Y301.498
G1 X315.002 Y301.526
G1 X315.238 Y303.512
G1 X315.475 Y305.498
G1 X315.479 Y305.527
G1 X316.073 Y307.437
G1 X316.320 Y308.231
G1 X316.753 Y310.185
G1 X316.956 Y311.097
G1 X317.615 Y312.984
G1 X317.824 Y313.579
G1 X318.685 Y315.384
G1 X318.801 Y315.629
G1 X319.752 Y317.225
G1 X320.000 Y317.595
G1 X320.000 Y320.701
G1 X318.877 Y321.267
G1 X317.332 Y322.131
G1 X315.674 Y323.250
G1 X315.532 Y323.347
G1 X313.998 Y324.630
G1 X313.594 Y324.966
G1 X312.210 Y326.410
G1 X311.643 Y327.001
G1 X309.798 Y329.429
G1 X308.778 Y331.149
G1 X308.161 Y332.192
G1 X306.808 Y335.212
G1 X306.197 Y337.116
G1 X305.788 Y338.392
G1 X305.383 Y340.350
G1 X305.118 Y341.633
G1 X304.914 Y343.622
G1 X304.789 Y344.840
G1 X304.773 Y346.840
G1 X304.763 Y347.930
G1 X304.919 Y349.924
G1 X304.990 Y350.837
G1 X305.296 Y352.813
G1 X305.295 Y352.814
G1 X305.404 Y353.516
G1 X305.834 Y355.469
G1 X305.937 Y355.940
G1 X306.458 Y357.871
G1 X306.519 Y358.104
G1 X307.598 Y361.712
G1 X307.999 Y363.214
G1 X308.265 Y364.565
G1 X308.379 Y365.806
G1 X308.335 Y366.976
G1 X308.134 Y368.113
G1 X307.791 Y369.248
G1 X307.314 Y370.407
G1 X306.726 Y371.611
G1 X306.046 Y372.872
G1 X305.293 Y374.202
G1 X304.488 Y375.602
G1 X303.646 Y377.075
G1 X302.785 Y378.616
G1 X301.920 Y380.224
G1 X301.060 Y381.888
G1 X300.214 Y383.606
G1 X299.392 Y385.369
G1 X299.316 Y385.535
G1 X300.181 Y385.126
G1 X301.022 Y385.000
G1 X301.084 Y385.003
G1 X301.847 Y383.153
G1 X301.881 Y383.071
G1 X302.686 Y381.240
G1 X302.721 Y381.159
G1 X303.570 Y379.349
G1 X303.604 Y379.277
G1 X304.495 Y377.487
G1 X304.524 Y377.431
G1 X305.461 Y375.664
G1 X305.478 Y375.631
G1 X306.459 Y373.890
G1 X307.456 Y372.215
G1 X308.458 Y370.618
G1 X309.450 Y369.107
G1 X310.411 Y367.686
G1 X311.319 Y366.359
G1 X312.155 Y365.122
G1 X312.888 Y363.966
G1 X313.495 Y362.878
G1 X313.952 Y361.833
G1 X314.240 Y360.802
G1 X314.344 Y359.749
G1 X314.261 Y358.625
G1 X313.994 Y357.389
G1 X313.566 Y355.985
G1 X313.010 Y354.372
G1 X312.375 Y352.509
G1 X311.792 Y350.596
G1 X311.722 Y350.368
G1 X311.245 Y348.426
G1 X311.125 Y347.940
G1 X310.787 Y345.969
G1 X310.659 Y345.232
G1 X310.488 Y343.239
G1 X310.405 Y342.277
G1 X310.420 Y340.277
G1 X310.429 Y339.131
G1 X310.647 Y337.142
G1 X310.786 Y335.872
G1 X311.216 Y333.919
G1 X311.509 Y332.593
G1 X312.155 Y330.701
G1 X312.599 Y329.400
G1 X313.459 Y327.595
G1 X314.029 Y326.397
G1 X315.095 Y324.706
G1 X315.738 Y323.683
G1 X316.996 Y322.128
G1 X317.636 Y321.333
G1 X319.611 Y319.394
G1 X320.000 Y319.087
G1 X320.000 Y319.092
G1 X319.748 Y319.309
G1 X318.528 Y320.894
G1 X317.834 Y321.796
G1 X316.951 Y323.591
G1 X316.275 Y324.968
G1 X315.754 Y326.899
G1 X315.292 Y328.619
G1 X315.143 Y330.613
G1 X315.003 Y332.487
G1 X315.218 Y334.475
G1 X315.415 Y336.299
G1 X315.928 Y338.230
G1 X316.104 Y338.891
G1 X316.401 Y340.869
G1 X316.529 Y341.725
G1 X316.989 Y343.673
G1 X317.131 Y344.273
G1 X317.722 Y346.183
G1 X317.824 Y346.512
G1 X318.508 Y348.391
G1 X318.526 Y348.443
G1 X319.161 Y350.088
G1 X319.668 Y351.486
G1 X320.000 Y352.685
G1 X320.000 Y354.871
G1 X319.748 Y355.667
G1 X319.249 Y356.625
G1 X318.572 Y357.637
G1 X317.744 Y358.732
G1 X316.800 Y359.929
G1 X315.766 Y361.240
G1 X314.675 Y362.665
G1 X313.552 Y364.205
G1 X312.422 Y365.851
G1 X311.340 Y367.533
G1 X311.303 Y367.591
G1 X310.274 Y369.306
G1 X310.209 Y369.414
G1 X309.234 Y371.159
G1 X309.153 Y371.305
G1 X308.230 Y373.079
G1 X308.141 Y373.249
G1 X307.268 Y375.049
G1 X307.178 Y375.234
G1 X306.351 Y377.056
G1 X306.265 Y377.246
G1 X305.484 Y379.087
G1 X305.405 Y379.275
G1 X304.664 Y381.132
G1 X304.593 Y381.311
G1 X303.890 Y383.183
G1 X303.830 Y383.345
G1 X303.162 Y385.230
G1 X303.113 Y385.373
G1 X303.047 Y385.562
G1 X304.194 Y386.119
G1 X305.506 Y386.800
G1 X305.604 Y386.851
G1 X306.185 Y384.937
G1 X306.226 Y384.803
G1 X306.829 Y382.895
G1 X306.883 Y382.724
G1 X307.510 Y380.825
G1 X307.579 Y380.618
G1 X308.234 Y378.729
G1 X308.317 Y378.490
G1 X309.006 Y376.614
G1 X309.007 Y376.613
G1 X309.104 Y376.348
G1 X309.832 Y374.485
G1 X309.944 Y374.197
G1 X310.717 Y372.353
G1 X310.842 Y372.052
G1 X311.663 Y370.228
G1 X311.800 Y369.921
G1 X312.674 Y368.121
G1 X312.821 Y367.820
G1 X313.752 Y366.050
G1 X313.902 Y365.764
G1 X314.894 Y364.027
G1 X314.894 Y364.026
G1 X315.041 Y363.770
G1 X316.228 Y361.857
G1 X317.346 Y360.199
G1 X317.451 Y360.041
G1 X318.632 Y358.428
G1 X318.630 Y358.427
G1 X318.693 Y358.342
G1 X319.929 Y356.771
G1 X319.929 Y356.770
G1 X320.000 Y356.685
G1 X320.000 Y357.915
G1 X319.933 Y358.030
G1 X319.827 Y358.215
G1 X318.953 Y360.014
G1 X318.785 Y360.361
G1 X318.098 Y362.043
G1 X317.214 Y363.837
G1 X317.013 Y364.243
G1 X316.192 Y366.066
G1 X316.005 Y366.484
G1 X315.240 Y368.330
G1 X315.070 Y368.742
G1 X314.356 Y370.611
G1 X314.203 Y371.010
G1 X313.533 Y372.894
G1 X313.399 Y373.270
G1 X312.766 Y375.167
G1 X312.651 Y375.513
G1 X312.048 Y377.419
G1 X311.950 Y377.729
G1 X311.372 Y379.643
G1 X311.372 Y379.644
G1 X311.290 Y379.914
G1 X310.730 Y381.834
G1 X310.663 Y382.063
G1 X310.116 Y383.986
G1 X310.063 Y384.171
G1 X309.526 Y386.098
G1 X309.486 Y386.238
G1 X308.955 Y388.166
G1 X308.927 Y388.262
G1 X308.876 Y388.450
G1 X310.690 Y389.225
G1 X312.560 Y389.935
G1 X312.630 Y389.961
G1 X312.741 Y390.000
G1 X312.774 Y390.000
G1 X313.307 Y388.084
G1 X313.315 Y388.051
G1 X313.840 Y386.121
G1 X313.861 Y386.044
G1 X314.377 Y384.113
G1 X314.410 Y383.992
G1 X314.922 Y382.059
G1 X314.966 Y381.891
G1 X315.019 Y381.692
G1 X315.003 Y383.692
G1 X315.000 Y384.096
G1 X315.008 Y386.096
G1 X315.010 Y386.431
G1 X315.030 Y388.430
G1 X315.033 Y388.695
G1 X315.048 Y390.000
; END LAYER: 1 topology

; BEGIN CONNECTOR: 1
G1 X315.048 Y390.000
G1 X315.048 Y390.000
G1 X320.000 Y390.000
G1 X320.000 Y255.000
G1 X319.000 Y255.000
; END CONNECTOR: 1

; BEGIN LAYER: 2 point
G1 X319.000 Y255.000
; END LAYER: 2 point

; BEGIN CONNECTOR: 2
G1 X319.000 Y255.000
G1 X294.000 Y287.000
; END CONNECTOR: 2

; BEGIN LAYER: 3 point
G1 X294.000 Y287.000
; END LAYER: 3 point

; BEGIN CONNECTOR: 3
G1 X294.000 Y287.000
G1 X282.000 Y300.000
; END CONNECTOR: 3

; BEGIN LAYER: 4 point
G1 X282.000 Y300.000
; END LAYER: 4 point

; BEGIN CONNECTOR: 4
G1 X282.000 Y300.000
G1 X282.172 Y300.014
; END CONNECTOR: 4

; BEGIN LAYER: 5 circle 1
G1 X282.172 Y300.014
G1 X282.072 Y299.204
G1 X281.741 Y297.294
G1 X281.316 Y295.402
G1 X280.799 Y293.534
G1 X280.191 Y291.693
G1 X279.493 Y289.884
G1 X278.708 Y288.112
G1 X277.836 Y286.380
G1 X276.880 Y284.693
G1 X275.843 Y283.055
G1 X274.727 Y281.470
G1 X273.534 Y279.941
G1 X272.268 Y278.473
G1 X270.931 Y277.069
G1 X270.221 Y276.394
; END LAYER: 5 circle 1

; BEGIN CONNECTOR: 5
G1 X270.221 Y276.394
G1 X262.000 Y286.000
; END CONNECTOR: 5

; BEGIN LAYER: 6 point
G1 X262.000 Y286.000
; END LAYER: 6 point

; BEGIN CONNECTOR: 6
G1 X262.000 Y286.000
G1 X260.465 Y285.740
; END CONNECTOR: 6

; BEGIN LAYER: 7 circle 1 interior
G1 X260.465 Y285.740
G1 X259.499 Y284.906
G1 X258.493 Y284.121
G1 X257.450 Y283.385
G1 X256.372 Y282.702
G1 X255.262 Y282.073
G1 X254.122 Y281.499
G1 X252.956 Y280.982
G1 X251.765 Y280.522
G1 X250.554 Y280.121
G1 X249.324 Y279.781
G1 X248.079 Y279.501
G1 X246.822 Y279.282
G1 X245.555 Y279.126
G1 X244.282 Y279.032
G1 X243.007 Y279.000
G1 X241.731 Y279.031
G1 X240.458 Y279.125
G1 X239.192 Y279.280
G1 X237.934 Y279.498
G1 X236.689 Y279.778
G1 X235.459 Y280.118
G1 X234.247 Y280.518
G1 X233.056 Y280.977
G1 X231.890 Y281.493
G1 X230.749 Y282.067
G1 X229.639 Y282.696
G1 X228.561 Y283.378
G1 X227.517 Y284.113
G1 X226.511 Y284.898
G1 X225.544 Y285.731
G1 X224.620 Y286.611
G1 X223.740 Y287.535
G1 X222.906 Y288.501
G1 X222.121 Y289.507
G1 X221.385 Y290.550
G1 X220.702 Y291.628
G1 X220.073 Y292.738
G1 X219.499 Y293.878
G1 X218.982 Y295.044
G1 X218.522 Y296.235
G1 X218.121 Y297.446
G1 X217.781 Y298.676
G1 X217.501 Y299.921
G1 X217.282 Y301.178
G1 X217.126 Y302.445
G1 X217.032 Y303.718
G1 X217.000 Y304.993
G1 X217.031 Y306.269
G1 X217.125 Y307.542
G1 X217.280 Y308.808
G1 X217.498 Y310.066
G1 X217.778 Y311.311
G1 X218.118 Y312.541
G1 X218.518 Y313.753
G1 X218.977 Y314.944
G1 X219.493 Y316.110
G1 X220.067 Y317.251
G1 X220.696 Y318.361
G1 X221.378 Y319.439
G1 X222.113 Y320.483
G1 X222.898 Y321.489
G1 X223.731 Y322.456
G1 X224.611 Y323.380
G1 X225.535 Y324.260
G1 X226.501 Y325.094
G1 X227.507 Y325.879
G1 X228.550 Y326.615
G1 X229.628 Y327.298
G1 X230.738 Y327.927
G1 X231.878 Y328.501
G1 X233.044 Y329.018
G1 X234.235 Y329.478
G1 X235.446 Y329.879
G1 X236.676 Y330.219
G1 X237.921 Y330.499
G1 X239.178 Y330.718
G1 X240.445 Y330.874
G1 X241.718 Y330.968
G1 X242.993 Y331.000
G1 X244.269 Y330.969
G1 X245.542 Y330.875
G1 X246.808 Y330.720
G1 X248.066 Y330.502
G1 X249.311 Y330.222
G1 X250.541 Y329.882
G1 X251.753 Y329.482
G1 X252.944 Y329.023
G1 X254.110 Y328.507
G1 X255.251 Y327.933
G1 X256.361 Y327.304
G1 X257.439 Y326.622
G1 X258.483 Y325.887
G1 X259.489 Y325.102
G1 X260.456 Y324.269
G1 X260.048 Y323.819
G1 X261.219 Y320.927
G1 X262.921 Y317.968
G1 X264.874 Y315.429
G1 X266.935 Y313.360
G1 X267.886 Y312.530
G1 X268.225 Y311.300
G1 X268.504 Y310.055
G1 X268.721 Y308.797
G1 X268.877 Y307.530
G1 X268.970 Y306.258
G1 X269.000 Y304.982
G1 X268.968 Y303.706
G1 X268.873 Y302.434
G1 X268.716 Y301.167
G1 X268.497 Y299.910
G1 X268.216 Y298.665
G1 X267.875 Y297.435
G1 X267.474 Y296.224
G1 X267.014 Y295.034
G1 X266.496 Y293.867
G1 X265.921 Y292.728
G1 X265.292 Y291.618
G1 X264.522 Y292.080
G1 X264.202 Y294.135
G1 X264.020 Y297.281
G1 X264.149 Y300.328
G1 X264.566 Y303.191
G1 X265.219 Y305.786
G1 X266.033 Y308.048
G1 X266.911 Y309.931
G1 X267.741 Y311.419
G1 X267.847 Y312.657
G1 X267.441 Y313.867
G1 X266.977 Y315.055
G1 X266.455 Y316.220
G1 X265.559 Y315.791
G1 X264.644 Y316.286
G1 X262.714 Y317.575
G1 X260.643 Y319.328
G1 X258.585 Y321.573
G1 X256.693 Y324.285
G1 X255.109 Y327.392
G1 X255.039 Y328.045
G1 X253.894 Y328.608
G1 X252.722 Y329.114
G1 X251.527 Y329.562
G1 X251.376 Y329.127
G1 X252.497 Y327.375
G1 X254.542 Y324.982
G1 X256.647 Y323.092
G1 X258.650 Y321.692
G1 X260.406 Y320.720
G1 X261.800 Y320.073
G1 X262.755 Y319.620
G1 X263.241 Y319.215
G1 X263.275 Y318.715
G1 X262.916 Y317.993
G1 X262.253 Y316.949
G1 X261.402 Y315.518
G1 X260.485 Y313.672
G1 X259.624 Y311.422
G1 X258.926 Y308.812
G1 X258.477 Y305.912
G1 X258.336 Y302.811
G1 X258.533 Y299.604
G1 X259.070 Y296.386
G1 X259.922 Y293.243
G1 X261.047 Y290.247
G1 X261.868 Y288.535
G1 X262.251 Y287.524
G1 X261.370 Y286.601
G1 X261.042 Y286.930
G1 X259.732 Y288.546
G1 X258.092 Y290.885
G1 X256.555 Y293.500
G1 X255.197 Y296.367
G1 X254.089 Y299.443
G1 X253.290 Y302.661
G1 X252.841 Y305.934
G1 X252.758 Y309.163
G1 X253.028 Y312.245
G1 X253.605 Y315.076
G1 X254.412 Y317.569
G1 X255.345 Y319.661
G1 X256.282 Y321.321
G1 X257.090 Y322.555
G1 X257.643 Y323.413
G1 X257.829 Y323.983
G1 X257.571 Y324.388
G1 X256.828 Y324.774
G1 X255.612 Y325.293
G1 X253.981 Y326.092
G1 X252.041 Y327.294
G1 X249.934 Y328.982
G1 X249.303 Y329.642
G1 X250.250 Y329.969
G1 X251.466 Y329.583
G1 X252.662 Y329.138
G1 X252.375 Y328.420
G1 X251.959 Y327.731
G1 X251.221 Y326.688
G1 X250.291 Y325.218
G1 X249.307 Y323.294
G1 X248.407 Y320.933
G1 X247.711 Y318.189
G1 X247.313 Y315.148
G1 X247.276 Y311.914
G1 X247.624 Y308.601
G1 X248.353 Y305.320
G1 X249.425 Y302.168
G1 X250.780 Y299.227
G1 X252.343 Y296.551
G1 X254.032 Y294.172
G1 X255.764 Y292.099
G1 X257.462 Y290.316
G1 X259.061 Y288.791
G1 X260.511 Y287.481
G1 X261.423 Y286.654
G1 X260.619 Y285.880
G1 X259.660 Y285.039
G1 X259.480 Y285.255
G1 X259.478 Y286.295
G1 X259.355 Y287.386
G1 X259.076 Y288.377
G1 X258.609 Y289.300
G1 X257.928 Y290.196
G1 X257.018 Y291.115
G1 X255.875 Y292.115
G1 X254.512 Y293.256
G1 X252.959 Y294.600
G1 X251.263 Y296.200
G1 X249.491 Y298.099
G1 X247.721 Y300.321
G1 X246.043 Y302.870
G1 X244.548 Y305.722
G1 X243.321 Y308.826
G1 X242.436 Y312.104
G1 X241.941 Y315.456
G1 X241.856 Y318.767
G1 X242.162 Y321.913
G1 X242.804 Y324.778
G1 X243.691 Y327.265
G1 X244.699 Y329.306
G1 X245.125 Y329.981
G1 X244.236 Y330.971
G1 X242.960 Y331.000
G1 X241.684 Y330.967
G1 X240.411 Y330.871
G1 X239.145 Y330.713
G1 X237.888 Y330.493
G1 X237.948 Y330.196
G1 X237.300 Y328.219
G1 X236.728 Y325.231
G1 X236.530 Y321.986
G1 X236.755 Y318.611
G1 X237.407 Y315.237
G1 X238.454 Y311.983
G1 X239.833 Y308.951
G1 X241.459 Y306.213
G1 X243.234 Y303.812
G1 X245.060 Y301.761
G1 X246.842 Y300.045
G1 X248.501 Y298.627
G1 X249.975 Y297.453
G1 X251.219 Y296.460
G1 X252.212 Y295.578
G1 X252.949 Y294.742
G1 X253.442 Y293.890
G1 X253.716 Y292.973
G1 X253.805 Y291.951
G1 X253.747 Y290.794
G1 X253.584 Y289.488
G1 X253.354 Y288.027
G1 X253.093 Y286.415
G1 X252.834 Y284.661
G1 X252.601 Y282.781
G1 X252.511 Y281.830
G1 X252.439 Y280.774
G1 X251.239 Y280.340
G1 X250.019 Y279.965
G1 X248.782 Y279.651
G1 X247.531 Y279.398
G1 X246.270 Y279.206
G1 X246.148 Y280.165
G1 X246.205 Y282.434
G1 X246.346 Y284.638
G1 X246.564 Y286.754
G1 X246.844 Y288.756
G1 X247.169 Y290.623
G1 X247.510 Y292.336
G1 X247.835 Y293.879
G1 X248.105 Y295.246
G1 X248.274 Y296.441
G1 X248.299 Y297.479
G1 X248.133 Y298.386
G1 X247.740 Y299.205
G1 X247.087 Y299.990
G1 X246.159 Y300.805
G1 X244.956 Y301.722
G1 X243.501 Y302.818
G1 X241.836 Y304.162
G1 X240.029 Y305.816
G1 X238.164 Y307.823
G1 X236.342 Y310.200
G1 X234.670 Y312.935
G1 X233.253 Y315.984
G1 X232.184 Y319.267
G1 X231.529 Y322.677
G1 X231.324 Y326.085
G1 X231.409 Y327.274
G1 X230.648 Y327.879
G1 X229.540 Y327.245
G1 X228.465 Y326.558
G1 X227.425 Y325.818
G1 X226.422 Y325.029
G1 X226.721 Y324.668
G1 X226.886 Y323.641
G1 X227.888 Y320.290
G1 X229.270 Y317.165
G1 X230.938 Y314.357
G1 X232.782 Y311.921
G1 X234.684 Y309.875
G1 X236.536 Y308.205
G1 X238.242 Y306.866
G1 X239.729 Y305.795
G1 X240.948 Y304.915
G1 X241.874 Y304.143
G1 X242.506 Y303.402
G1 X242.861 Y302.619
G1 X242.972 Y301.735
G1 X242.884 Y300.706
G1 X242.644 Y299.501
G1 X242.305 Y298.105
G1 X241.913 Y296.516
G1 X241.512 Y294.741
G1 X241.139 Y292.797
G1 X240.823 Y290.707
G1 X240.585 Y288.495
G1 X240.437 Y286.191
G1 X240.387 Y283.819
G1 X240.436 Y281.405
G1 X240.570 Y279.114
G1 X239.987 Y279.175
G1 X238.723 Y279.354
G1 X237.470 Y279.595
G1 X236.230 Y279.897
G1 X235.007 Y280.259
G1 X235.266 Y281.062
G1 X235.151 Y282.096
G1 X234.967 Y284.607
G1 X234.888 Y287.103
G1 X234.919 Y289.558
G1 X235.060 Y291.946
G1 X235.306 Y294.238
G1 X235.643 Y296.404
G1 X236.050 Y298.415
G1 X236.495 Y300.245
G1 X236.939 Y301.877
G1 X237.335 Y303.299
G1 X237.632 Y304.513
G1 X237.773 Y305.535
G1 X237.705 Y306.398
G1 X237.380 Y307.149
G1 X236.762 Y307.853
G1 X235.832 Y308.588
G1 X234.592 Y309.438
G1 X233.070 Y310.494
G1 X231.322 Y311.835
G1 X229.429 Y313.529
G1 X227.494 Y315.621
G1 X225.637 Y318.121
G1 X223.981 Y321.004
G1 X223.889 Y321.224
G1 X223.047 Y321.670
G1 X222.253 Y320.671
G1 X221.509 Y319.634
G1 X222.104 Y319.229
G1 X223.436 Y317.631
G1 X225.395 Y315.732
G1 X227.257 Y314.230
G1 X228.922 Y313.064
G1 X230.316 Y312.154
G1 X231.395 Y311.409
G1 X232.145 Y310.734
G1 X232.576 Y310.042
G1 X232.719 Y309.257
G1 X232.622 Y308.319
G1 X232.340 Y307.189
G1 X231.933 Y305.841
G1 X231.459 Y304.268
G1 X230.972 Y302.478
G1 X230.517 Y300.489
G1 X230.131 Y298.326
G1 X229.839 Y296.020
G1 X229.659 Y293.602
G1 X229.600 Y291.107
G1 X229.662 Y288.562
G1 X229.840 Y285.996
G1 X230.126 Y283.430
G1 X229.237 Y282.941
G1 X228.172 Y283.643
G1 X227.141 Y284.396
G1 X226.150 Y285.199
G1 X225.198 Y286.050
G1 X224.290 Y286.946
G1 X224.926 Y287.560
G1 X224.705 Y289.628
G1 X224.545 Y292.231
G1 X224.511 Y294.806
G1 X224.608 Y297.321
G1 X224.833 Y299.745
G1 X225.173 Y302.042
G1 X225.608 Y304.178
G1 X226.105 Y306.122
G1 X226.623 Y307.848
G1 X227.109 Y309.342
G1 X227.505 Y310.601
G1 X227.747 Y311.639
G1 X227.772 Y312.488
G1 X227.526 Y313.201
G1 X226.963 Y313.849
G1 X226.060 Y314.519
G1 X224.817 Y315.306
G1 X223.266 Y316.311
G1 X221.469 Y317.625
G1 X220.671 Y318.319
G1 X220.209 Y317.513
G1 X220.522 Y317.341
G1 X221.407 Y316.794
G1 X222.274 Y316.152
G1 X222.791 Y315.521
G1 X222.987 Y314.811
G1 X222.910 Y313.950
G1 X222.619 Y312.888
G1 X222.182 Y311.593
G1 X221.663 Y310.053
G1 X221.125 Y308.274
G1 X220.619 Y306.274
G1 X220.187 Y304.081
G1 X219.861 Y301.730
G1 X219.660 Y299.257
G1 X219.595 Y296.698
G1 X219.609 Y296.166
G1 X219.023 Y294.945
G1 X219.545 Y293.781
G1 X220.124 Y292.644
G1 X220.758 Y291.536
G1 X221.445 Y290.461
G1 X222.185 Y289.421
G1 X222.974 Y288.418
G1 X223.812 Y287.455
G1 X224.696 Y286.535
G1 X225.624 Y285.659
G1 X226.594 Y284.830
G1 X225.624 Y285.659
G1 X224.696 Y286.535
G1 X223.812 Y287.455
G1 X222.974 Y288.418
G1 X222.185 Y289.421
G1 X221.445 Y290.461
G1 X220.758 Y291.536
G1 X220.124 Y292.644
G1 X219.545 Y293.781
G1 X219.023 Y294.945
G1 X219.609 Y296.166
G1 X219.595 Y296.698
G1 X219.660 Y299.257
G1 X219.861 Y301.730
G1 X220.187 Y304.081
G1 X220.619 Y306.274
G1 X221.125 Y308.274
G1 X221.663 Y310.053
G1 X222.182 Y311.593
G1 X222.619 Y312.888
G1 X222.910 Y313.950
G1 X222.987 Y314.811
G1 X222.791 Y315.521
G1 X222.274 Y316.152
G1 X221.407 Y316.794
G1 X220.522 Y317.341
G1 X220.209 Y317.513
G1 X220.671 Y318.319
G1 X221.469 Y317.625
G1 X223.266 Y316.311
G1 X224.817 Y315.306
G1 X226.060 Y314.519
G1 X226.963 Y313.849
G1 X227.526 Y313.201
G1 X227.772 Y312.488
G1 X227.747 Y311.639
G1 X227.505 Y310.601
G1 X227.109 Y309.342
G1 X226.623 Y307.848
G1 X226.105 Y306.122
G1 X225.608 Y304.178
G1 X225.173 Y302.042
G1 X224.833 Y299.745
G1 X224.608 Y297.321
G1 X224.511 Y294.806
G1 X224.545 Y292.231
G1 X224.705 Y289.628
G1 X224.926 Y287.560
G1 X224.290 Y286.946
G1 X225.198 Y286.050
G1 X226.150 Y285.199
G1 X227.141 Y284.396
G1 X228.172 Y283.643
G1 X229.237 Y282.941
G1 X230.126 Y283.430
G1 X229.840 Y285.996
G1 X229.662 Y288.562
G1 X229.600 Y291.107
G1 X229.659 Y293.602
G1 X229.839 Y296.020
G1 X230.131 Y298.326
G1 X230.517 Y300.489
G1 X230.972 Y302.478
G1 X231.459 Y304.268
G1 X231.933 Y305.841
G1 X232.340 Y307.189
G1 X232.622 Y308.319
G1 X232.719 Y309.257
G1 X232.576 Y310.042
G1 X232.145 Y310.734
G1 X231.395 Y311.409
G1 X230.316 Y312.154
G1 X228.922 Y313.064
G1 X227.257 Y314.230
G1 X225.395 Y315.732
G1 X223.436 Y317.631
G1 X222.104 Y319.229
G1 X221.509 Y319.634
G1 X222.253 Y320.671
G1 X223.047 Y321.670
G1 X223.889 Y321.224
G1 X223.981 Y321.004
G1 X225.637 Y318.121
G1 X227.494 Y315.621
G1 X229.429 Y313.529
G1 X231.322 Y311.835
G1 X233.070 Y310.494
G1 X234.592 Y309.438
G1 X235.832 Y308.588
G1 X236.762 Y307.853
G1 X237.380 Y307.149
G1 X237.705 Y306.398
G1 X237.773 Y305.535
G1 X237.632 Y304.513
G1 X237.335 Y303.299
G1 X236.939 Y301.877
G1 X236.495 Y300.245
G1 X236.050 Y298.415
G1 X235.643 Y296.404
G1 X235.306 Y294.238
G1 X235.060 Y291.946
G1 X234.919 Y289.558
G1 X234.888 Y287.103
G1 X234.967 Y284.607
G1 X235.151 Y282.096
G1 X235.266 Y281.062
G1 X235.007 Y280.259
G1 X236.230 Y279.897
G1 X237.470 Y279.595
G1 X238.723 Y279.354
G1 X239.987 Y279.175
G1 X240.570 Y279.114
G1 X240.436 Y281.405
G1 X240.387 Y283.819
G1 X240.437 Y286.191
G1 X240.585 Y288.495
G1 X240.823 Y290.707
G1 X241.139 Y292.797
G1 X241.512 Y294.741
G1 X241.913 Y296.516
G1 X242.305 Y298.105
G1 X242.644 Y299.501
G1 X242.884 Y300.706
G1 X242.972 Y301.735
G1 X242.861 Y302.619
G1 X242.506 Y303.402
G1 X241.874 Y304.143
G1 X240.948 Y304.915
G1 X239.729 Y305.795
G1 X238.242 Y306.866
G1 X236.536 Y308.205
G1 X234.684 Y309.875
G1 X232.782 Y311.921
G1 X230.938 Y314.357
G1 X229.270 Y317.165
G1 X227.888 Y320.290
G1 X226.886 Y323.641
G1 X226.721 Y324.668
G1 X226.422 Y325.029
G1 X227.425 Y325.818
G1 X228.465 Y326.558
G1 X229.540 Y327.245
G1 X230.648 Y327.879
G1 X231.409 Y327.274
G1 X231.324 Y326.085
G1 X231.529 Y322.677
G1 X232.184 Y319.267
G1 X233.253 Y315.984
G1 X234.670 Y312.935
G1 X236.342 Y310.200
G1 X238.164 Y307.823
G1 X240.029 Y305.816
G1 X241.836 Y304.162
G1 X243.501 Y302.818
G1 X244.956 Y301.722
G1 X246.159 Y300.805
G1 X247.087 Y299.990
G1 X247.740 Y299.205
G1 X248.133 Y298.386
G1 X248.299 Y297.479
G1 X248.274 Y296.441
G1 X248.105 Y295.246
G1 X247.835 Y293.879
G1 X247.510 Y292.336
G1 X247.169 Y290.623
G1 X246.844 Y288.756
G1 X246.564 Y286.754
G1 X246.346 Y284.638
G1 X246.205 Y282.434
G1 X246.148 Y280.165
G1 X246.270 Y279.206
G1 X247.531 Y279.398
G1 X248.782 Y279.651
G1 X250.019 Y279.965
G1 X251.239 Y280.340
G1 X252.439 Y280.774
G1 X252.511 Y281.830
G1 X252.601 Y282.781
G1 X252.834 Y284.661
G1 X253.093 Y286.415
G1 X253.354 Y288.027
G1 X253.584 Y289.488
G1 X253.747 Y290.794
G1 X253.805 Y291.951
G1 X253.716 Y292.973
G1 X253.442 Y293.890
G1 X252.949 Y294.742
G1 X252.212 Y295.578
G1 X251.219 Y296.460
G1 X249.975 Y297.453
G1 X248.501 Y298.627
G1 X246.842 Y300.045
G1 X245.060 Y301.761
G1 X243.234 Y303.812
G1 X241.459 Y306.213
G1 X239.833 Y308.951
G1 X238.454 Y311.983
G1 X237.407 Y315.237
G1 X236.755 Y318.611
G1 X236.530 Y321.986
G1 X236.728 Y325.231
G1 X237.300 Y328.219
G1 X237.948 Y330.196
G1 X237.888 Y330.493
G1 X239.145 Y330.713
G1 X240.411 Y330.871
G1 X241.684 Y330.967
G1 X242.960 Y331.000
G1 X244.236 Y330.971
G1 X245.125 Y329.981
G1 X244.699 Y329.306
G1 X243.691 Y327.265
G1 X242.804 Y324.778
G1 X242.162 Y321.913
G1 X241.856 Y318.767
G1 X241.941 Y315.456
G1 X242.436 Y312.104
G1 X243.321 Y308.826
G1 X244.548 Y305.722
G1 X246.043 Y302.870
G1 X247.721 Y300.321
G1 X249.491 Y298.099
G1 X251.263 Y296.200
G1 X252.959 Y294.600
G1 X254.512 Y293.256
G1 X255.875 Y292.115
G1 X257.018 Y291.115
G1 X257.928 Y290.196
G1 X258.609 Y289.300
G1 X259.076 Y288.377
G1 X259.355 Y287.386
G1 X259.478 Y286.295
G1 X259.480 Y285.255
G1 X259.660 Y285.039
G1 X260.619 Y285.880
G1 X261.423 Y286.654
G1 X260.511 Y287.481
G1 X259.061 Y288.791
G1 X257.462 Y290.316
G1 X255.764 Y292.099
G1 X254.032 Y294.172
G1 X252.343 Y296.551
G1 X250.780 Y299.227
G1 X249.425 Y302.168
G1 X248.353 Y305.320
G1 X247.624 Y308.601
G1 X247.276 Y311.914
G1 X247.313 Y315.148
G1 X247.711 Y318.189
G1 X248.407 Y320.933
G1 X249.307 Y323.294
G1 X250.291 Y325.218
G1 X251.221 Y326.688
G1 X251.959 Y327.731
G1 X252.375 Y328.420
G1 X252.662 Y329.138
G1 X251.466 Y329.583
G1 X250.250 Y329.969
G1 X249.303 Y329.642
G1 X249.934 Y328.982
G1 X252.041 Y327.294
G1 X253.981 Y326.092
G1 X255.612 Y325.293
G1 X256.828 Y324.774
G1 X257.571 Y324.388
G1 X257.829 Y323.983
G1 X257.643 Y323.413
G1 X257.090 Y322.555
G1 X256.282 Y321.321
G1 X255.345 Y319.661
G1 X254.412 Y317.569
G1 X253.605 Y315.076
G1 X253.028 Y312.245
G1 X252.758 Y309.163
G1 X252.841 Y305.934
G1 X253.290 Y302.661
G1 X254.089 Y299.443
G1 X255.197 Y296.367
G1 X256.555 Y293.500
G1 X258.092 Y290.885
G1 X259.732 Y288.546
G1 X261.042 Y286.930
G1 X261.370 Y286.601
G1 X262.251 Y287.524
G1 X261.868 Y288.535
G1 X261.047 Y290.247
G1 X259.922 Y293.243
G1 X259.070 Y296.386
G1 X258.533 Y299.604
G1 X258.336 Y302.811
G1 X258.477 Y305.912
G1 X258.926 Y308.812
G1 X259.624 Y311.422
G1 X260.485 Y313.672
G1 X261.402 Y315.518
G1 X262.253 Y316.949
G1 X262.916 Y317.993
G1 X263.275 Y318.715
G1 X263.241 Y319.215
G1 X262.755 Y319.620
G1 X261.800 Y320.073
G1 X260.406 Y320.720
G1 X258.650 Y321.692
G1 X256.647 Y323.092
G1 X254.542 Y324.982
G1 X252.497 Y327.375
G1 X251.376 Y329.127
G1 X251.527 Y329.562
G1 X252.722 Y329.114
G1 X253.894 Y328.608
G1 X255.039 Y328.045
G1 X255.109 Y327.392
G1 X256.693 Y324.285
G1 X258.585 Y321.573
G1 X260.643 Y319.328
G1 X262.714 Y317.575
G1 X264.644 Y316.286
G1 X265.559 Y315.791
G1 X266.455 Y316.220
G1 X266.977 Y315.055
G1 X267.441 Y313.867
G1 X267.847 Y312.657
G1 X267.741 Y311.419
G1 X266.911 Y309.931
G1 X266.033 Y308.048
G1 X265.219 Y305.786
G1 X264.566 Y303.191
G1 X264.149 Y300.328
G1 X264.020 Y297.281
G1 X264.202 Y294.135
G1 X264.522 Y292.080
G1 X265.292 Y291.618
G1 X265.921 Y292.728
G1 X266.496 Y293.867
G1 X267.014 Y295.034
G1 X267.474 Y296.224
G1 X267.875 Y297.435
G1 X268.216 Y298.665
G1 X268.497 Y299.910
G1 X268.716 Y301.167
G1 X268.873 Y302.434
G1 X268.968 Y303.706
G1 X269.000 Y304.982
G1 X268.970 Y306.258
G1 X268.877 Y307.530
G1 X268.721 Y308.797
G1 X268.504 Y310.055
G1 X268.225 Y311.300
G1 X267.886 Y312.530
G1 X266.935 Y313.360
G1 X264.874 Y315.429
G1 X262.921 Y317.968
G1 X261.219 Y320.927
G1 X260.048 Y323.819
G1 X260.456 Y324.269
G1 X259.489 Y325.102
G1 X258.483 Y325.887
G1 X257.439 Y326.622
G1 X256.361 Y327.304
G1 X255.251 Y327.933
G1 X254.110 Y328.507
G1 X252.944 Y329.023
G1 X251.753 Y329.482
G1 X250.541 Y329.882
G1 X249.311 Y330.222
G1 X248.066 Y330.502
G1 X246.808 Y330.720
G1 X245.542 Y330.875
G1 X244.269 Y330.969
G1 X242.993 Y331.000
G1 X241.718 Y330.968
G1 X240.445 Y330.874
G1 X239.178 Y330.718
G1 X237.921 Y330.499
G1 X236.676 Y330.219
G1 X235.446 Y329.879
G1 X234.235 Y329.478
G1 X233.044 Y329.018
G1 X231.878 Y328.501
G1 X230.738 Y327.927
G1 X229.628 Y327.298
G1 X228.550 Y326.615
G1 X227.507 Y325.879
G1 X226.501 Y325.094
G1 X225.535 Y324.260
G1 X224.611 Y323.380
G1 X223.731 Y322.456
G1 X222.898 Y321.489
G1 X222.113 Y320.483
G1 X221.378 Y319.439
G1 X220.696 Y318.361
G1 X220.067 Y317.251
G1 X219.493 Y316.110
G1 X218.977 Y314.944
G1 X218.518 Y313.753
G1 X218.118 Y312.541
G1 X217.778 Y311.311
G1 X217.498 Y310.066
G1 X217.280 Y308.808
G1 X217.125 Y307.542
G1 X217.031 Y306.269
G1 X217.000 Y304.993
G1 X217.032 Y303.718
G1 X217.126 Y302.445
G1 X217.282 Y301.178
G1 X217.501 Y299.921
G1 X217.781 Y298.676
G1 X218.121 Y297.446
G1 X218.522 Y296.235
G1 X218.982 Y295.044
G1 X219.499 Y293.878
G1 X220.073 Y292.738
G1 X220.702 Y291.628
G1 X221.385 Y290.550
G1 X222.121 Y289.507
G1 X222.906 Y288.501
G1 X223.740 Y287.535
G1 X224.620 Y286.611
G1 X225.544 Y285.731
G1 X226.511 Y284.898
G1 X227.517 Y284.113
G1 X228.561 Y283.378
G1 X229.639 Y282.696
G1 X230.749 Y282.067
G1 X231.890 Y281.493
G1 X233.056 Y280.977
G1 X234.247 Y280.518
G1 X235.459 Y280.118
G1 X236.689 Y279.778
G1 X237.934 Y279.498
G1 X239.192 Y279.280
G1 X240.458 Y279.125
G1 X241.731 Y279.031
G1 X243.007 Y279.000
G1 X244.282 Y279.032
G1 X245.555 Y279.126
G1 X246.822 Y279.282
G1 X248.079 Y279.501
G1 X249.324 Y279.781
G1 X250.554 Y280.121
G1 X251.765 Y280.522
G1 X252.956 Y280.982
G1 X254.122 Y281.499
G1 X255.262 Y282.073
G1 X256.372 Y282.702
G1 X257.450 Y283.385
G1 X258.493 Y284.121
G1 X259.499 Y284.906
G1 X260.465 Y285.740
G1 X261.389 Y286.620
G1 X262.269 Y287.544
G1 X263.102 Y288.511
G1 X263.887 Y289.517
G1 X264.622 Y290.561
G1 X265.304 Y291.639
G1 X265.933 Y292.749
G1 X266.507 Y293.890
G1 X267.023 Y295.056
G1 X267.482 Y296.247
G1 X267.882 Y297.459
G1 X268.222 Y298.689
G1 X268.502 Y299.934
G1 X268.720 Y301.192
G1 X268.875 Y302.458
G1 X268.969 Y303.731
G1 X269.000 Y305.007
G1 X268.968 Y306.282
G1 X268.874 Y307.555
G1 X268.718 Y308.822
G1 X268.499 Y310.079
G1 X268.219 Y311.324
G1 X267.879 Y312.554
G1 X267.478 Y313.765
G1 X267.018 Y314.956
G1 X266.501 Y316.122
G1 X265.927 Y317.262
G1 X265.298 Y318.372
G1 X264.615 Y319.450
G1 X263.879 Y320.493
G1 X263.094 Y321.499
G1 X262.260 Y322.465
G1 X261.380 Y323.389
G1 X260.645 Y324.089
G1 X261.380 Y323.389
G1 X262.260 Y322.465
G1 X263.094 Y321.499
G1 X263.879 Y320.493
G1 X264.615 Y319.450
G1 X265.298 Y318.372
G1 X265.927 Y317.262
G1 X266.501 Y316.122
G1 X267.018 Y314.956
G1 X267.478 Y313.765
G1 X267.879 Y312.554
G1 X268.219 Y311.324
G1 X268.499 Y310.079
G1 X268.718 Y308.822
G1 X268.874 Y307.555
G1 X268.968 Y306.282
G1 X269.000 Y305.007
G1 X268.969 Y303.731
G1 X268.875 Y302.458
G1 X268.720 Y301.192
G1 X268.502 Y299.934
G1 X268.222 Y298.689
G1 X267.882 Y297.459
G1 X267.482 Y296.247
G1 X267.023 Y295.056
G1 X266.507 Y293.890
G1 X265.933 Y292.749
G1 X265.304 Y291.639
G1 X264.622 Y290.561
G1 X263.887 Y289.517
G1 X263.102 Y288.511
G1 X262.269 Y287.544
G1 X261.976 Y287.236
; END LAYER: 7 circle 1 interior

; BEGIN CONNECTOR: 7
G1 X261.976 Y287.236
G1 X270.000 Y277.000
; END CONNECTOR: 7

; BEGIN LAYER: 8 point
G1 X270.000 Y277.000
; END LAYER: 8 point

; BEGIN CONNECTOR: 8
G1 X270.000 Y277.000
G1 X270.221 Y276.394
; END CONNECTOR: 8

; BEGIN LAYER: 9 circle 2
G1 X270.221 Y276.394
G1 X269.527 Y275.732
G1 X268.059 Y274.466
G1 X266.530 Y273.273
G1 X264.945 Y272.157
G1 X263.307 Y271.120
G1 X261.620 Y270.164
G1 X259.888 Y269.292
G1 X258.116 Y268.507
G1 X256.307 Y267.809
G1 X254.466 Y267.201
G1 X252.598 Y266.684
G1 X250.706 Y266.259
G1 X248.796 Y265.928
G1 X246.872 Y265.690
G1 X244.938 Y265.548
G1 X243.000 Y265.500
G1 X241.062 Y265.548
G1 X239.128 Y265.690
G1 X237.204 Y265.928
G1 X235.294 Y266.259
G1 X233.402 Y266.684
G1 X231.534 Y267.201
G1 X229.693 Y267.809
G1 X227.884 Y268.507
G1 X226.559 Y269.094
; END LAYER: 9 circle 2

; BEGIN CONNECTOR: 9
G1 X226.559 Y269.094
G1 X200.000 Y233.000
; END CONNECTOR: 9

; BEGIN LAYER: 10 point
G1 X200.000 Y233.000
; END LAYER: 10 point

; BEGIN CONNECTOR: 10
G1 X200.000 Y233.000
G1 X200.030 Y232.694
; END CONNECTOR: 10

; BEGIN LAYER: 11 circle 3
G1 X200.030 Y232.694
G1 X200.752 Y231.936
G1 X202.516 Y229.892
G1 X204.176 Y227.763
G1 X205.731 Y225.556
G1 X207.175 Y223.276
G1 X208.506 Y220.927
G1 X209.719 Y218.516
G1 X210.813 Y216.048
G1 X211.785 Y213.529
G1 X212.632 Y210.966
G1 X213.352 Y208.364
G1 X213.943 Y205.730
G1 X214.405 Y203.070
G1 X214.735 Y200.391
G1 X214.934 Y197.699
G1 X215.000 Y195.000
G1 X214.934 Y192.301
G1 X214.735 Y189.609
G1 X214.405 Y186.930
G1 X213.943 Y184.270
G1 X213.352 Y181.636
G1 X212.632 Y179.034
G1 X211.785 Y176.471
G1 X210.813 Y173.952
G1 X209.719 Y171.484
G1 X208.506 Y169.073
G1 X207.175 Y166.724
G1 X205.731 Y164.444
G1 X205.693 Y164.390
; END LAYER: 11 circle 3

; BEGIN CONNECTOR: 11
G1 X205.693 Y164.390
G1 X193.000 Y176.000
; END CONNECTOR: 11

; BEGIN LAYER: 12 point
G1 X193.000 Y176.000
; END LAYER: 12 point

; BEGIN CONNECTOR: 12
G1 X193.000 Y176.000
G1 X193.028 Y174.261
; END CONNECTOR: 12

; BEGIN LAYER: 13 circle 3 interior
G1 X193.028 Y174.261
G1 X193.668 Y175.316
G1 X192.472 Y176.439
G1 X190.796 Y177.789
G1 X189.302 Y178.854
G1 X188.063 Y179.689
G1 X187.132 Y180.368
G1 X186.544 Y180.977
G1 X186.306 Y181.611
G1 X186.402 Y182.363
G1 X186.789 Y183.317
G1 X187.401 Y184.545
G1 X188.158 Y186.096
G1 X188.967 Y187.997
G1 X189.734 Y190.246
G1 X190.368 Y192.819
G1 X190.790 Y195.665
G1 X190.939 Y198.717
G1 X190.774 Y201.894
G1 X190.279 Y205.109
G1 X189.460 Y208.277
G1 X188.348 Y211.318
G1 X186.988 Y214.166
G1 X185.442 Y216.771
G1 X183.780 Y219.101
G1 X182.074 Y221.145
G1 X180.394 Y222.910
G1 X178.803 Y224.418
G1 X177.355 Y225.706
G1 X176.088 Y226.821
G1 X175.030 Y227.813
G1 X174.192 Y228.735
G1 X173.573 Y229.640
G1 X173.161 Y230.572
G1 X172.936 Y231.573
G1 X173.005 Y231.768
G1 X171.650 Y231.744
G1 X173.053 Y230.417
G1 X174.588 Y228.893
G1 X176.211 Y227.140
G1 X177.869 Y225.132
G1 X179.499 Y222.859
G1 X181.037 Y220.326
G1 X182.416 Y217.556
G1 X183.578 Y214.588
G1 X184.473 Y211.478
G1 X185.067 Y208.297
G1 X185.343 Y205.123
G1 X185.309 Y202.039
G1 X184.991 Y199.125
G1 X184.442 Y196.453
G1 X183.729 Y194.079
G1 X182.936 Y192.040
G1 X182.155 Y190.348
G1 X181.478 Y188.991
G1 X180.992 Y187.930
G1 X180.770 Y187.105
G1 X180.866 Y186.438
G1 X181.311 Y185.836
G1 X182.109 Y185.204
G1 X183.238 Y184.450
G1 X184.651 Y183.491
G1 X186.283 Y182.261
G1 X188.053 Y180.715
G1 X189.871 Y178.831
G1 X191.648 Y176.614
G1 X192.503 Y175.309
G1 X193.356 Y174.792
G1 X192.325 Y173.180
G1 X191.215 Y171.620
G1 X191.066 Y171.422
G1 X190.319 Y173.933
G1 X189.089 Y176.933
G1 X187.602 Y179.723
G1 X185.918 Y182.238
G1 X184.115 Y184.432
G1 X182.281 Y186.282
G1 X180.509 Y187.789
G1 X178.890 Y188.979
G1 X177.503 Y189.902
G1 X176.412 Y190.631
G1 X175.659 Y191.251
G1 X175.261 Y191.857
G1 X175.207 Y192.543
G1 X175.463 Y193.399
G1 X175.969 Y194.499
G1 X176.651 Y195.897
G1 X177.423 Y197.627
G1 X178.194 Y199.695
G1 X178.878 Y202.085
G1 X179.396 Y204.759
G1 X179.686 Y207.659
G1 X179.703 Y210.718
G1 X179.423 Y213.858
G1 X178.844 Y217.003
G1 X177.981 Y220.081
G1 X176.868 Y223.029
G1 X175.549 Y225.796
G1 X174.079 Y228.347
G1 X172.516 Y230.662
G1 X171.564 Y231.898
G1 X171.663 Y232.215
G1 X169.917 Y231.694
G1 X171.176 Y228.948
G1 X172.249 Y226.038
G1 X173.093 Y223.007
G1 X173.677 Y219.909
G1 X173.982 Y216.809
G1 X174.008 Y213.776
G1 X173.773 Y210.880
G1 X173.312 Y208.188
G1 X172.680 Y205.756
G1 X171.945 Y203.626
G1 X171.189 Y201.820
G1 X170.497 Y200.339
G1 X169.953 Y199.160
G1 X169.635 Y198.236
G1 X169.605 Y197.502
G1 X169.907 Y196.875
G1 X170.559 Y196.264
G1 X171.556 Y195.573
G1 X172.865 Y194.714
G1 X174.429 Y193.609
G1 X176.173 Y192.197
G1 X178.009 Y190.443
G1 X179.842 Y188.337
G1 X181.578 Y185.894
G1 X183.133 Y183.154
G1 X184.439 Y180.177
G1 X185.444 Y177.042
G1 X186.123 Y173.831
G1 X186.472 Y170.633
G1 X186.512 Y167.530
G1 X187.083 Y166.938
G1 X185.674 Y165.643
G1 X184.203 Y164.418
G1 X182.673 Y163.268
G1 X181.088 Y162.193
G1 X179.453 Y161.198
G1 X178.016 Y161.044
G1 X178.717 Y162.856
G1 X179.425 Y164.973
G1 X180.063 Y167.393
G1 X180.553 Y170.095
G1 X180.822 Y173.037
G1 X180.812 Y176.157
G1 X180.481 Y179.376
G1 X179.809 Y182.609
G1 X178.801 Y185.763
G1 X177.487 Y188.751
G1 X175.919 Y191.496
G1 X174.172 Y193.936
G1 X172.332 Y196.035
G1 X170.494 Y197.778
G1 X168.754 Y199.180
G1 X167.199 Y200.280
G1 X165.901 Y201.139
G1 X164.913 Y201.835
G1 X164.266 Y202.458
G1 X163.962 Y203.100
G1 X163.980 Y203.849
G1 X164.278 Y204.783
G1 X164.793 Y205.964
G1 X165.452 Y207.435
G1 X166.176 Y209.215
G1 X166.883 Y211.305
G1 X167.499 Y213.682
G1 X167.961 Y216.309
G1 X168.217 Y219.133
G1 X168.236 Y222.095
G1 X167.999 Y225.133
G1 X167.507 Y228.183
G1 X166.772 Y231.188
G1 X166.287 Y232.671
G1 X166.420 Y233.468
G1 X164.525 Y233.737
G1 X162.619 Y233.912
G1 X161.776 Y233.819
G1 X162.199 Y230.833
G1 X162.393 Y227.868
G1 X162.357 Y224.977
G1 X162.107 Y222.216
G1 X161.670 Y219.639
G1 X161.092 Y217.293
G1 X160.427 Y215.214
G1 X159.743 Y213.423
G1 X159.113 Y211.925
G1 X158.611 Y210.705
G1 X158.308 Y209.726
G1 X158.265 Y208.935
G1 X158.526 Y208.260
G1 X159.118 Y207.620
G1 X160.043 Y206.927
G1 X161.280 Y206.093
G1 X162.783 Y205.038
G1 X164.486 Y203.696
G1 X166.307 Y202.024
G1 X168.153 Y199.998
G1 X169.928 Y197.625
G1 X171.543 Y194.936
G1 X172.917 Y191.984
G1 X173.992 Y188.846
G1 X174.729 Y185.607
G1 X175.115 Y182.362
G1 X175.166 Y179.203
G1 X174.919 Y176.213
G1 X174.432 Y173.463
G1 X173.778 Y171.001
G1 X173.039 Y168.857
G1 X172.300 Y167.035
G1 X171.642 Y165.517
G1 X171.134 Y164.268
G1 X170.834 Y163.235
G1 X170.781 Y162.357
G1 X170.998 Y161.566
G1 X171.489 Y160.793
G1 X172.241 Y159.975
G1 X173.227 Y159.057
G1 X173.469 Y158.400
G1 X173.745 Y159.329
G1 X172.164 Y161.105
G1 X170.619 Y162.646
G1 X169.167 Y163.957
G1 X167.863 Y165.059
G1 X166.759 Y165.984
G1 X165.901 Y166.782
G1 X165.320 Y167.512
G1 X165.033 Y168.246
G1 X165.039 Y169.058
G1 X165.314 Y170.021
G1 X165.816 Y171.206
G1 X166.486 Y172.667
G1 X167.248 Y174.445
G1 X168.016 Y176.558
G1 X168.702 Y179.001
G1 X169.219 Y181.744
G1 X169.492 Y184.734
G1 X169.461 Y187.899
G1 X169.089 Y191.153
G1 X168.362 Y194.400
G1 X167.295 Y197.546
G1 X165.927 Y200.504
G1 X164.320 Y203.200
G1 X162.553 Y205.581
G1 X160.716 Y207.618
G1 X158.904 Y209.308
G1 X157.206 Y210.672
G1 X155.701 Y211.755
G1 X154.453 Y212.622
G1 X153.504 Y213.348
G1 X152.876 Y214.016
G1 X152.564 Y214.711
G1 X152.546 Y215.509
G1 X152.780 Y216.476
G1 X153.211 Y217.664
G1 X153.774 Y219.106
G1 X154.403 Y220.818
G1 X155.030 Y222.799
G1 X155.596 Y225.032
G1 X156.048 Y227.485
G1 X156.345 Y230.121
G1 X156.460 Y232.893
G1 X156.372 Y233.831
G1 X154.471 Y233.606
G1 X152.584 Y233.288
G1 X150.714 Y232.878
G1 X149.810 Y232.645
G1 X149.486 Y230.901
G1 X148.959 Y228.757
G1 X148.386 Y226.843
G1 X147.821 Y225.174
G1 X147.322 Y223.750
G1 X146.949 Y222.558
G1 X146.760 Y221.568
G1 X146.806 Y220.737
G1 X147.126 Y220.004
G1 X147.744 Y219.300
G1 X148.667 Y218.548
G1 X149.878 Y217.670
G1 X151.341 Y216.593
G1 X153.001 Y215.253
G1 X154.785 Y213.604
G1 X156.607 Y211.618
G1 X158.379 Y209.293
G1 X160.009 Y206.650
G1 X161.418 Y203.738
G1 X162.539 Y200.622
G1 X163.327 Y197.386
G1 X163.762 Y194.124
G1 X163.847 Y190.932
G1 X163.617 Y187.900
G1 X163.125 Y185.106
G1 X162.445 Y182.610
G1 X161.665 Y180.448
G1 X160.877 Y178.632
G1 X160.171 Y177.148
G1 X159.629 Y175.959
G1 X159.319 Y175.008
G1 X159.290 Y174.223
G1 X159.569 Y173.527
G1 X160.161 Y172.837
G1 X161.050 Y172.075
G1 X162.203 Y171.175
G1 X163.571 Y170.081
G1 X165.095 Y168.753
G1 X166.712 Y167.171
G1 X168.358 Y165.328
G1 X169.974 Y163.236
G1 X171.505 Y160.916
G1 X172.910 Y158.403
G1 X172.974 Y158.221
G1 X171.154 Y157.629
G1 X169.871 Y157.868
G1 X168.905 Y160.767
G1 X167.728 Y163.568
G1 X166.357 Y166.218
G1 X164.828 Y168.669
G1 X163.186 Y170.881
G1 X161.489 Y172.825
G1 X159.804 Y174.487
G1 X158.202 Y175.868
G1 X156.753 Y176.992
G1 X155.523 Y177.899
G1 X154.566 Y178.648
G1 X153.919 Y179.311
G1 X153.600 Y179.972
G1 X153.604 Y180.717
G1 X153.903 Y181.630
G1 X154.445 Y182.785
G1 X155.158 Y184.241
G1 X155.958 Y186.037
G1 X156.751 Y188.185
G1 X157.443 Y190.672
G1 X157.947 Y193.460
G1 X158.187 Y196.486
G1 X158.112 Y199.673
G1 X157.689 Y202.930
G1 X156.916 Y206.160
G1 X155.814 Y209.274
G1 X154.429 Y212.190
G1 X152.825 Y214.842
G1 X151.081 Y217.188
G1 X149.283 Y219.206
G1 X147.516 Y220.899
G1 X145.861 Y222.292
G1 X144.387 Y223.430
G1 X143.145 Y224.369
G1 X142.172 Y225.179
G1 X141.482 Y225.931
G1 X141.072 Y226.694
G1 X140.923 Y227.533
G1 X141.001 Y228.503
G1 X140.762 Y228.925
G1 X140.104 Y228.286
G1 X141.721 Y226.883
G1 X143.451 Y225.199
G1 X145.218 Y223.207
G1 X146.945 Y220.902
G1 X148.549 Y218.297
G1 X149.954 Y215.430
G1 X151.094 Y212.358
G1 X151.920 Y209.156
G1 X152.405 Y205.909
G1 X152.546 Y202.711
G1 X152.365 Y199.653
G1 X151.909 Y196.815
G1 X151.248 Y194.266
G1 X150.464 Y192.050
G1 X149.652 Y190.188
G1 X148.907 Y188.674
G1 X148.319 Y187.476
G1 X147.966 Y186.540
G1 X147.906 Y185.792
G1 X148.176 Y185.146
G1 X148.786 Y184.512
G1 X149.724 Y183.802
G1 X150.954 Y182.935
G1 X152.420 Y181.846
G1 X154.055 Y180.486
G1 X155.783 Y178.829
G1 X157.524 Y176.868
G1 X159.206 Y174.617
G1 X160.762 Y172.108
G1 X162.140 Y169.386
G1 X163.302 Y166.504
G1 X164.224 Y163.523
G1 X164.901 Y160.500
G1 X165.339 Y157.494
G1 X165.422 Y156.379
G1 X163.520 Y156.159
G1 X161.610 Y156.033
G1 X159.696 Y156.001
G1 X159.550 Y156.801
G1 X159.661 Y159.616
G1 X159.574 Y162.569
G1 X159.253 Y165.614
G1 X158.673 Y168.697
G1 X157.822 Y171.754
G1 X156.707 Y174.719
G1 X155.350 Y177.524
G1 X153.792 Y180.109
G1 X152.090 Y182.424
G1 X150.316 Y184.434
G1 X148.549 Y186.124
G1 X146.873 Y187.500
G1 X145.370 Y188.592
G1 X144.111 Y189.450
G1 X143.154 Y190.145
G1 X142.533 Y190.762
G1 X142.262 Y191.393
G1 X142.325 Y192.131
G1 X142.685 Y193.062
G1 X143.279 Y194.259
G1 X144.027 Y195.776
G1 X144.838 Y197.643
G1 X145.618 Y199.862
G1 X146.272 Y202.410
G1 X146.720 Y205.240
G1 X146.897 Y208.286
G1 X146.758 Y211.467
G1 X146.284 Y214.694
G1 X145.479 Y217.879
G1 X144.371 Y220.940
G1 X143.006 Y223.807
G1 X141.447 Y226.426
G1 X140.536 Y227.692
G1 X140.048 Y228.510
G1 X138.428 Y227.491
G1 X138.535 Y227.058
G1 X139.663 Y224.047
G1 X140.509 Y220.904
G1 X141.042 Y217.704
G1 X141.250 Y214.530
G1 X141.147 Y211.466
G1 X140.766 Y208.593
G1 X140.166 Y205.981
G1 X139.420 Y203.681
G1 X138.616 Y201.724
G1 X137.848 Y200.117
G1 X137.207 Y198.839
G1 X136.779 Y197.844
G1 X136.632 Y197.067
G1 X136.813 Y196.424
G1 X137.346 Y195.822
G1 X138.227 Y195.166
G1 X139.429 Y194.365
G1 X140.897 Y193.343
G1 X142.563 Y192.039
G1 X144.344 Y190.414
G1 X146.151 Y188.455
G1 X147.898 Y186.172
G1 X149.506 Y183.597
G1 X150.909 Y180.780
G1 X152.058 Y177.785
G1 X152.924 Y174.685
G1 X153.498 Y171.552
G1 X153.790 Y168.459
G1 X153.826 Y165.469
G1 X153.645 Y162.634
G1 X153.297 Y159.994
G1 X152.835 Y157.572
G1 X152.667 Y156.696
G1 X150.797 Y157.101
G1 X148.948 Y157.599
G1 X147.126 Y158.186
G1 X145.668 Y159.061
G1 X146.250 Y160.930
G1 X146.842 Y163.049
G1 X147.384 Y165.422
G1 X147.812 Y168.040
G1 X148.067 Y170.875
G1 X148.092 Y173.884
G1 X147.846 Y177.010
G1 X147.298 Y180.182
G1 X146.440 Y183.323
G1 X145.283 Y186.351
G1 X143.862 Y189.191
G1 X142.228 Y191.776
G1 X140.455 Y194.055
G1 X138.627 Y195.997
G1 X136.834 Y197.595
G1 X135.168 Y198.869
G1 X133.712 Y199.861
G1 X132.536 Y200.637
G1 X131.687 Y201.278
G1 X131.191 Y201.877
G1 X131.045 Y202.531
G1 X131.222 Y203.330
G1 X131.670 Y204.354
G1 X132.318 Y205.666
G1 X133.082 Y207.305
G1 X133.869 Y209.287
G1 X134.592 Y211.602
G1 X135.165 Y214.218
G1 X135.522 Y217.080
G1 X135.609 Y220.122
G1 X135.397 Y223.266
G1 X135.144 Y224.805
G1 X135.022 Y224.952
G1 X133.582 Y223.690
G1 X132.206 Y222.359
G1 X130.897 Y220.962
G1 X129.659 Y219.503
G1 X129.172 Y217.768
G1 X128.509 Y215.369
G1 X127.754 Y213.282
G1 X126.991 Y211.528
G1 X126.308 Y210.101
G1 X125.791 Y208.973
G1 X125.515 Y208.092
G1 X125.539 Y207.388
G1 X125.903 Y206.774
G1 X126.620 Y206.158
G1 X127.677 Y205.444
G1 X129.037 Y204.545
G1 X130.639 Y203.386
G1 X132.404 Y201.913
G1 X134.243 Y200.096
G1 X136.060 Y197.930
G1 X137.765 Y195.435
G1 X139.278 Y192.657
G1 X140.533 Y189.657
G1 X141.486 Y186.515
G1 X142.117 Y183.312
G1 X142.426 Y180.136
G1 X142.437 Y177.063
G1 X142.193 Y174.163
G1 X141.749 Y171.487
G1 X141.171 Y169.071
G1 X140.529 Y166.930
G1 X139.890 Y165.064
G1 X139.317 Y163.453
G1 X138.906 Y162.197
G1 X137.322 Y163.271
G1 X135.792 Y164.422
G1 X134.321 Y165.647
G1 X132.912 Y166.942
G1 X133.108 Y167.745
G1 X133.592 Y169.082
G1 X134.206 Y170.663
G1 X134.889 Y172.522
G1 X135.572 Y174.675
G1 X136.179 Y177.122
G1 X136.636 Y179.840
G1 X136.873 Y182.788
G1 X136.835 Y185.905
G1 X136.479 Y189.116
G1 X135.789 Y192.336
G1 X134.768 Y195.476
G1 X133.446 Y198.449
G1 X131.874 Y201.179
G1 X130.126 Y203.606
G1 X128.288 Y205.693
G1 X126.454 Y207.425
G1 X124.718 Y208.818
G1 X123.785 Y209.474
G1 X123.817 Y209.553
G1 X125.484 Y207.483
G1 X127.164 Y204.905
G1 X128.631 Y202.045
G1 X129.820 Y198.973
G1 X130.684 Y195.769
G1 X131.206 Y192.526
G1 X131.389 Y189.334
G1 X131.263 Y186.279
G1 X130.879 Y183.434
G1 X130.302 Y180.853
G1 X129.610 Y178.571
G1 X128.884 Y176.602
G1 X128.201 Y174.937
G1 X127.634 Y173.546
G1 X127.493 Y173.453
G1 X126.475 Y175.074
G1 X125.537 Y176.743
G1 X124.683 Y178.456
G1 X123.914 Y180.208
G1 X123.232 Y181.997
G1 X123.634 Y182.172
G1 X124.384 Y184.246
G1 X125.066 Y186.641
G1 X125.598 Y189.335
G1 X125.903 Y192.280
G1 X125.919 Y195.411
G1 X125.605 Y198.646
G1 X124.942 Y201.894
G1 X123.937 Y205.060
G1 X123.310 Y206.489
G1 X122.782 Y206.654
G1 X122.975 Y207.253
G1 X123.937 Y205.060
G1 X124.942 Y201.894
G1 X125.605 Y198.646
G1 X125.919 Y195.411
G1 X125.903 Y192.280
G1 X125.598 Y189.335
G1 X125.066 Y186.641
G1 X124.384 Y184.246
G1 X123.853 Y182.779
G1 X123.054 Y182.509
G1 X123.712 Y180.711
G1 X124.457 Y178.948
G1 X125.287 Y177.223
G1 X126.201 Y175.541
G1 X127.197 Y173.906
G1 X127.634 Y173.546
G1 X128.201 Y174.937
G1 X128.884 Y176.602
G1 X129.610 Y178.571
G1 X130.302 Y180.853
G1 X130.879 Y183.434
G1 X131.263 Y186.279
G1 X131.389 Y189.334
G1 X131.206 Y192.526
G1 X130.684 Y195.769
G1 X129.820 Y198.973
G1 X128.631 Y202.045
G1 X127.164 Y204.905
G1 X125.484 Y207.483
G1 X124.506 Y208.698
G1 X123.615 Y209.042
G1 X123.785 Y209.474
G1 X124.718 Y208.818
G1 X126.454 Y207.425
G1 X128.288 Y205.693
G1 X130.126 Y203.606
G1 X131.874 Y201.179
G1 X133.446 Y198.449
G1 X134.768 Y195.476
G1 X135.789 Y192.336
G1 X136.479 Y189.116
G1 X136.835 Y185.905
G1 X136.873 Y182.788
G1 X136.636 Y179.840
G1 X136.179 Y177.122
G1 X135.572 Y174.675
G1 X134.889 Y172.522
G1 X134.206 Y170.663
G1 X133.592 Y169.082
G1 X133.108 Y167.745
G1 X132.608 Y167.239
G1 X134.004 Y165.928
G1 X135.461 Y164.687
G1 X136.978 Y163.520
G1 X138.551 Y162.428
G1 X138.906 Y162.197
G1 X139.317 Y163.453
G1 X139.890 Y165.064
G1 X140.529 Y166.930
G1 X141.171 Y169.071
G1 X141.749 Y171.487
G1 X142.193 Y174.163
G1 X142.437 Y177.063
G1 X142.426 Y180.136
G1 X142.117 Y183.312
G1 X141.486 Y186.515
G1 X140.533 Y189.657
G1 X139.278 Y192.657
G1 X137.765 Y195.435
G1 X136.060 Y197.930
G1 X134.243 Y200.096
G1 X132.404 Y201.913
G1 X130.639 Y203.386
G1 X129.037 Y204.545
G1 X127.677 Y205.444
G1 X126.620 Y206.158
G1 X125.903 Y206.774
G1 X125.539 Y207.388
G1 X125.515 Y208.092
G1 X125.791 Y208.973
G1 X126.308 Y210.101
G1 X126.991 Y211.528
G1 X127.754 Y213.282
G1 X128.509 Y215.369
G1 X128.925 Y216.873
G1 X128.108 Y217.447
G1 X129.248 Y218.985
G1 X130.462 Y220.465
G1 X131.747 Y221.884
G1 X133.100 Y223.238
G1 X134.518 Y224.524
G1 X135.108 Y225.023
G1 X135.397 Y223.266
G1 X135.609 Y220.122
G1 X135.522 Y217.080
G1 X135.165 Y214.218
G1 X134.592 Y211.602
G1 X133.869 Y209.287
G1 X133.082 Y207.305
G1 X132.318 Y205.666
G1 X131.670 Y204.354
G1 X131.222 Y203.330
G1 X131.045 Y202.531
G1 X131.191 Y201.877
G1 X131.687 Y201.278
G1 X132.536 Y200.637
G1 X133.712 Y199.861
G1 X135.168 Y198.869
G1 X136.834 Y197.595
G1 X138.627 Y195.997
G1 X140.455 Y194.055
G1 X142.228 Y191.776
G1 X143.862 Y189.191
G1 X145.283 Y186.351
G1 X146.440 Y183.323
G1 X147.298 Y180.182
G1 X147.846 Y177.010
G1 X148.092 Y173.884
G1 X148.067 Y170.875
G1 X147.812 Y168.040
G1 X147.384 Y165.422
G1 X146.842 Y163.049
G1 X146.250 Y160.930
G1 X145.786 Y159.441
G1 X145.525 Y158.786
G1 X147.319 Y158.119
G1 X149.144 Y157.541
G1 X150.995 Y157.054
G1 X152.835 Y157.572
G1 X153.297 Y159.994
G1 X153.645 Y162.634
G1 X153.826 Y165.469
G1 X153.790 Y168.459
G1 X153.498 Y171.552
G1 X152.924 Y174.685
G1 X152.058 Y177.785
G1 X150.909 Y180.780
G1 X149.506 Y183.597
G1 X147.898 Y186.172
G1 X146.151 Y188.455
G1 X144.344 Y190.414
G1 X142.563 Y192.039
G1 X140.897 Y193.343
G1 X139.429 Y194.365
G1 X138.227 Y195.166
G1 X137.346 Y195.822
G1 X136.813 Y196.424
G1 X136.632 Y197.067
G1 X136.779 Y197.844
G1 X137.207 Y198.839
G1 X137.848 Y200.117
G1 X138.616 Y201.724
G1 X139.420 Y203.681
G1 X140.166 Y205.981
G1 X140.766 Y208.593
G1 X141.147 Y211.466
G1 X141.250 Y214.530
G1 X141.042 Y217.704
G1 X140.509 Y220.904
G1 X139.663 Y224.047
G1 X138.568 Y226.969
G1 X138.283 Y227.394
G1 X139.899 Y228.421
G1 X139.977 Y228.468
G1 X141.447 Y226.426
G1 X143.006 Y223.807
G1 X144.371 Y220.940
G1 X145.479 Y217.879
G1 X146.284 Y214.694
G1 X146.758 Y211.467
G1 X146.897 Y208.286
G1 X146.720 Y205.240
G1 X146.272 Y202.410
G1 X145.618 Y199.862
G1 X144.838 Y197.643
G1 X144.027 Y195.776
G1 X143.279 Y194.259
G1 X142.685 Y193.062
G1 X142.325 Y192.131
G1 X142.262 Y191.393
G1 X142.533 Y190.762
G1 X143.154 Y190.145
G1 X144.111 Y189.450
G1 X145.370 Y188.592
G1 X146.873 Y187.500
G1 X148.549 Y186.124
G1 X150.316 Y184.434
G1 X152.090 Y182.424
G1 X153.792 Y180.109
G1 X155.350 Y177.524
G1 X156.707 Y174.719
G1 X157.822 Y171.754
G1 X158.673 Y168.697
G1 X159.253 Y165.614
G1 X159.574 Y162.569
G1 X159.661 Y159.616
G1 X159.550 Y156.801
G1 X159.541 Y156.003
G1 X161.455 Y156.027
G1 X163.365 Y156.145
G1 X165.268 Y156.357
G1 X165.422 Y156.379
G1 X165.339 Y157.494
G1 X164.901 Y160.500
G1 X164.224 Y163.523
G1 X163.302 Y166.504
G1 X162.140 Y169.386
G1 X160.762 Y172.108
G1 X159.206 Y174.617
G1 X157.524 Y176.868
G1 X155.783 Y178.829
G1 X154.055 Y180.486
G1 X152.420 Y181.846
G1 X150.954 Y182.935
G1 X149.724 Y183.802
G1 X148.786 Y184.512
G1 X148.176 Y185.146
G1 X147.906 Y185.792
G1 X147.966 Y186.540
G1 X148.319 Y187.476
G1 X148.907 Y188.674
G1 X149.652 Y190.188
G1 X150.464 Y192.050
G1 X151.248 Y194.266
G1 X151.909 Y196.815
G1 X152.365 Y199.653
G1 X152.546 Y202.711
G1 X152.405 Y205.909
G1 X151.920 Y209.156
G1 X151.094 Y212.358
G1 X149.954 Y215.430
G1 X148.549 Y218.297
G1 X146.945 Y220.902
G1 X145.218 Y223.207
G1 X143.451 Y225.199
G1 X141.721 Y226.883
G1 X140.543 Y227.905
G1 X140.150 Y228.570
G1 X141.001 Y228.503
G1 X140.923 Y227.533
G1 X141.072 Y226.694
G1 X141.482 Y225.931
G1 X142.172 Y225.179
G1 X143.145 Y224.369
G1 X144.387 Y223.430
G1 X145.861 Y222.292
G1 X147.516 Y220.899
G1 X149.283 Y219.206
G1 X151.081 Y217.188
G1 X152.825 Y214.842
G1 X154.429 Y212.190
G1 X155.814 Y209.274
G1 X156.916 Y206.160
G1 X157.689 Y202.930
G1 X158.112 Y199.673
G1 X158.187 Y196.486
G1 X157.947 Y193.460
G1 X157.443 Y190.672
G1 X156.751 Y188.185
G1 X155.958 Y186.037
G1 X155.158 Y184.241
G1 X154.445 Y182.785
G1 X153.903 Y181.630
G1 X153.604 Y180.717
G1 X153.600 Y179.972
G1 X153.919 Y179.311
G1 X154.566 Y178.648
G1 X155.523 Y177.899
G1 X156.753 Y176.992
G1 X158.202 Y175.868
G1 X159.804 Y174.487
G1 X161.489 Y172.825
G1 X163.186 Y170.881
G1 X164.828 Y168.669
G1 X166.357 Y166.218
G1 X167.728 Y163.568
G1 X168.905 Y160.767
G1 X169.871 Y157.868
G1 X170.020 Y157.309
G1 X171.857 Y157.846
G1 X172.910 Y158.403
G1 X171.505 Y160.916
G1 X169.974 Y163.236
G1 X168.358 Y165.328
G1 X166.712 Y167.171
G1 X165.095 Y168.753
G1 X163.571 Y170.081
G1 X162.203 Y171.175
G1 X161.050 Y172.075
G1 X160.161 Y172.837
G1 X159.569 Y173.527
G1 X159.290 Y174.223
G1 X159.319 Y175.008
G1 X159.629 Y175.959
G1 X160.171 Y177.148
G1 X160.877 Y178.632
G1 X161.665 Y180.448
G1 X162.445 Y182.610
G1 X163.125 Y185.106
G1 X163.617 Y187.900
G1 X163.847 Y190.932
G1 X163.762 Y194.124
G1 X163.327 Y197.386
G1 X162.539 Y200.622
G1 X161.418 Y203.738
G1 X160.009 Y206.650
G1 X158.379 Y209.293
G1 X156.607 Y211.618
G1 X154.785 Y213.604
G1 X153.001 Y215.253
G1 X151.341 Y216.593
G1 X149.878 Y217.670
G1 X148.667 Y218.548
G1 X147.744 Y219.300
G1 X147.126 Y220.004
G1 X146.806 Y220.737
G1 X146.760 Y221.568
G1 X146.949 Y222.558
G1 X147.322 Y223.750
G1 X147.821 Y225.174
G1 X148.386 Y226.843
G1 X148.959 Y228.757
G1 X149.486 Y230.901
G1 X149.771 Y232.435
G1 X149.720 Y232.621
G1 X151.578 Y233.080
G1 X153.457 Y233.447
G1 X155.351 Y233.722
G1 X156.460 Y232.893
G1 X156.345 Y230.121
G1 X156.048 Y227.485
G1 X155.596 Y225.032
G1 X155.030 Y222.799
G1 X154.403 Y220.818
G1 X153.774 Y219.106
G1 X153.211 Y217.664
G1 X152.780 Y216.476
G1 X152.546 Y215.509
G1 X152.564 Y214.711
G1 X152.876 Y214.016
G1 X153.504 Y213.348
G1 X154.453 Y212.622
G1 X155.701 Y211.755
G1 X157.206 Y210.672
G1 X158.904 Y209.308
G1 X160.716 Y207.618
G1 X162.553 Y205.581
G1 X164.320 Y203.200
G1 X165.927 Y200.504
G1 X167.295 Y197.546
G1 X168.362 Y194.400
G1 X169.089 Y191.153
G1 X169.461 Y187.899
G1 X169.492 Y184.734
G1 X169.219 Y181.744
G1 X168.702 Y179.001
G1 X168.016 Y176.558
G1 X167.248 Y174.445
G1 X166.486 Y172.667
G1 X165.816 Y171.206
G1 X165.314 Y170.021
G1 X165.039 Y169.058
G1 X165.033 Y168.246
G1 X165.320 Y167.512
G1 X165.901 Y166.782
G1 X166.759 Y165.984
G1 X167.863 Y165.059
G1 X169.167 Y163.957
G1 X170.619 Y162.646
G1 X172.164 Y161.105
G1 X173.745 Y159.329
G1 X174.023 Y158.608
G1 X173.227 Y159.057
G1 X172.241 Y159.975
G1 X171.489 Y160.793
G1 X170.998 Y161.566
G1 X170.781 Y162.357
G1 X170.834 Y163.235
G1 X171.134 Y164.268
G1 X171.642 Y165.517
G1 X172.300 Y167.035
G1 X173.039 Y168.857
G1 X173.778 Y171.001
G1 X174.432 Y173.463
G1 X174.919 Y176.213
G1 X175.166 Y179.203
G1 X175.115 Y182.362
G1 X174.729 Y185.607
G1 X173.992 Y188.846
G1 X172.917 Y191.984
G1 X171.543 Y194.936
G1 X169.928 Y197.625
G1 X168.153 Y199.998
G1 X166.307 Y202.024
G1 X164.486 Y203.696
G1 X162.783 Y205.038
G1 X161.280 Y206.093
G1 X160.043 Y206.927
G1 X159.118 Y207.620
G1 X158.526 Y208.260
G1 X158.265 Y208.935
G1 X158.308 Y209.726
G1 X158.611 Y210.705
G1 X159.113 Y211.925
G1 X159.743 Y213.423
G1 X160.427 Y215.214
G1 X161.092 Y217.293
G1 X161.670 Y219.639
G1 X162.107 Y222.216
G1 X162.357 Y224.977
G1 X162.393 Y227.868
G1 X162.199 Y230.833
G1 X161.776 Y233.819
G1 X161.782 Y233.959
G1 X163.692 Y233.825
G1 X165.593 Y233.597
G1 X166.005 Y233.535
G1 X166.772 Y231.188
G1 X167.507 Y228.183
G1 X167.999 Y225.133
G1 X168.236 Y222.095
G1 X168.217 Y219.133
G1 X167.961 Y216.309
G1 X167.499 Y213.682
G1 X166.883 Y211.305
G1 X166.176 Y209.215
G1 X165.452 Y207.435
G1 X164.793 Y205.964
G1 X164.278 Y204.783
G1 X163.980 Y203.849
G1 X163.962 Y203.100
G1 X164.266 Y202.458
G1 X164.913 Y201.835
G1 X165.901 Y201.139
G1 X167.199 Y200.280
G1 X168.754 Y199.180
G1 X170.494 Y197.778
G1 X172.332 Y196.035
G1 X174.172 Y193.936
G1 X175.919 Y191.496
G1 X177.487 Y188.751
G1 X178.801 Y185.763
G1 X179.809 Y182.609
G1 X180.481 Y179.376
G1 X180.812 Y176.157
G1 X180.822 Y173.037
G1 X180.553 Y170.095
G1 X180.063 Y167.393
G1 X179.425 Y164.973
G1 X178.717 Y162.856
G1 X178.154 Y161.401
G1 X178.539 Y160.688
G1 X180.201 Y161.639
G1 X181.813 Y162.671
G1 X183.373 Y163.780
G1 X184.877 Y164.964
G1 X186.321 Y166.221
G1 X186.512 Y167.530
G1 X186.472 Y170.633
G1 X186.123 Y173.831
G1 X185.444 Y177.042
G1 X184.439 Y180.177
G1 X183.133 Y183.154
G1 X181.578 Y185.894
G1 X179.842 Y188.337
G1 X178.009 Y190.443
G1 X176.173 Y192.197
G1 X174.429 Y193.609
G1 X172.865 Y194.714
G1 X171.556 Y195.573
G1 X170.559 Y196.264
G1 X169.907 Y196.875
G1 X169.605 Y197.502
G1 X169.635 Y198.236
G1 X169.953 Y199.160
G1 X170.497 Y200.339
G1 X171.189 Y201.820
G1 X171.945 Y203.626
G1 X172.680 Y205.756
G1 X173.312 Y208.188
G1 X173.773 Y210.880
G1 X174.008 Y213.776
G1 X173.982 Y216.809
G1 X173.677 Y219.909
G1 X173.093 Y223.007
G1 X172.249 Y226.038
G1 X171.176 Y228.948
G1 X169.917 Y231.694
G1 X170.175 Y232.649
G1 X172.010 Y232.105
G1 X172.165 Y231.117
G1 X172.516 Y230.662
G1 X174.079 Y228.347
G1 X175.549 Y225.796
G1 X176.868 Y223.029
G1 X177.981 Y220.081
G1 X178.844 Y217.003
G1 X179.423 Y213.858
G1 X179.703 Y210.718
G1 X179.686 Y207.659
G1 X179.396 Y204.759
G1 X178.878 Y202.085
G1 X178.194 Y199.695
G1 X177.423 Y197.627
G1 X176.651 Y195.897
G1 X175.969 Y194.499
G1 X175.463 Y193.399
G1 X175.207 Y192.543
G1 X175.261 Y191.857
G1 X175.659 Y191.251
G1 X176.412 Y190.631
G1 X177.503 Y189.902
G1 X178.890 Y188.979
G1 X180.509 Y187.789
G1 X182.281 Y186.282
G1 X184.115 Y184.432
G1 X185.918 Y182.238
G1 X187.602 Y179.723
G1 X189.089 Y176.933
G1 X190.319 Y173.933
G1 X190.764 Y172.438
G1 X191.449 Y171.935
G1 X192.543 Y173.506
G1 X193.107 Y174.387
G1 X191.648 Y176.614
G1 X189.871 Y178.831
G1 X188.053 Y180.715
G1 X186.283 Y182.261
G1 X184.651 Y183.491
G1 X183.238 Y184.450
G1 X182.109 Y185.204
G1 X181.311 Y185.836
G1 X180.866 Y186.438
G1 X180.770 Y187.105
G1 X180.992 Y187.930
G1 X181.478 Y188.991
G1 X182.155 Y190.348
G1 X182.936 Y192.040
G1 X183.729 Y194.079
G1 X184.442 Y196.453
G1 X184.991 Y199.125
G1 X185.309 Y202.039
G1 X185.343 Y205.123
G1 X185.067 Y208.297
G1 X184.473 Y211.478
G1 X183.578 Y214.588
G1 X182.416 Y217.556
G1 X181.037 Y220.326
G1 X179.499 Y222.859
G1 X177.869 Y225.132
G1 X176.211 Y227.140
G1 X174.588 Y228.893
G1 X173.053 Y230.417
G1 X171.920 Y231.489
G1 X172.110 Y232.072
G1 X172.936 Y231.573
G1 X173.161 Y230.572
G1 X173.573 Y229.640
G1 X174.192 Y228.735
G1 X175.030 Y227.813
G1 X176.088 Y226.821
G1 X177.355 Y225.706
G1 X178.803 Y224.418
G1 X180.394 Y222.910
G1 X182.074 Y221.145
G1 X183.780 Y219.101
G1 X185.442 Y216.771
G1 X186.988 Y214.166
G1 X188.348 Y211.318
G1 X189.460 Y208.277
G1 X190.279 Y205.109
G1 X190.774 Y201.894
G1 X190.939 Y198.717
G1 X190.790 Y195.665
G1 X190.368 Y192.819
G1 X189.734 Y190.246
G1 X188.967 Y187.997
G1 X188.158 Y186.096
G1 X187.401 Y184.545
G1 X186.789 Y183.317
G1 X186.402 Y182.363
G1 X186.306 Y181.611
G1 X186.544 Y180.977
G1 X187.132 Y180.368
G1 X188.063 Y179.689
G1 X189.302 Y178.854
G1 X190.796 Y177.789
G1 X192.472 Y176.439
G1 X193.609 Y175.371
G1 X193.677 Y175.332
G1 X192.845 Y175.099
G1 X192.169 Y175.730
G1 X191.838 Y176.359
G1 X191.844 Y177.077
G1 X192.153 Y177.972
G1 X192.708 Y179.119
G1 X193.433 Y180.576
G1 X194.240 Y182.378
G1 X195.033 Y184.534
G1 X195.719 Y187.027
G1 X196.212 Y189.815
G1 X196.443 Y192.833
G1 X196.361 Y196.003
G1 X195.943 Y199.237
G1 X195.187 Y202.444
G1 X194.116 Y205.538
G1 X192.776 Y208.445
G1 X191.227 Y211.106
G1 X189.542 Y213.482
G1 X187.799 Y215.555
G1 X186.074 Y217.329
G1 X184.440 Y218.824
G1 X182.955 Y220.079
G1 X181.668 Y221.143
G1 X180.609 Y222.074
G1 X179.794 Y222.930
G1 X179.223 Y223.772
G1 X178.883 Y224.652
G1 X178.750 Y225.617
G1 X178.791 Y226.704
G1 X178.969 Y227.939
G1 X179.463 Y228.796
G1 X181.098 Y227.801
G1 X182.682 Y226.726
G1 X184.211 Y225.575
G1 X185.434 Y224.565
G1 X185.097 Y223.285
G1 X184.753 Y221.913
G1 X184.525 Y220.726
G1 X184.458 Y219.701
G1 X184.593 Y218.805
G1 X184.965 Y217.991
G1 X185.595 Y217.203
G1 X186.493 Y216.378
G1 X187.650 Y215.450
G1 X189.040 Y214.354
G1 X190.622 Y213.031
G1 X192.335 Y211.434
G1 X194.109 Y209.530
G1 X195.863 Y207.308
G1 X196.715 Y206.001
G1 X197.359 Y206.194
G1 X196.765 Y208.014
G1 X195.490 Y208.600
G1 X195.021 Y208.996
G1 X193.539 Y210.140
G1 X192.288 Y211.083
G1 X191.306 Y211.894
G1 X190.608 Y212.644
G1 X190.191 Y213.404
G1 X190.037 Y214.238
G1 X190.111 Y215.203
G1 X190.371 Y216.340
G1 X190.765 Y217.680
G1 X191.392 Y218.142
G1 X190.218 Y219.655
G1 X188.972 Y221.108
G1 X187.656 Y222.498
G1 X186.274 Y223.822
G1 X184.828 Y225.076
G1 X183.322 Y226.258
G1 X181.760 Y227.365
G1 X180.146 Y228.394
G1 X178.483 Y229.342
G1 X176.776 Y230.207
G1 X175.028 Y230.988
G1 X173.244 Y231.682
G1 X171.428 Y232.288
G1 X169.585 Y232.804
G1 X167.719 Y233.229
G1 X165.833 Y233.561
G1 X163.934 Y233.801
G1 X162.026 Y233.947
G1 X160.112 Y234.000
G1 X158.198 Y233.958
G1 X156.289 Y233.823
G1 X154.389 Y233.594
G1 X152.502 Y233.272
G1 X150.633 Y232.858
G1 X148.786 Y232.353
G1 X146.967 Y231.758
G1 X145.179 Y231.074
G1 X143.427 Y230.303
G1 X141.715 Y229.448
G1 X140.046 Y228.509
G1 X138.426 Y227.490
G1 X136.858 Y226.392
G1 X135.345 Y225.218
G1 X133.892 Y223.972
G1 X132.502 Y222.656
G1 X131.178 Y221.274
G1 X129.924 Y219.828
G1 X128.742 Y218.322
G1 X127.635 Y216.760
G1 X126.606 Y215.146
G1 X125.658 Y213.483
G1 X124.793 Y211.776
G1 X124.012 Y210.028
G1 X123.318 Y208.244
G1 X122.712 Y206.428
G1 X122.196 Y204.585
G1 X121.771 Y202.719
G1 X121.439 Y200.833
G1 X121.199 Y198.934
G1 X121.053 Y197.026
G1 X121.000 Y195.112
G1 X121.042 Y193.198
G1 X121.177 Y191.289
G1 X121.406 Y189.389
G1 X121.728 Y187.502
G1 X122.142 Y185.633
G1 X122.647 Y183.786
G1 X123.242 Y181.967
G1 X123.926 Y180.179
G1 X124.697 Y178.427
G1 X125.552 Y176.715
G1 X126.491 Y175.046
G1 X127.510 Y173.426
G1 X128.608 Y171.858
G1 X129.782 Y170.345
G1 X131.028 Y168.892
G1 X132.344 Y167.502
G1 X133.726 Y166.178
G1 X135.172 Y164.924
G1 X136.678 Y163.742
G1 X138.240 Y162.635
G1 X139.854 Y161.606
G1 X141.517 Y160.658
G1 X143.224 Y159.793
G1 X144.972 Y159.012
G1 X146.756 Y158.318
G1 X148.572 Y157.712
G1 X150.415 Y157.196
G1 X152.281 Y156.771
G1 X154.167 Y156.439
G1 X156.066 Y156.199
G1 X157.974 Y156.053
G1 X159.888 Y156.000
G1 X161.802 Y156.042
G1 X163.711 Y156.177
G1 X165.611 Y156.406
G1 X167.498 Y156.728
G1 X169.367 Y157.142
G1 X171.214 Y157.647
G1 X173.033 Y158.242
G1 X174.821 Y158.926
G1 X176.573 Y159.697
G1 X178.285 Y160.552
G1 X179.954 Y161.491
G1 X181.574 Y162.510
G1 X183.142 Y163.608
G1 X184.655 Y164.782
G1 X186.108 Y166.028
G1 X187.498 Y167.344
G1 X188.822 Y168.726
G1 X190.076 Y170.172
G1 X191.258 Y171.678
G1 X192.365 Y173.240
G1 X193.394 Y174.854
G1 X194.342 Y176.517
G1 X195.207 Y178.224
G1 X195.988 Y179.972
G1 X196.682 Y181.756
G1 X197.288 Y183.572
G1 X197.804 Y185.415
G1 X198.229 Y187.281
G1 X198.561 Y189.167
G1 X198.801 Y191.066
G1 X198.947 Y192.974
G1 X199.000 Y194.888
G1 X198.958 Y196.802
G1 X198.823 Y198.711
G1 X198.594 Y200.611
G1 X198.272 Y202.498
G1 X197.858 Y204.367
G1 X197.353 Y206.214
G1 X196.758 Y208.033
G1 X196.074 Y209.821
G1 X195.303 Y211.573
G1 X194.448 Y213.285
G1 X193.509 Y214.954
G1 X192.490 Y216.574
G1 X191.392 Y218.142
; END LAYER: 13 circle 3 interior

; BEGIN CONNECTOR: 13
G1 X191.392 Y218.142
G1 X191.823 Y217.525
; END CONNECTOR: 13

; BEGIN LAYER: 14 circle 3 connector
G1 X191.823 Y217.525
G1 X192.427 Y216.667
G1 X193.451 Y215.050
G1 X194.395 Y213.384
G1 X195.256 Y211.675
G1 X196.031 Y209.925
G1 X196.720 Y208.139
G1 X197.321 Y206.321
G1 X197.831 Y204.476
G1 X198.251 Y202.609
G1 X198.578 Y200.722
G1 X198.812 Y198.823
G1 X198.953 Y196.914
G1 X199.000 Y195.000
G1 X198.953 Y193.086
G1 X198.812 Y191.177
G1 X198.578 Y189.278
G1 X198.251 Y187.391
G1 X197.831 Y185.524
G1 X197.321 Y183.679
G1 X196.720 Y181.861
G1 X196.031 Y180.075
G1 X195.256 Y178.325
G1 X194.395 Y176.616
G1 X193.489 Y175.016
; END LAYER: 14 circle 3 connector

; BEGIN CONNECTOR: 14
G1 X193.489 Y175.016
G1 X206.000 Y164.000
; END CONNECTOR: 14

; BEGIN LAYER: 15 point
G1 X206.000 Y164.000
; END LAYER: 15 point

; BEGIN CONNECTOR: 15
G1 X206.000 Y164.000
G1 X205.942 Y164.777
; END CONNECTOR: 15

; BEGIN LAYER: 16 circle 3 connector
G1 X205.942 Y164.777
G1 X205.731 Y164.444
G1 X204.176 Y162.237
G1 X202.516 Y160.108
G1 X200.752 Y158.064
G1 X198.891 Y156.109
G1 X196.936 Y154.248
G1 X194.892 Y152.484
G1 X192.763 Y150.824
G1 X190.556 Y149.269
G1 X188.276 Y147.825
G1 X185.927 Y146.494
G1 X183.516 Y145.281
G1 X181.048 Y144.187
G1 X178.529 Y143.215
G1 X175.966 Y142.368
G1 X173.364 Y141.648
G1 X170.730 Y141.057
G1 X168.070 Y140.595
G1 X165.391 Y140.265
G1 X162.699 Y140.066
G1 X160.000 Y140.000
G1 X157.301 Y140.066
G1 X154.609 Y140.265
G1 X151.930 Y140.595
G1 X149.270 Y141.057
G1 X146.636 Y141.648
G1 X144.034 Y142.368
G1 X141.471 Y143.215
G1 X138.952 Y144.187
G1 X136.484 Y145.281
G1 X134.073 Y146.494
G1 X131.724 Y147.825
G1 X129.444 Y149.269
G1 X129.263 Y149.396
; END LAYER: 16 circle 3 connector

; BEGIN CONNECTOR: 16
G1 X129.263 Y149.396
G1 X101.600 Y110.600
; END CONNECTOR: 16

; BEGIN LAYER: 17 point
G1 X101.600 Y110.600
; END LAYER: 17 point

; BEGIN CONNECTOR: 17
G1 X101.600 Y110.600
G1 X101.221 Y111.606
; END CONNECTOR: 17

; BEGIN LAYER: 18 circle 3
G1 X101.221 Y111.606
G1 X100.527 Y112.268
G1 X99.059 Y113.534
G1 X97.530 Y114.727
G1 X95.945 Y115.843
G1 X94.307 Y116.880
G1 X92.620 Y117.836
G1 X90.888 Y118.708
G1 X89.116 Y119.493
G1 X87.307 Y120.191
G1 X85.466 Y120.799
G1 X83.598 Y121.316
G1 X81.706 Y121.741
G1 X79.796 Y122.072
G1 X77.872 Y122.310
G1 X75.938 Y122.452
G1 X74.000 Y122.500
G1 X72.062 Y122.452
G1 X70.128 Y122.310
G1 X68.204 Y122.072
G1 X66.294 Y121.741
G1 X64.402 Y121.316
G1 X62.534 Y120.799
G1 X60.693 Y120.191
G1 X58.884 Y119.493
G1 X57.112 Y118.708
G1 X55.380 Y117.836
G1 X53.693 Y116.880
G1 X52.055 Y115.843
G1 X50.470 Y114.727
G1 X48.941 Y113.534
G1 X47.473 Y112.268
G1 X46.069 Y110.931
G1 X44.732 Y109.527
G1 X43.466 Y108.059
G1 X42.273 Y106.530
G1 X41.157 Y104.945
G1 X40.120 Y103.307
G1 X39.164 Y101.620
G1 X38.576 Y100.453
; END LAYER: 18 circle 3

; BEGIN CONNECTOR: 18
G1 X38.576 Y100.453
G1 X37.000 Y96.000
; END CONNECTOR: 18

; BEGIN LAYER: 19 point
G1 X37.000 Y96.000
; END LAYER: 19 point

; BEGIN CONNECTOR: 19
G1 X37.000 Y96.000
G1 X48.504 Y85.238
; END CONNECTOR: 19

; BEGIN LAYER: 20 circle 3 interior
G1 X48.504 Y85.238
G1 X48.323 Y86.252
G1 X47.498 Y85.403
G1 X47.372 Y84.133
G1 X47.308 Y82.859
G1 X47.307 Y81.583
G1 X47.369 Y80.308
G1 X47.493 Y79.038
G1 X47.679 Y77.775
G1 X47.927 Y76.524
G1 X48.236 Y75.285
G1 X48.606 Y74.064
G1 X49.035 Y72.862
G1 X49.522 Y71.683
G1 X50.067 Y70.529
G1 X50.668 Y69.403
G1 X51.323 Y68.308
G1 X52.031 Y67.246
G1 X52.790 Y66.220
G1 X53.599 Y65.233
G1 X54.455 Y64.287
G1 X55.357 Y63.384
G1 X54.455 Y64.287
G1 X53.599 Y65.233
G1 X52.790 Y66.220
G1 X52.031 Y67.246
G1 X51.323 Y68.308
G1 X50.668 Y69.403
G1 X50.067 Y70.529
G1 X49.522 Y71.683
G1 X49.035 Y72.862
G1 X48.606 Y74.064
G1 X48.236 Y75.285
G1 X47.927 Y76.524
G1 X47.679 Y77.775
G1 X47.493 Y79.038
G1 X47.369 Y80.308
G1 X47.307 Y81.583
G1 X47.308 Y82.859
G1 X47.372 Y84.133
G1 X47.498 Y85.403
G1 X48.323 Y86.252
G1 X48.504 Y85.238
G1 X48.487 Y84.177
G1 X48.298 Y83.154
G1 X47.319 Y83.192
G1 X47.302 Y81.916
G1 X47.347 Y80.640
G1 X47.455 Y79.369
G1 X47.625 Y78.104
G1 X47.857 Y76.849
G1 X48.150 Y75.607
G1 X48.504 Y74.381
G1 X48.917 Y73.174
G1 X49.389 Y71.988
G1 X50.256 Y72.186
G1 X50.986 Y74.486
G1 X51.735 Y76.455
G1 X52.418 Y78.116
G1 X52.967 Y79.514
G1 X53.333 Y80.703
G1 X53.484 Y81.743
G1 X53.409 Y82.697
G1 X53.110 Y83.621
G1 X52.604 Y84.565
G1 X51.915 Y85.568
G1 X51.075 Y86.659
G1 X50.115 Y87.859
G1 X49.071 Y89.177
G1 X48.315 Y89.395
G1 X48.698 Y90.612
G1 X49.364 Y91.643
G1 X50.591 Y89.865
G1 X51.830 Y88.209
G1 X53.056 Y86.686
G1 X54.239 Y85.305
G1 X55.343 Y84.067
G1 X56.330 Y82.963
G1 X57.160 Y81.976
G1 X57.799 Y81.076
G1 X58.213 Y80.218
G1 X58.382 Y79.351
G1 X58.300 Y78.411
G1 X57.975 Y77.330
G1 X57.438 Y76.039
G1 X56.742 Y74.476
G1 X55.960 Y72.593
G1 X55.178 Y70.362
G1 X54.498 Y67.781
G1 X54.161 Y65.729
G1 X53.593 Y65.240
G1 X54.449 Y64.294
G1 X55.350 Y63.390
G1 X56.295 Y62.532
G1 X57.281 Y61.721
G1 X58.709 Y61.771
G1 X58.810 Y63.108
G1 X59.341 Y65.978
G1 X60.068 Y68.511
G1 X60.886 Y70.679
G1 X61.690 Y72.486
G1 X62.388 Y73.964
G1 X62.905 Y75.166
G1 X63.187 Y76.159
G1 X63.203 Y77.019
G1 X62.946 Y77.820
G1 X62.424 Y78.629
G1 X61.666 Y79.505
G1 X60.708 Y80.493
G1 X59.592 Y81.624
G1 X58.363 Y82.915
G1 X57.065 Y84.373
G1 X55.736 Y85.992
G1 X54.411 Y87.762
G1 X53.115 Y89.665
G1 X51.870 Y91.680
G1 X50.852 Y93.494
G1 X50.074 Y93.886
G1 X50.675 Y95.011
G1 X51.331 Y96.106
G1 X52.442 Y96.850
G1 X53.450 Y94.504
G1 X54.549 Y92.201
G1 X55.737 Y89.966
G1 X57.007 Y87.823
G1 X58.347 Y85.799
G1 X59.735 Y83.918
G1 X61.143 Y82.201
G1 X62.534 Y80.664
G1 X63.866 Y79.316
G1 X65.091 Y78.150
G1 X66.157 Y77.152
G1 X67.018 Y76.287
G1 X67.631 Y75.510
G1 X67.967 Y74.758
G1 X68.011 Y73.959
G1 X67.770 Y73.034
G1 X67.276 Y71.903
G1 X66.583 Y70.494
G1 X65.768 Y68.751
G1 X64.927 Y66.639
G1 X64.166 Y64.153
G1 X63.594 Y61.320
G1 X63.311 Y58.213
G1 X63.305 Y58.198
G1 X64.495 Y57.736
G1 X65.706 Y57.334
G1 X66.935 Y56.991
G1 X68.083 Y56.729
G1 X68.377 Y59.519
G1 X68.979 Y62.311
G1 X69.760 Y64.752
G1 X70.611 Y66.815
G1 X71.427 Y68.506
G1 X72.109 Y69.862
G1 X72.580 Y70.940
G1 X72.784 Y71.815
G1 X72.690 Y72.571
G1 X72.291 Y73.289
G1 X71.604 Y74.046
G1 X70.662 Y74.907
G1 X69.509 Y75.920
G1 X68.199 Y77.120
G1 X66.786 Y78.523
G1 X65.322 Y80.132
G1 X63.854 Y81.937
G1 X62.423 Y83.919
G1 X61.057 Y86.052
G1 X59.778 Y88.309
G1 X58.600 Y90.660
G1 X57.527 Y93.076
G1 X56.559 Y95.531
G1 X55.690 Y98.002
G1 X55.064 Y99.986
G1 X54.687 Y100.354
G1 X55.600 Y101.245
G1 X56.556 Y102.091
G1 X57.552 Y102.888
G1 X58.557 Y102.442
G1 X58.708 Y101.768
G1 X59.335 Y99.250
G1 X60.047 Y96.705
G1 X60.859 Y94.150
G1 X61.782 Y91.605
G1 X62.823 Y89.095
G1 X63.986 Y86.648
G1 X65.264 Y84.295
G1 X66.646 Y82.071
G1 X68.108 Y80.006
G1 X69.619 Y78.130
G1 X71.136 Y76.462
G1 X72.609 Y75.016
G1 X73.983 Y73.787
G1 X75.198 Y72.760
G1 X76.200 Y71.900
G1 X76.941 Y71.154
G1 X77.386 Y70.456
G1 X77.518 Y69.728
G1 X77.345 Y68.885
G1 X76.897 Y67.842
G1 X76.230 Y66.525
G1 X75.423 Y64.874
G1 X74.571 Y62.854
G1 X73.782 Y60.458
G1 X73.160 Y57.711
G1 X73.039 Y56.678
G1 X73.034 Y56.201
G1 X74.310 Y56.220
G1 X75.584 Y56.300
G1 X76.852 Y56.444
G1 X78.111 Y56.649
G1 X78.363 Y57.665
G1 X78.581 Y58.596
G1 X79.368 Y60.948
G1 X80.208 Y62.931
G1 X80.999 Y64.552
G1 X81.646 Y65.845
G1 X82.073 Y66.868
G1 X82.223 Y67.696
G1 X82.064 Y68.411
G1 X81.590 Y69.099
G1 X80.817 Y69.840
G1 X79.778 Y70.701
G1 X78.522 Y71.737
G1 X77.107 Y72.983
G1 X75.593 Y74.459
G1 X74.039 Y76.166
G1 X72.497 Y78.094
G1 X71.012 Y80.219
G1 X69.619 Y82.511
G1 X68.342 Y84.936
G1 X67.195 Y87.458
G1 X66.181 Y90.043
G1 X65.299 Y92.660
G1 X64.538 Y95.282
G1 X63.887 Y97.886
G1 X63.328 Y100.455
G1 X62.846 Y102.979
G1 X62.494 Y105.029
G1 X62.176 Y105.700
G1 X63.343 Y106.218
G1 X64.533 Y106.677
G1 X65.745 Y107.078
G1 X66.912 Y106.453
G1 X67.226 Y104.020
G1 X67.585 Y101.524
G1 X68.006 Y98.966
G1 X68.510 Y96.355
G1 X69.115 Y93.704
G1 X69.837 Y91.031
G1 X70.692 Y88.360
G1 X71.688 Y85.720
G1 X72.829 Y83.145
G1 X74.110 Y80.672
G1 X75.514 Y78.337
G1 X77.017 Y76.177
G1 X78.580 Y74.223
G1 X80.158 Y72.497
G1 X81.695 Y71.010
G1 X83.131 Y69.758
G1 X84.404 Y68.719
G1 X85.458 Y67.857
G1 X86.244 Y67.117
G1 X86.731 Y66.428
G1 X86.903 Y65.713
G1 X86.770 Y64.887
G1 X86.364 Y63.869
G1 X85.740 Y62.588
G1 X84.973 Y60.988
G1 X84.168 Y59.070
G1 X84.357 Y58.668
G1 X85.498 Y59.239
G1 X86.610 Y59.865
G1 X87.690 Y60.545
G1 X88.735 Y61.277
G1 X89.743 Y62.060
G1 X90.712 Y62.891
G1 X91.638 Y63.769
G1 X91.389 Y64.502
G1 X90.905 Y65.200
G1 X90.123 Y65.946
G1 X89.075 Y66.807
G1 X87.806 Y67.841
G1 X86.370 Y69.087
G1 X84.827 Y70.569
G1 X83.239 Y72.291
G1 X81.661 Y74.247
G1 X80.143 Y76.416
G1 X78.723 Y78.766
G1 X77.431 Y81.263
G1 X76.284 Y83.867
G1 X75.289 Y86.541
G1 X74.444 Y89.250
G1 X73.740 Y91.961
G1 X73.163 Y94.649
G1 X72.695 Y97.294
G1 X72.316 Y99.882
G1 X72.005 Y102.404
G1 X71.744 Y104.855
G1 X71.513 Y107.235
G1 X71.449 Y108.134
G1 X72.724 Y108.194
G1 X74.000 Y108.191
G1 X75.274 Y108.125
G1 X76.113 Y107.549
G1 X76.289 Y105.216
G1 X76.485 Y102.810
G1 X76.719 Y100.328
G1 X77.011 Y97.772
G1 X77.381 Y95.149
G1 X77.850 Y92.468
G1 X78.439 Y89.748
G1 X79.164 Y87.011
G1 X80.038 Y84.286
G1 X81.069 Y81.605
G1 X82.254 Y79.006
G1 X83.583 Y76.528
G1 X85.033 Y74.209
G1 X86.574 Y72.082
G1 X88.161 Y70.175
G1 X89.744 Y68.503
G1 X91.266 Y67.071
G1 X92.668 Y65.867
G1 X93.176 Y65.439
G1 X93.975 Y66.434
G1 X94.330 Y66.911
G1 X92.860 Y68.460
G1 X91.279 Y70.347
G1 X89.737 Y72.452
G1 X88.278 Y74.753
G1 X86.935 Y77.216
G1 X85.733 Y79.807
G1 X84.684 Y82.486
G1 X83.792 Y85.218
G1 X83.053 Y87.967
G1 X82.455 Y90.704
G1 X81.983 Y93.404
G1 X81.617 Y96.049
G1 X81.335 Y98.626
G1 X81.118 Y101.129
G1 X80.944 Y103.553
G1 X80.795 Y105.901
G1 X80.731 Y106.939
G1 X80.780 Y107.101
G1 X81.993 Y106.704
G1 X83.184 Y106.248
G1 X84.352 Y105.734
G1 X85.494 Y105.163
G1 X85.337 Y104.238
G1 X85.371 Y103.621
G1 X85.518 Y101.232
G1 X85.700 Y98.764
G1 X85.937 Y96.220
G1 X86.251 Y93.603
G1 X86.662 Y90.926
G1 X87.189 Y88.203
G1 X87.850 Y85.456
G1 X88.657 Y82.712
G1 X89.619 Y80.003
G1 X90.734 Y77.364
G1 X91.995 Y74.830
G1 X93.382 Y72.438
G1 X94.868 Y70.220
G1 X95.501 Y69.395
G1 X95.822 Y69.209
G1 X96.432 Y70.330
G1 X96.987 Y71.479
G1 X97.484 Y72.655
G1 X96.887 Y72.925
G1 X95.594 Y75.401
G1 X94.435 Y77.994
G1 X93.421 Y80.668
G1 X92.556 Y83.389
G1 X91.837 Y86.127
G1 X91.255 Y88.854
G1 X90.794 Y91.546
G1 X90.438 Y94.186
G1 X90.166 Y96.760
G1 X89.959 Y99.261
G1 X89.820 Y101.336
G1 X90.290 Y101.881
G1 X91.236 Y101.023
G1 X92.138 Y100.121
G1 X92.994 Y99.175
G1 X93.803 Y98.188
G1 X94.563 Y97.163
G1 X95.272 Y96.101
G1 X94.491 Y95.563
G1 X94.653 Y94.045
G1 X95.004 Y91.430
G1 X95.452 Y88.763
G1 X96.013 Y86.061
G1 X96.701 Y83.344
G1 X97.526 Y80.637
G1 X98.235 Y78.681
G1 X99.045 Y78.567
G1 X99.192 Y79.835
G1 X99.277 Y81.108
G1 X99.299 Y82.384
G1 X99.259 Y83.660
G1 X99.156 Y84.932
G1 X98.991 Y86.197
G1 X98.764 Y87.453
G1 X98.475 Y88.696
G1 X98.126 Y89.923
G1 X97.718 Y91.132
G1 X97.250 Y92.320
G1 X96.724 Y93.483
G1 X96.143 Y94.618
G1 X95.506 Y95.724
G1 X94.815 Y96.797
G1 X94.073 Y97.836
G1 X93.281 Y98.836
G1 X92.441 Y99.796
G1 X91.554 Y100.714
G1 X90.624 Y101.588
G1 X89.652 Y102.415
G1 X88.640 Y103.193
G1 X87.591 Y103.920
G1 X86.508 Y104.595
G1 X85.394 Y105.216
G1 X84.250 Y105.782
G1 X83.079 Y106.291
G1 X81.886 Y106.742
G1 X80.671 Y107.133
G1 X79.439 Y107.465
G1 X78.192 Y107.736
G1 X76.933 Y107.945
G1 X75.665 Y108.092
G1 X74.392 Y108.177
G1 X73.116 Y108.199
G1 X71.840 Y108.159
G1 X70.568 Y108.056
G1 X69.303 Y107.891
G1 X68.047 Y107.664
G1 X66.804 Y107.375
G1 X65.577 Y107.026
G1 X64.368 Y106.618
G1 X63.180 Y106.150
G1 X62.017 Y105.624
G1 X60.882 Y105.043
G1 X59.776 Y104.406
G1 X58.703 Y103.715
G1 X57.664 Y102.973
G1 X56.664 Y102.181
G1 X55.704 Y101.341
G1 X54.786 Y100.454
G1 X53.912 Y99.524
G1 X53.085 Y98.552
G1 X52.307 Y97.540
G1 X51.580 Y96.491
G1 X50.905 Y95.408
G1 X50.284 Y94.294
G1 X49.718 Y93.150
G1 X49.209 Y91.979
G1 X48.758 Y90.786
G1 X48.367 Y89.571
G1 X48.035 Y88.339
G1 X47.764 Y87.092
G1 X47.555 Y85.833
G1 X47.408 Y84.565
G1 X47.323 Y83.292
G1 X47.301 Y82.016
G1 X47.341 Y80.740
G1 X47.444 Y79.468
G1 X47.609 Y78.203
G1 X47.836 Y76.947
G1 X48.125 Y75.704
G1 X48.474 Y74.477
G1 X48.882 Y73.268
G1 X49.350 Y72.080
G1 X49.876 Y70.917
G1 X50.457 Y69.782
G1 X51.094 Y68.676
G1 X51.785 Y67.603
G1 X52.527 Y66.564
G1 X53.319 Y65.564
G1 X54.159 Y64.604
G1 X55.046 Y63.686
G1 X55.976 Y62.812
G1 X56.948 Y61.985
G1 X57.960 Y61.207
G1 X59.009 Y60.480
G1 X60.092 Y59.805
G1 X61.206 Y59.184
G1 X62.350 Y58.618
G1 X63.521 Y58.109
G1 X64.714 Y57.658
G1 X65.929 Y57.267
G1 X67.161 Y56.935
G1 X68.408 Y56.664
G1 X69.667 Y56.455
G1 X70.935 Y56.308
G1 X72.208 Y56.223
G1 X73.484 Y56.201
G1 X74.760 Y56.241
G1 X76.032 Y56.344
G1 X77.297 Y56.509
G1 X78.553 Y56.736
G1 X79.796 Y57.025
G1 X81.023 Y57.374
G1 X82.232 Y57.782
G1 X83.420 Y58.250
G1 X84.583 Y58.776
G1 X85.718 Y59.357
G1 X86.824 Y59.994
G1 X87.897 Y60.685
G1 X88.936 Y61.427
G1 X89.936 Y62.219
G1 X90.896 Y63.059
G1 X91.814 Y63.946
G1 X92.688 Y64.876
G1 X93.515 Y65.848
G1 X94.293 Y66.860
G1 X95.020 Y67.909
G1 X95.695 Y68.992
G1 X96.316 Y70.106
G1 X96.882 Y71.250
G1 X97.391 Y72.421
G1 X97.842 Y73.614
G1 X98.233 Y74.829
G1 X98.565 Y76.061
G1 X98.836 Y77.308
G1 X99.124 Y79.045
G1 X98.836 Y77.308
G1 X98.565 Y76.061
G1 X98.233 Y74.829
G1 X97.842 Y73.614
G1 X97.391 Y72.421
G1 X96.882 Y71.250
G1 X96.316 Y70.106
G1 X95.695 Y68.992
G1 X95.020 Y67.909
G1 X94.293 Y66.860
G1 X93.515 Y65.848
G1 X92.688 Y64.876
G1 X91.814 Y63.946
G1 X90.896 Y63.059
G1 X89.936 Y62.219
G1 X88.936 Y61.427
G1 X87.897 Y60.685
G1 X86.824 Y59.994
G1 X85.718 Y59.357
G1 X84.583 Y58.776
G1 X83.420 Y58.250
G1 X82.232 Y57.782
G1 X81.023 Y57.374
G1 X79.796 Y57.025
G1 X78.553 Y56.736
G1 X77.297 Y56.509
G1 X76.032 Y56.344
G1 X74.760 Y56.241
G1 X73.484 Y56.201
G1 X72.208 Y56.223
G1 X70.935 Y56.308
G1 X69.667 Y56.455
G1 X68.408 Y56.664
G1 X67.161 Y56.935
G1 X65.929 Y57.267
G1 X64.714 Y57.658
G1 X63.521 Y58.109
G1 X62.350 Y58.618
G1 X61.206 Y59.184
G1 X60.092 Y59.805
G1 X59.009 Y60.480
G1 X57.960 Y61.207
G1 X56.948 Y61.985
G1 X55.976 Y62.812
G1 X55.046 Y63.686
G1 X54.159 Y64.604
G1 X53.319 Y65.564
G1 X52.527 Y66.564
G1 X51.785 Y67.603
G1 X51.094 Y68.676
G1 X50.457 Y69.782
G1 X49.876 Y70.917
G1 X49.350 Y72.080
G1 X48.882 Y73.268
G1 X48.474 Y74.477
G1 X48.125 Y75.704
G1 X47.836 Y76.947
G1 X47.609 Y78.203
G1 X47.444 Y79.468
G1 X47.341 Y80.740
G1 X47.301 Y82.016
G1 X47.323 Y83.292
G1 X47.408 Y84.565
G1 X47.537 Y85.676
; END LAYER: 20 circle 3 interior

; BEGIN CONNECTOR: 20
G1 X47.537 Y85.676
G1 X37.000 Y96.000
; END CONNECTOR: 20

; BEGIN LAYER: 21 point
G1 X37.000 Y96.000
; END LAYER: 21 point

; BEGIN CONNECTOR: 21
G1 X37.000 Y96.000
G1 X39.506 Y102.223
; END CONNECTOR: 21

; BEGIN LAYER: 22 circle 3 connector
G1 X39.506 Y102.223
G1 X39.164 Y101.620
G1 X38.292 Y99.888
G1 X37.507 Y98.116
G1 X36.809 Y96.307
G1 X36.201 Y94.466
G1 X35.684 Y92.598
G1 X35.259 Y90.706
G1 X34.928 Y88.796
G1 X34.690 Y86.872
G1 X34.548 Y84.938
G1 X34.500 Y83.000
G1 X34.548 Y81.062
G1 X34.690 Y79.128
G1 X34.928 Y77.204
G1 X35.259 Y75.294
G1 X35.684 Y73.402
G1 X36.201 Y71.534
G1 X36.809 Y69.693
G1 X37.507 Y67.884
G1 X38.292 Y66.112
G1 X39.164 Y64.380
G1 X40.120 Y62.693
G1 X41.157 Y61.055
G1 X42.273 Y59.470
G1 X43.466 Y57.941
G1 X44.732 Y56.473
G1 X46.069 Y55.069
G1 X47.473 Y53.732
G1 X48.941 Y52.466
G1 X50.470 Y51.273
G1 X52.055 Y50.157
G1 X53.693 Y49.120
G1 X55.380 Y48.164
G1 X57.112 Y47.292
G1 X58.884 Y46.507
G1 X60.693 Y45.809
G1 X61.121 Y45.668
; END LAYER: 22 circle 3 connector

; BEGIN CONNECTOR: 22
G1 X61.121 Y45.668
G1 X66.000 Y40.000
; END CONNECTOR: 22

; BEGIN LAYER: 23 point
G1 X66.000 Y40.000
; END LAYER: 23 point

; BEGIN CONNECTOR: 23
G1 X66.000 Y40.000
G1 X93.000 Y25.000
; END CONNECTOR: 23

; BEGIN LAYER: 24 point
G1 X93.000 Y25.000
; END LAYER: 24 point

; BEGIN CONNECTOR: 24
G1 X93.000 Y25.000
G1 X112.000 Y12.000
; END CONNECTOR: 24

; BEGIN LAYER: 25 point
G1 X112.000 Y12.000
; END LAYER: 25 point

; BEGIN CONNECTOR: 25
G1 X112.000 Y12.000
G1 X122.000 Y0.000
; END CONNECTOR: 25

; BEGIN LAYER: 26 point
G1 X122.000 Y0.000
; END LAYER: 26 point

; BEGIN CONNECTOR: 26
G1 X122.000 Y0.000
G1 X122.000 Y0.000
G1 X0.000 Y0.000
G1 X0.000 Y390.000
G1 X0.000 Y390.000
; END CONNECTOR: 26

; BEGIN LAYER: 27 END
G1 X0.000 Y390.000
G1 X0.000 Y390.000
; END LAYER: 27 END

